x1,x2,x3,x4,x5,x6,y
0.3459092474139724,0.7543828168216388,0.37731612423611394,-0.4833533948043679,0.1315137875740462,0.36539657073727316,-0.2505538540485848
-0.37855397264820256,-1.0,0.4778453681038199,-1.0,-0.1263495764044793,-1.0,7.168016635158349
0.8707423719062877,0.5551211717894956,-0.8786159008764131,-0.34642281709808,0.43027718673917836,-0.8607434220041219,-0.9203461583364058
1.0,0.18616766925409056,0.9754816774433415,0.8640663592181694,0.08274646394207186,0.4998757777307053,-1.9343253475586335
-1.0,-0.343313055446392,0.3488834187723173,0.28264636892022055,0.20351392210750152,-0.21834379086975914,0.5771937006679886
1.0,1.0,1.0,0.47480417865352154,-0.29728367466917033,0.6821576580512914,-3.162305770414983
0.3945447212906983,0.23675730202096168,-0.19663339085873122,-1.0,0.2833356130030858,0.14382906751854785,-0.323696590001024
-0.537317954733471,0.46310731148408224,-1.0,-0.7199171562144312,-0.13112461135144404,0.21967927716464836,0.30089438884788255
-0.1080439485754825,-0.9643869393560804,-1.0,-0.9431444469057355,-1.0,0.4434503175196641,1.6656770120804478
-1.0,0.39644509224243707,-0.6361714394319201,-0.6179428269311613,-0.12006942629846634,0.8680486050362441,4.075808611418437
-0.5942696563201306,0.4612148207628582,-1.0,0.8312321950061988,0.18253594718800067,1.0,7.088202183844696
-1.0,-0.6856023959614266,-1.0,-0.30251800435003795,1.0,1.0,5.604722742355931
1.0,0.18391585606739713,1.0,0.38669978723487664,-0.12268237944434612,-0.11458769424944582,1.3836999546087774
-1.0,-1.0,-0.32861875669184193,-0.7257418997287346,-0.8980959752063256,-0.6432587611021947,1.8901639093985703
0.48611346951470324,-0.5909497311127561,-0.9880883104284431,0.7648326911494737,-1.0,-0.012421048432022463,1.9031751418271003
-0.5709868642367888,-1.0,-0.15347090613015912,0.09744849963778424,-0.0956799195017407,-0.3313519937233106,-1.5204945640181577
-0.6344452626009127,-0.5965060658358309,-0.04605864937522697,0.7173061251877875,-0.7694798534429867,-0.617202350781421,-0.5569570414711458
0.1933458082351538,1.0,-0.3988008001332967,0.8658183366103442,0.7663924951413297,0.7920015658475519,1.7808115315095792
-1.0,-1.0,-0.6313748510630024,0.49798244597519625,1.0,0.6038446396803014,-0.051960096465120814
-0.5081630797224866,-0.3298575205161143,0.5682852134943674,0.22076266253699006,1.0,0.26106971797900924,0.3476941090187219
0.8028508961351815,-0.7316471196348543,-0.7535413660559743,-1.0,0.09154617025833325,0.41775814983948023,-1.0306050020579531
-0.8405106279259553,-1.0,-1.0,-1.0,-1.0,-1.0,4.550420446186645
1.0,0.20102411271958953,0.22346439382286154,0.11220357327812647,0.09931022223890218,0.32258291292682695,-0.6113877696025218
-0.30677519955199917,-1.0,-0.31305144757347225,-1.0,-1.0,-0.2645170413592868,3.980385108544544
0.3339559724678194,0.018511128428175594,-1.0,0.6279024643226175,0.2799422790258995,-0.31922949021034064,-0.9531315343712943
-0.5122035274349992,-1.0,-1.0,-0.64328398836321,0.15656781208607795,1.0,0.599070950123217
0.0027013906998101245,1.0,1.0,-0.39062421684870796,1.0,0.8645125382210586,-0.0582343979361436
-0.21759407998044425,-0.68282752543071,0.5294420278326945,0.5761575002917112,-0.7262254416188357,-0.5619218914273048,1.7141315267591635
-1.0,-0.5548768278972634,-1.0,-0.7231310814405286,-0.07330646379116423,1.0,5.105256143525165
-0.1436211785269461,0.2721823113744891,-1.0,-0.13887498353789263,-0.38263396828343926,0.2192177407080419,-0.6659484062592643
0.6892941905454875,0.9793924130206235,0.19093033306511553,1.0,1.0,0.4205141613939002,-1.9418819014015205
1.0,0.029448965442153474,0.23085274453678117,1.0,-1.0,-1.0,9.488734172220155
-0.00993996964852012,-1.0,-1.0,0.24610834875455756,0.04692789077860371,-0.0009105005476841566,-3.2299986218130057
-0.7802673189764138,0.02649006591709191,1.0,-0.32881356539702966,1.0,-0.585515372232537,1.7852003089267923
1.0,0.12861521772739115,-0.6655482045708474,0.2331179919531381,-1.0,-0.6358801324557051,4.415530411587387
1.0,0.6602727577961689,1.0,1.0,-0.6469310130689829,-1.0,7.0230258641807115
0.30556006925452645,0.8324634435406929,0.5308467936658325,-0.6095103646763373,0.6682349426910648,0.5032939239771902,-0.15914256413092565
-1.0,0.729149801227129,-0.8755532342235706,-1.0,-1.0,-1.0,-0.8273044631136882
0.042198650913299746,0.2847695711954115,0.5419956077428414,-1.0,-0.4441503246557746,0.9048769720566247,2.439708140812577
-0.994036712399494,0.1500222511171665,-1.0,0.5174791227788998,-1.0,-1.0,1.2897525610378118
-0.011194904224793856,0.7010751797378825,-1.0,-0.20276866525171555,0.8817547377698243,-0.5873476233472552,-0.4696771083582549
0.8889618785809812,-0.11043048225159247,-0.11523986993430202,0.29418415160949696,-1.0,1.0,6.24929373674409
1.0,1.0,1.0,0.42673486370330216,-0.4497516221467034,-1.0,3.3009941348540255
-0.6843332245492759,-0.5013559806387605,-0.2567064218403148,-0.5269381653226127,0.2328750781814881,-1.0,3.9259228748383648
0.7318649687190815,1.0,0.22516334117306558,0.0116743997600397,-0.7859083755528545,1.0,5.1380805909316
-0.02119034946571141,0.12510916828941818,0.4021586031097649,-1.0,-1.0,-1.0,2.2588364129047527
-0.1197830718059536,-1.0,0.11258043946932006,-1.0,0.07006411873078555,1.0,-0.18535461435079315
-1.0,-0.9539916001188329,-1.0,-1.0,0.2128241388467047,-0.01959135504407683,-6.617497044819086
0.2946563377709057,0.5569180763855994,0.47954841160654493,0.02484851522502529,-1.0,-1.0,2.6210374179514897
-1.0,-0.17869116998348988,-0.183227719264913,-1.0,0.6304747681575856,1.0,3.3090623472541365
-1.0,-0.5420834417442724,-0.3955208180270945,-0.8272533837615755,-1.0,-0.13283340826597767,0.0756789085919003
-1.0,-0.6471509463096561,0.010922597337429618,0.41126280268208276,-0.9227892998445477,-1.0,0.19143624435980627
-0.24755952462696706,-0.32294729103989117,0.36132650782463277,-0.01982195081210758,0.438448494597351,-0.42841755337789555,0.3677666454202868
1.0,-0.04316497310696976,-0.33170232115187814,-1.0,1.0,1.0,0.9944591368378155
-0.05536325699117706,1.0,1.0,0.740410422612884,0.7640535903604599,1.0,-4.019663249196746
-0.6295547207588276,-1.0,-0.8479535884291253,-1.0,1.0,-1.0,2.8450210576003627
0.6700668499192196,1.0,0.5145991328501407,1.0,0.5101060898431277,0.3747694855314234,-3.6977364808465536
-0.20375380103312957,0.5930243005200194,-0.5291547549812283,-1.0,-0.4791508038059398,-0.7657344165977216,-0.6660052866315077
0.4161070167216788,-0.6594023958120364,-0.28952440796446455,0.39214265728138553,0.9127977906271825,1.0,3.3024651784388435
1.0,0.6247311936955822,-1.0,0.06658093368522511,0.292877438864635,1.0,3.6585456053636367
-0.580621770695463,1.0,0.5729304892777025,-1.0,-0.47424482007922714,1.0,1.9987923446219598
0.9776907079376749,0.8223043072088567,1.0,1.0,0.7136012666067513,-0.2576611317888218,-4.5393243320832095
1.0,0.4738386236535783,0.2271870753944506,0.9076858004306836,-0.9687420863943181,-1.0,9.373087361281632
0.3520236553795943,-0.3609376032190677,-0.06343524006424336,-1.0,-0.5878987144149572,-1.0,4.493066922626165
-0.028083908744378272,-0.3297407190114239,-1.0,-1.0,-1.0,0.8735366813555875,5.851672506494006
0.6130886060291099,-0.18282135081043463,1.0,0.5514788843382267,-0.9102698231005901,-1.0,4.226034436945572
-0.402899665089153,-0.9161788460579332,0.4376567386113639,0.9099724065676891,0.6827780444630369,-0.2721032553989685,0.2896171881034771
1.0,-0.16203298117875997,1.0,0.3621011109121355,-0.8742079734531103,0.3792952071492219,3.547580858837197
-1.0,1.0,0.25704553451932666,-0.5663879696331124,0.053630632640494946,0.2592001504245482,-0.2965534713599324
-1.0,-0.20572534416266497,-0.4884219015790321,-1.0,-0.9260657031920511,0.5086621948182851,-0.6114854269550799
0.6310157758109045,0.9245690196864386,1.0,1.0,0.6769727880187333,0.8529149076993857,-6.9726032926142665
0.771564006518587,-0.8206524320906148,0.6926016309471119,-1.0,-0.12189718898689966,1.0,0.8234892909289871
-1.0,-0.7502761320001545,-1.0,0.6954676581681285,1.0,0.148960534848134,-3.705726853196609
0.998924263131794,-0.3537818738632873,1.0,-0.15498129008792538,0.5154142963629038,1.0,-5.4527283046302415
-1.0,0.5472069014721916,1.0,0.55350066570676,-0.07600431447767561,-0.041246277352603555,-1.780895618491637
0.025117185628862254,-1.0,-1.0,-0.8465499960151955,1.0,-0.7916451163673592,-1.5412720242622313
0.13114642504036766,-0.2738049036541266,0.8108853493110604,0.4484610931659754,0.01186867437158598,0.6432567992704165,-1.327831643131011
-0.03739426078168623,0.28254887993104516,0.5264841879659975,-0.5592130965485893,-0.052750875800330055,-0.8730532989046972,1.650799857235356
0.005177966238367776,-0.660495018561428,0.7142189224877953,0.9580250331591303,1.0,0.21786487412272648,-0.8479228379058481
-0.06835706470859293,-0.8324154608259449,-1.0,-0.2336716527731979,-0.9015039707390176,0.2634194970782316,-1.2627668466796966
-0.13081460652486804,-0.2132471943682212,0.687534658890945,-0.665434152947983,-1.0,-0.6763814328701228,1.6172140056835267
-0.4323140516768864,-1.0,-0.13062502339464155,-0.1220084940754772,1.0,1.0,3.313267918661296
0.934555948782869,1.0,-0.4538478863929762,0.06549957608870494,1.0,0.5411873981150161,0.1705995681501969
1.0,0.46399861992418723,0.042605197454769206,1.0,0.5428532266530497,-1.0,3.243833853964225
-1.0,-1.0,-1.0,-0.7358211696049195,0.6329750613613028,0.6250649867432532,-3.6910958614917004
0.020332856452654702,-0.8012815008985392,-0.9559677212630266,-1.0,0.11731097420291348,0.774630943163763,-1.2031443511149233
0.35515867263430567,0.17519811346585912,1.0,1.0,0.17274222892351143,1.0,-3.802111025414308
-1.0,-1.0,-0.5502729343725608,-0.11772725125660327,-0.32241572639809407,1.0,-0.4134130543329363
-1.0,-1.0,-1.0,-0.41556360060765707,-0.5636141012797643,-0.2958733267572703,-4.4248335703869275
1.0,0.15324206522214823,1.0,1.0,1.0,1.0,-5.221073961329217
-0.6319877507934661,-0.7852877240392941,-0.9318709260412352,-0.7910884081013339,0.6782198155595487,1.0,2.285139290232226
-0.5258410305168015,-1.0,-0.27893692979132667,-1.0,0.4109884376081858,0.3789418785839034,-1.100328400933449
-1.0,-0.9655575879881939,-0.26070343825846054,1.0,-0.20991518882231697,-0.8793908988779069,-0.051360754622045146
-0.2150348473737198,-0.3608261738648637,-1.0,-0.7025432191194341,1.0,1.0,6.2258042566689475
0.4249503921067411,0.1348373162939881,0.3084997054970182,0.03536741847393127,0.19005599336622714,0.6147278221127108,0.17899100922385608
-1.0,-0.6458351766755055,-1.0,-0.4717788190473762,-0.685038892603582,-1.0,3.309631979281747
-0.4858663461440471,-0.24516852239655285,0.3766432129331574,-1.0,-0.1591281589121165,-1.0,2.642203970089529
-0.19309371225449096,-0.08519257961947341,0.641727897984211,-0.0365258628328676,0.456422741228776,1.0,0.9590964579462754
-0.9917254202928669,-0.026672037434007256,-1.0,-1.0,0.010749771972261013,1.0,5.7555263092511515
1.0,1.0,-0.4935854648645841,-0.5585605707591315,0.6390722769844348,1.0,4.560785695213426
-0.255773286699846,-0.4109392015688633,-1.0,0.16499274089883215,-1.0,-0.434591571723226,-1.1112916215006021
-1.0,-1.0,-0.4090226637376747,-1.0,-0.7389794005938468,-1.0,5.556361522450023
-1.0,-0.8511086953955089,-0.5279602144955969,-0.9615132661678649,-0.24114195677506167,-0.1695701665708224,-2.1764195098053913
0.9667919512070592,1.0,-0.6655551279716603,1.0,0.9720027572892007,-0.17398949959791032,-1.837800329663553
0.6933761976349162,0.6732006419639699,-0.18836808340876565,0.6584586864187651,0.040189250102232954,-1.0,3.343346504534386
0.7716891556121357,1.0,0.003981749884784724,0.25423841025078864,0.8999746995420785,1.0,2.3780593256344438
0.0215841047441796,0.48719636150550616,-0.33337726020806446,-0.503553318348746,-0.17672825138525816,-1.0,2.120983364991682
0.8092058378336513,0.664023357552969,-0.0753649673616183,0.6567956856673327,0.5922504478596625,1.0,2.1296252164375233
0.18117009240209625,0.2057155018865109,1.0,-0.5636274018692813,-1.0,-0.9125217916936759,0.4677252783595907
-0.13011834335386385,0.037443086771490997,-0.26715893072062824,1.0,-0.6178665288415611,-0.00678335933852714,-0.07676622555274948
0.9464332137864807,0.7307070291071862,1.0,0.8529954133420717,-0.44659838691281994,-0.020624033699548905,0.40936783003291344
1.0,0.8221619305663697,1.0,0.9723871309905843,-0.06186568178876514,0.14568092460563553,-1.4639096144584471
-0.1048414469207325,-1.0,-0.4360357339936524,-0.6089401048045733,-1.0,-0.06336679794978939,1.2308159404607468
-0.750871026074197,0.4694127611221452,-0.6437510520273718,-0.0816712886956012,0.9543877841946649,0.5199612350536952,4.1756225334536206
-0.9187791258122203,-0.9469446876916386,-0.8642415642983994,-0.8675672667752794,-1.0,-0.13361186386919188,-2.210769878238548
1.0,0.10061340263544127,-1.0,0.1788648572860353,-0.25557268119562027,-1.0,2.595743084274565
1.0,1.0,1.0,1.0,-0.5362794516761762,0.8895971888590815,-1.3548431118604225
-0.30932451299864394,-1.0,0.4964605584495191,-0.6199853217836826,-1.0,-0.05908455240380284,3.726281097918716
-0.09151079587854866,0.31892440529169575,-1.0,1.0,-1.0,-0.07067160196500699,0.02622297327526213
-0.06621104630882313,0.9134650098777859,0.20485554643154424,1.0,-1.0,-0.7988436268859784,3.2828837970547013
0.48456695396261107,-0.5633767614407252,-0.12992561497465982,-0.02965265153670371,0.22287230269522568,-1.0,3.655982661398122
0.6048654566419134,-0.7474916024537814,1.0,-0.8423301103823873,-1.0,-0.6340617221232373,8.304996494158324
-0.5434316018734378,-1.0,-0.7338596305706115,-0.885029619484287,-0.7118577567413722,-0.27850212927990264,-0.31455224435497314
-0.39122720907750974,-1.0,-1.0,-0.43255242752979606,-1.0,-0.08170874500091885,-2.3126373589396447
-0.24049658609122,0.24253287716163766,-0.2756611716338071,0.06933493773505939,0.14724352640268024,-0.11265357942255666,-0.03518043595035221
-0.8374628958855144,-1.0,-0.7308221307613236,-0.23899368721267183,-0.36479727039992693,-0.5338078751299213,-1.8473878319911416
-1.0,-1.0,-1.0,-0.8393856697830273,1.0,1.0,0.20055561996887195
-0.814078041995836,-1.0,-0.892308264960771,-1.0,1.0,-0.3935342145512901,-3.3674097226293624
0.638887288334169,0.32374674514055135,-0.8427943996739066,1.0,-1.0,0.8794068323308925,5.953362296888139
1.0,1.0,1.0,-0.1192002706804069,-0.5369438603937752,0.2578268555400519,-0.2515601669338507
0.08197320277766373,0.9162477983270936,0.6789414075183589,1.0,0.274540169010424,-0.47883076481245507,-1.3625632888776196
-0.22250078654331668,-1.0,0.9979289951990633,-0.9638025013901677,0.18786896222696248,-1.0,6.283106308052421
-1.0,-1.0,-0.19729559121132378,-0.6249233659823246,-0.8067172710909819,0.8610962375975754,-1.4740924375225557
0.02256426814600823,-0.9542821303476228,0.4946596769607319,0.2953721702811049,-0.8002914106526351,-0.0011065960573950484,1.4494433171888892
0.8025628812850868,0.5058267772617391,-1.0,0.0732664527295262,1.0,-1.0,-3.4704602831209628
0.8139176705096821,0.8087605858386275,0.5769640061912529,-0.7448739673842188,-1.0,-0.9451281788885388,4.93367731897011
-0.5642009308864941,-1.0,0.6068113841060999,-0.616306415668889,1.0,1.0,0.7290299354454752
-0.6048914077121486,-0.21954170880280421,-0.08602076125853464,-1.0,1.0,0.30888699186964175,3.7147687687240345
0.9530833149512864,0.029926559116407292,0.34160104251616924,1.0,-0.18756099602338322,-0.16107555925939787,-0.19688794728071457
1.0,0.6267208196801528,0.938650563871757,0.35572280253844796,-0.6725494005015009,0.6639162304463174,1.602926536212827
0.49483370891488304,-0.8231688439452768,0.49502351656825794,-0.21122398416170768,0.9374940564246104,1.0,0.2049643932914076
0.8205941491184318,0.5178558820411052,-0.25851260698923506,0.421080535154177,-0.6733938501633436,0.13342011988623148,2.4260298618681673
0.33643019051906176,0.6391641340759924,0.5576671199326999,1.0,-0.6086831402949827,0.00259616550527067,1.146067776111579
-1.0,-0.5402004392778847,-1.0,-0.005716224799712011,-1.0,-0.1024368561385336,-4.575441060925947
0.03821346750643906,1.0,0.5693902198477343,1.0,0.620837332780935,0.6138416380412712,-2.5954624463853415
-0.2796346246991437,-1.0,-0.20791436320900558,-0.8917188187104561,-0.10960812819294974,0.6641380525643007,-0.6728976155183531
1.0,0.147231015473956,0.3723374119930263,0.20904689901616047,-0.5666982726448904,1.0,3.7264500534732683
0.6213468813315645,0.025480206148362883,-0.036030779858609696,-1.0,-0.7298781436434988,0.45662403517355543,3.3014985777660915
0.009098087500651608,0.8011556003797791,-0.01847116114307852,0.14060621263558593,1.0,-0.40790234375146084,1.2485003566481423
-0.2621957114789435,-1.0,-0.7921049556082496,-1.0,-1.0,-0.49857023802012157,4.015168798213595
1.0,0.18567288774144775,0.2011222738740126,0.6386533341015808,1.0,0.32699316810821144,-2.4445736519733283
1.0,0.47429968638020004,1.0,1.0,0.41450525075374317,0.4022843702025501,-4.615595819777295
1.0,0.6299472178569081,0.6027671197925015,1.0,-0.6172730437830108,-0.8582058372212826,7.571363906950245
-1.0,-0.5566564197105832,-1.0,-1.0,0.38664052180251995,-0.06332283060506017,-4.408919734043114
-1.0,-0.18550138372117886,0.14774727010650834,0.45091575786502036,0.24544886213614037,-0.05197423017220676,0.6452915710928195
-0.3540871964132172,-1.0,-0.3935483309811385,0.6147230711513818,-0.8492770293039806,-0.9394170502132206,0.2130859033624713
-0.31442419985772485,-0.524441027882607,-1.0,0.045488015626278244,1.0,-0.1265304876983951,-2.082809773138095
1.0,0.7522598929802273,1.0,0.5629851582837073,-0.5092407131104948,-0.5884283051737101,4.401430062968674
0.5719627918748331,-0.037900029335874996,-1.0,0.30361725875934187,0.7269004330060767,-0.772336057359673,-2.7159500807487955
0.526153039345004,1.0,0.1890789608757637,1.0,1.0,1.0,0.6730844136784299
-1.0,-1.0,0.30335908606942275,-1.0,1.0,1.0,1.2762451461950206
0.14189724645181223,0.7960009576897202,0.9696380474912276,1.0,-1.0,-0.1885516355180491,0.07287445689479244
0.547325540082337,-1.0,-1.0,-0.045711653794600626,-0.6797250848945998,-0.7037426695889608,0.9893989526368299
-1.0,-4.410322648062959e-05,-1.0,-0.891105446030098,0.16000700894532027,-0.2703208019221257,-1.6361581713128797
-0.7392166441466532,0.868034877521847,1.0,0.2370986165067578,-0.3408463169942911,1.0,-2.97734666794321
-0.5063826197638318,-0.45079340252048583,-1.0,-1.0,-0.4506662854061727,-0.8757749220155693,1.1707654378260912
0.05704784677891306,0.5763203387009486,-1.0,-1.0,1.0,0.45646507338023035,3.961951986320143
1.0,1.0,0.6322159847215354,0.31998123663360145,-1.0,-1.0,6.467815517562983
-1.0,-0.20936357106163261,-1.0,-1.0,1.0,-1.0,7.002416794326799
0.21493082557367893,0.34634167994699144,-0.7814172022639864,0.0582679333652219,0.797921330256202,0.9937613960819998,5.523256282022355
-0.1832035682893327,-1.0,-0.3851995391142473,-1.0,0.36453228207131244,-0.8245976687754408,3.2581925010059294
-0.6122450289733857,-1.0,-0.6066737809677978,-0.09455178271008147,-0.06277631675799156,-0.0764900321452312,-1.5566833243992666
-0.9160966238996487,-0.5985016370669562,-0.5269117771833329,-0.498707135858788,0.7447433787271431,0.08549464513278038,0.11348028604344074
-1.0,-0.9253409409235827,-0.6880759140761112,-1.0,-0.7337560566774162,0.5784768538850349,-1.888584122597968
-0.038050838412010624,-0.1352644811575825,-1.0,-1.0,1.0,0.6931400468496374,2.666832191928962
-0.36286018905243617,-1.0,-0.014858370019529887,-1.0,-0.22113473555723961,-0.9356159248053968,5.247172270572393
0.4884983858502425,-0.2395910686567622,-0.249933413423175,1.0,-1.0,-0.09525135385627315,2.471981471122793
0.591160574448506,1.0,-0.4821728381500207,1.0,-1.0,-1.0,8.858519579439665
-1.0,-1.0,0.2611750398701259,-1.0,0.8723087756847495,1.0,1.188132898029122
1.0,1.0,0.9630368529313561,0.04492566350334526,1.0,0.7882254943191146,-5.676486026520182
1.0,0.059198169428787084,1.0,1.0,0.4466483198673866,0.2389070423682247,-3.7976873377975346
-0.4254149768122568,0.835927505418219,1.0,-0.06686512206558204,0.8921509417892046,0.11499189766035034,-2.0492648245858707
-0.4998973288187123,-1.0,0.911386620174766,-1.0,-0.8273311446440658,0.7937349317276576,0.26830034599001207
-0.8031111940425563,-0.7682819350675424,-0.3960729684004275,-0.013945103609923959,0.7939009217358998,0.6046249621018469,1.6015742490078613
-0.03134770208173199,1.0,1.0,0.35110825880946583,-0.6119425310706441,-1.0,-1.1637790110561457
-0.15374806057827328,-0.29759341595298505,0.20527603547820672,0.18292381305076622,-0.8036395952232135,0.29543758965398215,-0.34051671624118324
0.1590678666228672,0.12490735032788705,-0.27801220948844996,-0.6555070052216379,-0.854403285837197,-0.794762795154888,1.3093298283455213
0.9209974756842059,-0.21899554208334188,-1.0,-1.0,1.0,0.8464485605770451,-2.9617758009024064
1.0,0.5399181094183509,0.6172754126852557,1.0,-1.0,0.8562712180968787,4.53075826073412
1.0,1.0,0.2778640672599044,0.8993716157833189,-0.26498674640281916,1.0,2.988405983802066
1.0,0.010375624784824233,0.9497461695738054,0.6050919260451028,-1.0,-1.0,8.174024092165993
0.2804414564714748,0.2652697677865612,1.0,1.0,0.8238806954359739,0.047846127607027444,-2.4715347785449207
-0.07355321878723636,-1.0,0.4437472585305804,-0.48910138060908326,0.3952215799747794,-1.0,7.926446911966901
-0.010901280273106106,-0.4303370260534084,-0.4689148292805373,0.1268221317133732,-0.38399486311042985,-0.5731362046628659,0.2936273490254404
-0.19359788266535072,0.5738357897293767,-0.40449959566350285,1.0,1.0,-0.2577149810015893,0.5199817053774481
0.799214393870699,0.6426602362052671,1.0,0.059594238819243195,0.575405130522211,-0.9312816601221554,0.06417798773219141
0.5691206130633952,1.0,1.0,0.30988718460477455,-1.0,-1.0,1.735066788056122
1.0,0.5632064711315914,1.0,1.0,-0.7796429710512136,-1.0,7.8372712665020305
1.0,1.0,1.0,0.7126573484973275,0.0015441482840948817,1.0,-6.070199098902419
0.1135714335164929,-0.24456087183932984,-0.13911239353598326,0.6665823950692615,-1.0,-0.32606507569389875,1.7712161171992822
1.0,1.0,1.0,0.9248615075624649,-0.520167005875613,-0.48959317731491026,2.611647797438105
0.3448620386739617,0.00822385802006631,1.0,0.4445637501059716,0.6611848260714963,-0.8478779103358218,0.16990329893667305
1.0,1.0,1.0,0.48347372267722455,-0.5137006354004912,-1.0,3.4997207142069886
-0.3964923923087488,-0.2493644236287838,-0.4735701736303936,-0.4354244262836368,-1.0,-0.07488515571283472,-0.26498371676761445
-1.0,-0.9631451514686642,-0.47078399782250324,-1.0,-0.21995649846630239,-1.0,4.32741070914173
-1.0,-0.4936886965259346,0.2338947880675552,-0.9523409760789048,0.561423569793192,-0.21032939026561248,2.55349944357038
0.13074291630908197,-1.0,0.11583712318633305,-0.05616759945117017,0.1243523990763461,-0.5557485300177203,1.7957086451685187
-0.8616860165554918,-1.0,-1.0,-1.0,0.8033180298573063,1.0,0.23811047462248247
1.0,1.0,0.4783036674267915,-0.19098540482708953,0.2984563315702353,0.11774853848014377,-2.017546964693729
-0.7201650177599198,0.5345554222300419,0.2465605333670181,-0.6605869618217582,1.0,1.0,6.591133625787478
0.9867287964437162,0.5758293692351537,0.7616166497907563,0.7646598301313703,-0.5018923955017848,0.2744636647823333,1.6295777214248808
-1.0,-0.1715872965083097,-1.0,1.0,0.39946428024025427,-0.11830777838374061,-1.430411378662192
0.12426035596702256,1.0,1.0,1.0,-0.2913833741940025,0.3561560357271305,-4.708364043135106
0.4237704914765792,0.5283325009365001,0.9253494361160479,1.0,0.36777617916084904,-1.0,0.4903549790699161
-1.0,-0.7086688461012531,0.053286307696254614,0.23064046654141124,-0.5625784118880446,-0.7020667295554274,-0.19349589419793178
0.8662048587955422,-0.85230169371311,-0.632097783029959,-1.0,-1.0,-0.7856187148744534,10.201511189470793
0.498921435105033,0.8126910339173197,-0.9200858122323321,0.08969843310369774,-0.5913401394737992,-1.0,3.3706029509569864
0.34354299580185177,-0.8959279843528621,0.19490455381376226,-0.8321148302022647,-0.7389057275399031,-0.6701841218956344,7.107598042955245
0.698236493897944,-0.3243518825854811,0.5146974011583222,0.20446379766735728,-1.0,-0.4148099063578192,3.8034456087334165
-1.0,-0.7139383260601839,-1.0,-0.7953214390428834,1.0,-0.5658960229291856,-0.6907291522316031
1.0,1.0,0.5129993089938014,0.40652477636468354,0.10555729717492401,0.6493030495922183,-0.8968037835340804
-0.34882059731523307,-0.30405696646086144,0.23218123666254264,0.2504583555198848,-0.6987002105910589,0.4311701940976359,-0.05608775034147184
-0.6384660498951054,0.48711897755044564,0.4901315462055094,0.5787550721251951,-0.022133996616558793,-1.0,2.537461932013767
-0.5207312006866597,-1.0,0.045599364541788784,0.0865504967682913,-0.5721276044136965,-0.12104708954734522,0.17062126086308843
1.0,0.7899074068166534,0.5029811511943585,1.0,-0.03940786882318943,-0.3335946370609034,1.3048384787246763
0.17589110026405042,0.01850297679240831,0.10218189371778941,0.24328836533654585,-0.26494027753759397,1.0,3.4654434394612132
1.0,1.0,1.0,1.0,0.6462900472072568,1.0,-8.437364984221933
0.39502129517316376,-1.0,-1.0,-0.8775739488179419,1.0,1.0,-2.6718212190249746
-0.6042552782501589,-1.0,-0.26639851032190953,-0.5265730426249355,1.0,-0.7812070584465801,3.8245436871579117
-0.14890221279898086,-1.0,-0.8672547121837614,-0.8442836951150497,-0.35947883677910186,-0.8808844778392546,2.5576308668466505
-1.0,-0.5479685535681371,-0.5409554682953674,-0.7148227511641879,-0.9079594099741968,-1.0,1.2929173489921573
0.4138827216660762,0.4311179452133398,0.40957496733651233,-0.37057818671691684,-0.353153394791587,-0.11971705153149093,-0.012376935759513263
0.30983179476034817,-1.0,-0.9069632529094379,-0.9818838074848992,-0.6839512188483376,-0.8567228196169668,4.601843748859663
-0.8241199328485763,-0.4775792011143034,-0.7114038445858359,-1.0,1.0,0.5260727322862446,2.0215155070531186
-1.0,-0.6943815467385429,-0.15377391611429148,-1.0,0.018594436494840105,1.0,-1.2495221240824328
-0.1245262669551217,-0.9735209621101282,-1.0,0.6986233075269926,0.11459883198251042,0.6874768461704742,-0.28412706781931163
-1.0,-1.0,-1.0,-0.7520946488184248,-0.36127394412141756,0.607461444746609,-4.660543345074574
-1.0,-0.31410602663240067,-0.38940422420966886,-1.0,-0.10366169433470995,-1.0,3.6184138846215923
0.35134814119026303,1.0,0.16001499565161104,0.054538989920992875,-1.0,-1.0,2.402439750350868
-1.0,-1.0,-0.24102200987755287,-0.26078470143629473,-0.6760051769091324,-0.7485223950374715,0.5000645782152071
1.0,0.7898481546308895,1.0,1.0,0.5845334053661453,-1.0,-2.5172044689103656
-1.0,-0.9322022174880997,-0.9175220730227287,0.19876150620511612,-1.0,-0.07443334711837157,-6.077168376225994
0.9721539622409539,0.7566229360760164,-0.47024012893386985,-1.0,-1.0,0.29521902156159263,8.741729128439943
-0.47794586754604196,-0.8215352043422841,-0.7544655745867939,-1.0,-0.21599767100759046,-0.7849829163818005,1.1532023401049336
-0.4237764561925277,-1.0,1.0,-0.3626480809567361,-0.7874877210144607,0.5983609575556162,-0.712542903204944
0.5570890792875876,0.3874330896662923,0.7543343916825616,1.0,-0.8788311106248882,1.0,1.610193343220429
1.0,0.46488342349605727,1.0,1.0,-0.17924525263514168,-0.1317634731230013,0.694365314273252
0.2548291016550157,-0.2787399524492964,0.795745495030719,-0.04837796065243588,-1.0,-0.41026852172988426,1.8068396557381665
-0.0807461952553703,-1.0,0.28862045064326514,-0.04016598840435259,1.0,1.0,2.9106625164600124
-0.23438756187961607,-1.0,-0.2300928795936783,-0.5119505826465569,-1.0,0.14084693307836488,1.399822135125489
1.0,1.0,1.0,1.0,-0.7410063316393157,-0.04835159676376878,2.6264058528452585
-0.43392220510899304,-1.0,-0.13580167030622547,-1.0,-1.0,-0.03468312862763723,4.813497205552189
1.0,0.2271741076084317,1.0,0.15050421595523145,-0.5472992213290457,0.6222039968924546,1.1071328162912244
0.5645696046644654,0.461503664370992,0.19025150177553998,0.8879621234204964,0.9534146685775978,-0.3599570368799051,0.056936602816113346
1.0,1.0,0.006064809887250444,-0.2074893888596825,0.5279485212525761,0.87224698577723,1.3499843964239608
0.9689276664256167,0.1092587482011772,0.12479238319741184,0.932067011528361,0.9659587592233452,0.13655546154323034,-2.2162728236652365
1.0,-0.15094873223599836,-0.04786355945549429,1.0,1.0,0.7428605174351943,-0.7768570438085194
-1.0,-0.0023514036586090303,-1.0,-1.0,-0.6934665640203769,-0.7847697280497452,0.2748798635796673
1.0,1.0,0.7543099717219812,0.11184191584994374,1.0,1.0,-3.2117149639783134
0.7198716777576954,0.6961064988201051,0.6983315063912491,1.0,-0.14915406771132134,-0.9740005069569121,4.07466710596117
0.6880122851338415,-0.3184638552503104,-0.9556865802801855,0.3781155253559879,-0.2590447837632088,-0.9655087198032295,2.8218680462448176
-0.48798642660265557,0.4228898638702255,0.5937503849201455,-0.009437299006949562,0.5379574086430174,-0.3073608200257184,1.1558696030610074
-0.5595860719161349,0.4443615520897122,0.9494520674692094,1.0,-0.41324731503454326,-0.2236724135948084,-1.3130541041983472
-0.26189925083053844,-0.4342712384289238,-1.0,-0.5035934883589954,1.0,0.9059910878175543,3.913710078548914
0.3787315153337234,-0.9072690278417616,-0.49935154170105045,-1.0,0.43381741076952596,1.0,-0.8079797957731755
-1.0,-1.0,-1.0,-0.08526682627352877,-0.21191520913327344,0.0227508640710532,-5.182003155878784
0.261066646086172,-1.0,-0.3752156134631097,-1.0,-0.31964545925144966,1.0,2.349457960463707
-0.41189234979668077,0.26044017002151165,-0.7969628866773771,-0.5989746842235475,-0.717466633512178,-1.0,0.8225782842757252
-0.7672588673245947,-0.4249937318031014,-0.411257599195995,0.18581886561111363,0.10300162570645549,-0.5314042371262807,1.0245220927200125
-0.1802689243333856,0.41017726836435764,-1.0,-0.1736030154512544,-0.18153737251513127,-0.5629361087070559,0.07354607883668693
0.16159101891904532,-0.6580450582040931,-0.579918137207112,-1.0,-1.0,-0.917437598095622,5.272519710184956
-0.4661019950620191,-0.07789344999844625,1.0,1.0,0.35161768216934197,0.9921674313831867,-1.9311097745320354
0.7997766827633311,0.9397160578412362,-1.0,-1.0,-0.3896846984233708,1.0,10.403942399691871
-0.15989149817514825,0.9340031877790098,0.6694954267414596,0.3851563215308528,-0.5154133556543328,-0.5036242411184768,-0.09505990868962921
-0.3205516825562042,1.0,-0.669040759187838,1.0,-0.4155192911341501,-1.0,4.961226933580605
-1.0,0.8014240892139493,-0.44504793683814914,0.1626071868415579,-0.5720479695369273,-1.0,1.2797437650167582
-0.3014216738963835,-0.48619512665136744,0.19756778685282955,-1.0,0.0431999091718325,1.0,0.15570987996137609
-0.38716395519102575,-0.5098284314279036,-1.0,-0.9426695022700113,0.09528758339847432,0.6084274006494841,-0.3366316059753499
-1.0,0.026353032221227993,0.251813241130586,-0.3871232723315552,0.38831681213837754,0.7511682497553569,0.17065952542836949
0.2942592332452527,0.23974488684396034,-1.0,-0.36165553114289367,-0.24426809793878926,-0.4511567202849083,-0.15273005775888635
0.9532423150517746,-0.32605147873784307,0.07322071366465543,0.620987569083484,-0.8189760189810109,-0.20895903095946977,2.0961397698108986
0.09332012021989955,1.0,0.861590829681872,0.2895948029404978,0.19078850114553805,0.1129057780517758,-2.8587354355858783
1.0,1.0,0.27373692746291467,0.11030524812667908,-1.0,-0.9371891807532129,5.961869961493158
0.34558227580225154,1.0,0.2011480624286175,0.9334704725001053,-1.0,0.7760489611274084,3.584419408536791
0.0878649476462281,-0.8889293472664055,1.0,0.33319481528096423,1.0,1.0,-0.6868125587188137
-0.9825184972555998,0.5574094376389986,-0.7437842523779369,-0.036564611499980026,1.0,-0.38670483565929625,1.7421835307861948
1.0,-0.4140972867110009,0.8786001638094514,0.41823315447233833,-1.0,-0.6695940648627544,7.782872215044412
0.6610513139777622,-0.2639425286266267,-0.046428520457266476,1.0,-1.0,1.0,6.943228774713799
-0.6708010542477656,-0.7114730066047037,-0.30553360997473517,0.5209168331861591,-1.0,-0.3826239002052161,-1.3997922113360204
0.34659124328152924,-0.7657815233330725,0.33486765072570707,-0.06779429179608198,-1.0,-0.009410203813052131,1.4848329217324259
-0.6801818940571089,1.0,0.840597783500663,0.9707494745288265,-0.6083447633688682,-0.2732136943892213,-2.508209932565156
-0.0013554114751836988,-0.3508244158687705,-0.39656557300491574,1.0,-0.44941950961000443,0.26234602063771517,0.4174420387899177
1.0,1.0,0.28329927970079816,1.0,-0.04211522932296885,0.09887574590773324,0.71096521567245
0.8134793379724261,-0.05924885609948327,-1.0,0.09008777676642576,1.0,0.7945500454526544,-0.6524797830875798
-0.6968395867081556,-0.43885887208247276,1.0,-0.1885871010495877,0.7696963336055191,0.7625601727998232,-1.597814239706236
-1.0,-1.0,-0.6736492350863461,-1.0,-0.9508858854344169,-1.0,4.624922244278013
1.0,1.0,0.7314767911369625,1.0,0.31562995790574766,-1.0,1.9499022949385942
0.1785485687896055,0.7871950565472741,0.8272556050918669,0.7268330320061778,0.9765224205510401,-0.2970812878316419,-1.6112793593865748
0.422099006612249,0.4815031796491531,1.0,0.24280694272285053,0.4625529782667168,0.8000780604129631,-2.483311228796306
0.9356327490809189,1.0,0.11220108967307083,0.3636189931414978,-0.466407650060763,-1.0,6.455161401489289
-0.0751657594464527,0.41024448465485425,-0.5491711840311815,0.252689211902634,-0.5555419660254755,-1.0,1.4611466106891586
0.1867264918620939,1.0,0.6665844076861602,-0.11110445472662456,0.03474251610927592,-0.1305676237470328,-2.0273262601732127
-0.22183456147828773,-1.0,-0.8702756074168576,-1.0,0.2673472952697377,0.3058967014352355,-3.827597116139173
0.3852261349024806,0.29773967683105385,0.7201280661408842,0.9171055528469384,-0.11302198709833283,-1.0,4.053270435741864
1.0,-0.8906838190521074,0.9211815591407031,0.5652924127647625,-0.11669670962060039,1.0,0.2621152626182862
-0.4290761203191792,1.0,0.8745682880462481,0.040244089198729516,-0.9443135365956019,-1.0,-2.845560514921601
0.3606185323310489,0.15854510369949482,0.30850424195153914,-0.21563320622409055,1.0,0.20029595365948208,-0.8369652043554574
1.0,1.0,0.3335964934919644,1.0,-0.8478104563992008,-0.06553034884269132,4.54735494516876
-0.53128480223579,0.19003252237474033,-0.0894000857410956,0.15294555820802397,0.18343463830798523,1.0,2.6582756743608007
-0.18648575595433448,0.7647245215461618,-0.3104141296011256,0.4033631624706781,1.0,1.0,6.999204376760285
-1.0,0.4966745216025978,-1.0,-0.5700134306580025,-1.0,0.5270951077663744,0.24366493093351765
-1.0,-0.21223255449658718,-0.12994421315637572,0.5703538996437907,0.6952223829904355,-1.0,4.553909879063222
0.32503552104227856,-0.9925667727342999,-1.0,-0.7517519117240068,-1.0,-1.0,5.600183065420976
1.0,1.0,0.7149235043040096,1.0,0.16210260449109293,1.0,-2.618127734018066
1.0,-0.5077895179789585,1.0,0.770877403636096,-0.2509352051523596,0.9147760865620788,0.4008200401511868
0.8977249926412831,0.9815862681329373,0.16370370331857753,0.06091189126817853,-0.9967503129947513,0.3052586560877997,1.5436451221339564
-0.9935290175393312,-0.8346938817356081,-0.10663362602610874,-0.3369015825784266,-0.6996576775069927,-0.6188978169617246,0.17354063077579682
-0.34735463398231226,0.9324892825334963,-0.5216708160982021,0.10071774723481924,0.9710491239786878,-1.0,4.304389496039269
-0.2130962297510408,-0.6089044375219421,-1.0,-0.8714988165410573,-0.6692963797394658,-0.6434168729453038,1.655069665630153
0.7671117496614237,0.42889050526165096,1.0,0.9767822812654368,0.3381414290584799,-0.5265307327147822,-1.0076008519059447
0.47735698059605214,-0.24392509867505516,-0.8529794889891562,-1.0,-0.13732839349059978,-0.4067875302110355,-0.8154532393976581
-0.5191996633905677,0.5001164775538739,1.0,-0.6832168301757104,1.0,0.11153537087722887,-1.048824014383764
-1.0,-0.20935065140544706,-0.5369369836477837,-0.10209796252243042,1.0,0.5006201502092524,1.6275207601888249
-0.819668412133842,-1.0,-1.0,-1.0,0.466631460226279,0.9863330681235564,-2.2585144725090376
-1.0,-1.0,-0.8967786266533491,-1.0,1.0,0.40636349540618055,-5.55911605593215
-0.3301531166315541,0.13878161820542545,-0.09591865535997837,0.5189959981002226,-1.0,-0.005012457883464216,-0.40318090813484453
0.505579756174213,-1.0,-0.17687300826158464,0.5125947333682463,-0.46914967759390813,-0.14514458417695641,0.85002647125739
-1.0,-1.0,-0.4946390940607277,-1.0,-0.7300158726367836,0.07353900699532384,-1.771570751439683
-1.0,-0.8620140174352342,-0.3587625914254109,-1.0,0.46891772984852054,0.0439669556626876,-1.169027004865973
-0.25740280898220336,-1.0,-0.8440835569343966,-1.0,-0.6238994928407796,0.9641266466761974,2.6045431866442748
-0.39176585782452766,-1.0,0.19023927007967467,-1.0,-0.8013707865879028,-1.0,7.257934155568103
1.0,0.9163186389919391,0.20169341802524565,1.0,1.0,1.0,-1.0028792874710035
0.5233052431999323,1.0,-0.0065373758123846715,0.2373799119159845,1.0,1.0,4.939091882980634
-0.8119430489585808,-0.05521846598015522,-0.5792396874190895,0.2384431862175127,-1.0,-0.8802215097316766,-1.1222502680169062
-1.0,-0.534274807732358,-0.04822269922434752,-0.9750017469854435,-0.2664282263811262,0.8103840891965706,-1.5894472331572485
0.08723454776414952,-0.08192532301909838,-0.9273914238786725,-1.0,1.0,1.0,5.068120053143614
0.6554518289501621,-0.30152518783032267,0.6573451045521437,-0.2426321369120057,1.0,1.0,-1.8799278676164588
-0.10251132734361094,-0.1955738201160851,0.12658442126627323,0.43916750429859297,-0.5850047610805139,-0.1812921398023325,0.5531512257352201
1.0,0.06911176037481792,-0.7307021448923587,0.3107169443196591,-0.4029772251304503,0.2158892170805099,1.8706543963064104
-0.009319628713456374,0.8200480584205434,1.0,0.14233580086079944,1.0,0.6878456928705334,-2.6918111690654842
-0.7093659758667394,-0.3512865232502093,0.08829008949698318,0.8301621579644853,0.4209367374698323,-0.4543702621602023,1.636334200255959
-0.7502796465929537,0.22403117651191806,-0.4961567734128096,-0.44221397350468866,-0.3360210703451918,-0.9023001265853746,0.8124923888250734
-1.0,1.0,-0.47429044454431746,-0.09105402633271287,-1.0,-1.0,-1.7120184669841505
-0.24184225164460793,0.02902134986519045,-0.22306677158821134,-0.22417193643032027,1.0,0.5558182191708967,2.2494118381500794
-1.0,0.24521741373484285,-1.0,0.6728004094708799,1.0,0.0027737726331672485,-1.0031627263249203
-1.0,-0.4597260220145145,1.0,0.9328609897104055,1.0,-0.5432340596425232,0.5239238941048343
-0.981423262143228,0.19979127333033286,-1.0,0.02347038193706108,0.42569574520848763,0.28184347833669565,1.2980331377530712
1.0,0.9368681090281037,1.0,0.5614310741500514,0.18287578213341893,1.0,-4.243452356087186
1.0,0.6950174341475619,-0.756892743890826,-0.004741539835656172,-0.9061333185944054,-0.6428470839935075,4.596937000111444
0.6254113522580654,0.30187349185445966,0.47367746092495444,-0.6253956733028029,0.4847918426778355,0.04484857336294934,0.44875601996224246
0.09044318772822983,0.9655662896383312,0.462397838362932,-1.0,0.7928304142890432,0.6400077528991841,2.1475386507000054
1.0,-0.37607919234777504,1.0,-0.4240709854039748,1.0,0.5785626364888489,-6.51997839514775
-0.9449892890669583,-1.0,-1.0,-0.05282462221841167,-0.3206988673536617,0.6913472841285583,-1.3440062017275716
1.0,1.0,1.0,0.9289411978550859,-0.45446486064523783,0.34763287332495163,-0.33965396763772365
0.3079595392908181,-1.0,0.873283305879874,-0.4405033811538633,0.8657990892727929,0.032655439920577234,1.1499885304885284
0.128912279140458,0.33805699173191806,0.920613761216488,0.811406099058138,-0.5047125675696564,-0.47176992255974604,1.3308319970518563
0.7896014176350926,-0.4001913193466354,0.29034179687818423,1.0,1.0,0.3189188546133117,-2.0816993616815185
0.5918083749976017,1.0,0.2884721756246933,0.44660191648618697,-0.4112165421506152,0.24139323467615048,0.2783870713807348
0.29682806086503677,-0.64018132054442,0.854007374059107,-0.6368920777954715,-0.0061413829947443155,-1.0,4.905055362487457
1.0,0.26388203989557346,0.5566839234921508,0.5064141956673636,0.7771130534178614,-0.21720951341127703,-2.4529382324099416
0.9431063839160387,0.960868776966552,0.4611414774845488,1.0,0.2604744559680723,1.0,-0.4096060266179026
0.9162213784618314,-0.575492425734377,0.7156926865940787,1.0,-0.4051762075298679,0.9441353645099617,3.1942048450980742
-1.0,-0.8682895263906654,1.0,-1.0,-1.0,0.36627246676030956,-0.6366559552654336
1.0,1.0,0.9059100437372567,0.3215498217012953,1.0,0.5361192888782464,-5.354472917956851
-0.5726463739030978,0.04011254705412498,-1.0,-0.04418598548865038,-0.2992359692528986,-0.4507069069514493,0.39151996157860725
1.0,1.0,0.8278356198731232,0.12429995805049368,-1.0,-0.8541143457547953,4.6344029955794905
0.22719945877734737,0.5747629241068497,-0.4291288143300369,1.0,-1.0,-1.0,4.703057417348928
1.0,0.22396663540584094,1.0,1.0,0.4686151442364761,-0.269257443023484,-1.8781335211098429
-0.25873160218163277,-0.11593317959331728,-1.0,-1.0,-0.8551401975302662,-0.7150454419473676,0.20563369439334384
-0.05671543018790176,-1.0,1.0,-1.0,-0.3679881039005758,-0.3044581680188785,3.718669571866549
0.9774656329822229,1.0,1.0,1.0,-0.505760725613533,0.035033473373149104,2.1667467310435202
0.1317099060515905,0.05192004516925608,1.0,-0.5907681941472144,0.9107449065792914,0.8480851268229316,-1.823853563236178
-1.0,-0.779464610967386,-0.029328114332982325,-0.2376748772919101,1.0,0.12309782946911435,2.5293646200916755
-0.23917117077033767,0.1665469876298037,-0.12455179239389622,0.6563857428595038,-1.0,-1.0,1.093549013891569
-1.0,-1.0,-0.1940504525987824,0.3199158716250234,1.0,1.0,5.133656606360214
0.3275523622040427,-0.6226114193001073,-0.980744229125045,0.2256888127836672,0.29222114626108797,0.19087689996000085,-0.4918271442469712
-1.0,-0.7835089779985556,-1.0,-0.06231060549239442,-0.12276898465627639,-0.726304173841399,0.9639636034798437
0.3591598215340885,-0.010042275571187254,-0.5075221662775697,0.6410699050792266,-0.626552674594265,-1.0,2.692321899221837
-0.09886677722005982,-0.5377986650983118,0.7303199682948286,-0.5682212974189975,0.716902029004493,1.0,-0.20466739725748995
-0.6261588414667978,-0.23108006928604286,-0.6954243504869888,-1.0,1.0,0.20305226202245036,1.9297453076383824
0.5908081926100333,-0.8491209663459407,1.0,-0.17885254152788557,0.7100198434472189,0.1943776057577175,-0.677407110612009
-0.2740365308131104,0.05921219778508649,0.33559815119652114,0.09764716418734756,-1.0,-1.0,0.4958067441157862
0.5740006961808667,-0.7792228641373088,0.8010953721304089,-0.7699003424983681,-1.0,-1.0,9.44531282606994
0.8095616378887329,-1.0,1.0,0.3025229211183887,-0.610522154795497,0.6864065483554787,3.3825961984322905
-0.6971324875785475,0.4902116152760941,-1.0,-0.825034150464656,-0.7143002173243869,-0.28449153212808376,-1.8011956651859442
-0.3667290400286729,-0.9832116771324412,-1.0,-0.2677527506961035,1.0,0.0790463759336012,-4.332874915583355
-0.09696947029844277,0.8346495262594246,0.4153923120397213,0.9362355921769281,-1.0,-1.0,2.9441911556739173
-0.08477530193673172,0.09145871031712582,0.7169177742108107,0.05860731087995085,-1.0,-0.9349500724229767,1.1138677859261266
0.8082186656676771,1.0,0.018862790388338824,1.0,0.5677082953597109,-0.8329117680526158,1.898709587359611
0.19419655725823193,-1.0,-1.0,-1.0,-0.053715726798701735,0.20327257486593847,-2.9977857003691875
-0.5809691828912042,-0.09826050043357593,0.8294455519448367,0.3163335763552219,1.0,0.7396668298904971,0.8388997664502824
0.6573051556672347,1.0,1.0,0.7514777987337227,-0.01280128610362774,-0.20677090880430316,-1.244531121698792
0.8967003563964102,1.0,0.06702873655764585,0.7688514801451051,1.0,-0.24479916968721138,-1.237500646696623
-0.02496323036410153,-0.12311873899848202,1.0,-0.5715962070511522,1.0,1.0,-1.9034915530361634
-0.6225728259189609,-1.0,-0.5789071777137267,-1.0,-1.0,1.0,4.042164311240269
0.0608823604740199,-0.7374772026797104,-0.40388098580653053,-0.6478035268312882,-0.9446750648073872,-0.49541532344753714,2.2505094630655598
-1.0,-1.0,-0.25547688032762905,-0.4333020893610473,0.9874366423065968,0.49362226618767835,0.8355903312511386
-0.010730317740332368,1.0,1.0,-0.24596336863562224,0.32131414136145975,-0.024720353735478512,-2.8942519487020273
-0.462358452259197,1.0,-0.2440776397128751,1.0,-0.5794112496073619,-0.12148633790486163,0.580564893306952
0.99620626751035,-0.250868818663181,-0.1238407633693484,0.921775949123163,-0.6174539864579941,-0.6736942057171245,4.934280762086345
-1.0,0.4039223809090464,-1.0,0.5024911576198083,-1.0,-1.0,2.3567406533008013
-0.5825986729110582,-0.4311635894626423,-0.6989714563304266,0.01208413094654992,1.0,0.12384182152146206,-0.02653756587513989
-0.6415196600691175,-0.03082136620654241,-1.0,-1.0,-0.49149521075510355,-0.6694036980744509,-1.0048674289395736
-0.40462205694143716,-0.5823481392595233,0.8496417234040736,0.15497052927465188,-0.20173367108066143,-1.0,3.748361005481509
-0.0009329198257052029,-1.0,-0.4363596108925754,-0.5563820099947624,0.22589036608275115,-0.04304469691502277,-1.8521254782336762
0.7314365773803073,0.4531863175239249,0.49172707790769454,-0.04622740033681716,0.10999500923692901,0.9080628464511642,1.3740046638907852
-0.5095450430557538,-0.9846683930531113,0.6029964032475705,-0.730910853718058,-0.025850350284225165,0.8992585461888746,-2.256392605427089
-0.3230031008560425,-0.7225276033290876,-0.3931860309746219,0.6077371666745631,0.8394692833279239,0.6337196389092054,1.6679718335613352
0.017574030613075234,0.4097175061274114,-0.33653106863150456,1.0,-0.2471855170297786,-0.8086591183920372,1.9477769545092802
-1.0,-0.1213332643582739,-1.0,-0.5509345601301203,-0.33939568187623537,-1.0,5.746791849597523
0.3339466621629079,1.0,0.7471086789204566,1.0,-0.9598556126080454,-1.0,4.940662123257543
-0.7968919758074308,0.39374667113680273,-0.10479546736403211,-0.9524085924878306,0.1979245467040823,-1.0,2.2303478107171872
0.04258732705351398,0.6670927614897417,1.0,0.09278715194259157,1.0,0.9382430548213871,-1.108378481740244
-0.8479672624803026,-0.5960642977276391,-1.0,-0.6182591599954714,-0.7471255620214169,-0.673354724813264,0.4692250265020371
0.7259130743478265,0.5958590161048908,0.33434703650545905,1.0,-0.0014512151720014188,-0.9781502230156289,3.945176099243828
-0.23763268510126095,-0.5327322292818493,-0.21188712987609948,-0.729397455127694,1.0,0.723290884225013,1.43882087859119
-0.7139637265991094,-0.3702312818650326,-0.7589050549358555,-1.0,0.41304039524714525,0.494353771913055,0.19237770044414482
1.0,1.0,1.0,1.0,0.31272384628598715,1.0,-7.550679289118393
-0.7541555422849411,-0.43131516003004133,-1.0,-0.7965795508355189,0.45329418419189815,0.3590888217234176,-1.5257805348490363
0.5177517421394149,0.6102766605877563,0.46780053718069564,-1.0,-1.0,-0.08363068530315917,4.382381221311512
-0.34998098755839346,-0.9645372475809086,0.08290064329384117,-0.4769316278265302,-1.0,-0.4705151591972999,2.277568222580681
0.8563038134314274,-0.10743735261322362,-0.00956594370121222,-0.716674872321549,0.05303647402918665,0.8667035316553064,1.179220383053304
1.0,1.0,0.989451762575296,-0.4259335164008409,-0.6799125555840524,0.39457151323615347,1.1353594659296364
0.7589421082558105,1.0,-0.18889974250427433,0.3265926896519098,-0.4818572957725294,-0.8431957104396828,4.168632219245206
-0.6853652142433954,-0.23433491875927465,-0.9644915591095914,0.6895193021577453,1.0,1.0,9.035001353689353
0.9036579143641297,-0.24780249295262258,-0.11865441850076447,-0.1519364852626292,-0.9069934534882247,1.0,6.396205146626703
0.5093022297530341,0.5408724633771226,-0.9856918634100462,1.0,0.00798687056661962,-0.944280780534521,1.505993081625589
0.11998702183373935,0.2547427259526634,0.582795915337075,0.5773879236842695,1.0,0.0838977796954497,-1.870055249940763
-0.7207100818020307,-1.0,-0.792487592325108,-1.0,0.7580769426910153,-0.873685849252814,1.5127938331241233
-0.6347022881637888,-0.7805921734210393,0.07107146300946784,-0.5312633448687584,0.05455612241252261,0.08243333666591324,-0.5199271464485706
0.15213676558907802,0.906712040818555,-0.49474463882518493,-0.7708802426284616,0.41620752960099405,-0.3776450675245952,0.07523518893664011
1.0,1.0,0.22113640281044988,-0.3364186136564372,-1.0,0.43754916364614294,3.073420071881314
-0.6322080031101478,-0.5749686106927585,0.7127803929842489,0.7553890805192424,0.6442593843460659,0.30622293093806713,-0.5561529430816768
-1.0,-1.0,-0.0402979462494506,-1.0,-0.017808329734787604,-0.4565270295553314,1.0841554757206235
0.360549719998856,0.20879279578002247,-0.5681240373853669,0.49730944003991095,1.0,0.5590223020856997,0.12091455390331168
0.2187978185398236,0.7882365975277281,-0.1557994902438965,0.7566913954712866,0.6325234397752925,0.37196906165786736,-0.32069283545232685
-1.0,-0.9790358595668887,-0.9115705561517323,-1.0,-0.6114289362667016,0.27944293581519225,-4.886091766425848
0.2843745959994015,-0.07103912659061323,-0.06740827392113102,-0.18066211784190742,-0.19610584887476223,-0.23882168458624453,0.8937041309961138
0.21982199894177032,-0.24409678627257952,1.0,0.06832081416498026,-1.0,-1.0,1.8403844552282163
-1.0,-1.0,-1.0,-1.0,-0.09784964413628372,0.04916369739474763,-7.258727747220158
0.3600557218152993,0.8537453653504844,-0.5095684573687542,-0.9583108831044274,0.7101551771620087,0.41011703993994597,3.1296135952400923
1.0,1.0,1.0,0.1003111102704708,0.3589983356995998,1.0,-5.338593954444561
0.14676184170294546,0.5280665177864052,-0.31183133414349046,0.09114996050742105,1.0,1.0,5.403386547966581
-1.0,-0.314554221957952,-1.0,-0.7212727115296396,0.2203964854327363,-0.3451396175539223,-1.7772486878059324
-1.0,-0.959793417110707,-1.0,-1.0,0.9345539202180084,0.7224941900261548,-4.696297497181382
0.1531207336016024,1.0,1.0,0.04070836288857638,0.4383518432227671,0.536222876392709,-2.717579760611176
-1.0,-1.0,-0.5737357971239339,-0.28499159433500165,0.8763369505512236,-0.2283138568929799,0.6404923467599466
0.1412980050150146,0.5993719406287394,0.03297992815931117,-0.4995937844147902,0.26078739534962114,1.0,3.7597288192393616
0.9167902880716794,0.33236730078730903,-0.6866038571051648,0.07108152779671639,-1.0,-0.46885545573769954,2.8583509233110713
0.9201474272549781,1.0,-0.8178505765536113,1.0,-1.0,-0.8638162603143509,10.075631655633037
-0.025039159698521107,-1.0,-0.039251408747356775,-1.0,-0.1746948936899977,1.0,0.5690916950887555
-1.0,-0.5626752638944423,-1.0,-0.687110663817702,-0.18191850698582995,1.0,3.718973852919551
-0.8441887526001688,1.0,1.0,0.8086339435749199,-0.29669373742069005,-1.0,0.17981552614074725
0.6996737978127607,1.0,0.9749826241734776,1.0,0.17740650963512258,-0.052093377949887665,-2.954150283325835
0.34167455197467844,-1.0,-0.29461326040064817,-1.0,0.1564147112030308,1.0,-0.8339035652128818
0.8644110081871863,0.7200468983559344,-1.0,-0.7156328718784791,0.24451320367923304,-0.938240452962855,-0.016751609254722966
0.5002174149813978,0.5023557254800555,-0.14055413470815564,0.7968073543708358,1.0,0.7366797923443109,0.8170379592391532
-0.03869430797443324,-1.0,-1.0,-0.106382005427405,-0.1443338987499243,-1.0,2.2736886345048744
-0.39903698776672236,-0.8017651685575622,-0.18304778728946247,-1.0,1.0,0.6972482992026992,1.098433962128881
1.0,0.9230512129936823,1.0,0.9816990690708907,-0.08127034387740883,-0.5341239533159252,1.1874671945689146
0.7589588007046595,0.5626967624839216,0.043444640809699786,1.0,-0.9963272868304551,-0.12323802367473574,3.4746173109838594
1.0,1.0,1.0,1.0,0.8923752296472173,0.05139360421311612,-8.236314304112632
-0.09972094210372795,1.0,0.3516565216610632,1.0,-0.7837259567259796,0.36900505563278463,1.1335441579132852
0.4095448683284466,0.6928778172331269,0.4532939259732035,0.537917419273782,0.26827599990669493,0.1896457563923546,-0.3516186896903385
-1.0,0.5095192389826855,0.7701542655321324,0.07937190031333285,-0.447876180444845,1.0,-3.8244590980040356
-1.0,0.15535096289695283,-0.3441533242414897,-1.0,0.8900008186148116,0.8953304147589487,6.3891342021529764
1.0,-0.8031883822417635,-0.05149337715144009,1.0,0.8796614284677093,0.7352438113808604,-0.6064961938338923
1.0,0.43431605952919905,1.0,0.9291775350024041,-0.39276450382369965,0.09646149881025179,1.4429282783985307
-0.709934663928518,-0.8025719512128106,-0.08825874050906624,-0.40350824450169265,-0.7223074233113622,0.929355151603064,-0.8685558519821792
-0.07585414030849869,-1.0,-0.8408246134668969,-1.0,1.0,1.0,-0.8861274716899616
-0.3152169063907222,0.013580909272996627,0.8571306594846365,-0.662110782208525,1.0,1.0,1.0404317260955576
-1.0,-1.0,-0.35664464221962316,-0.2375354906755729,0.03922989271234878,0.27422624917527116,-1.7461854163248531
0.5973314003129899,1.0,1.0,1.0,-0.585200079678202,0.9877256245601482,-2.2302821185113335
1.0,0.7372648183066755,1.0,1.0,0.7576266895276108,0.5652337709091864,-6.781288677182943
1.0,0.7883658333804133,1.0,1.0,0.20047618993316857,-0.5266471176117893,-1.0857441833998256
-0.3306307746185307,-1.0,0.3134894655737307,-0.2747165530345115,-0.6408172929290965,1.0,1.264599214775113
-0.6540482114862995,-0.6713274604514015,-1.0,-1.0,-1.0,-0.0435481734969172,-0.5401098339794193
-0.9325087491280741,0.16281509293295132,-0.6196485466040647,0.7271395294665113,-1.0,-0.43258717124412494,-1.071990994826654
0.13756235263930572,0.19857191672484098,1.0,0.8755232757720339,-0.29039504591558707,-0.5108600342135589,-0.2553622372439202
-0.4042843350452576,-0.13435160575914817,0.4812726549760033,-0.916105111566184,-1.0,-1.0,1.9018617554545485
-1.0,-0.2810774221219108,-0.18884804499970564,-0.3976275028753572,0.32491478759981196,-0.6426597484994232,1.2349771918294112
-0.47973122956140946,-1.0,-1.0,-0.5053592554213002,-0.8420349574791174,-0.18101802718599025,-3.397253144819249
-1.0,-0.20814495722409876,0.010878515446791415,-0.10145719200122949,0.5612937300299977,-0.002979075384566321,1.8588949120257707
-0.4575941185199225,-0.08536050770385761,-1.0,-0.2746546195084243,-0.6952566328250049,-0.07941660880565776,-1.3447558470810088
-0.01656007706905549,0.28218152577849076,0.918392223800538,1.0,1.0,-0.49352003181535814,-1.3215693867788514
-0.2846719763582022,-0.8940539297334313,-1.0,-1.0,-0.5870163049964743,-1.0,4.720391220284851
0.02601683061501381,-0.6638176477997622,-0.08853518226175561,-0.06725666722824064,-1.0,-0.09722421981307389,0.7085966730943111
0.6030426935088028,-0.526465578745587,0.8637474785308397,-1.0,0.6561837122948443,0.5048005434211704,-3.070321265803737
0.3468780607172949,0.5208664168113732,0.02995378888724165,0.9140686590948546,-0.1467641747191889,-0.10690540358852796,-0.19200510131202786
-1.0,-1.0,-0.4829212610540754,-0.8042684716258404,0.5177619616453033,0.525988948006947,-1.8810451026531392
0.6386003849286783,0.3506071521386883,0.22969540527701038,-0.9825469204594046,0.7083530002676451,0.011204774517940497,-0.36446631800287965
-0.3241392589979679,0.8882483057253506,1.0,0.1191740748508896,0.27096659743939844,0.4468025836981715,-2.338221280082121
-0.06330687862465889,-0.7474510568189352,-0.4431854926482071,1.0,-0.023654871005772682,0.5981861117439252,0.21550999230978285
1.0,1.0,0.5335355792709493,1.0,-0.6152665743878543,0.0003669205668053177,3.2995613829920516
1.0,1.0,0.7827767732628241,-0.17804983557976428,-1.0,-0.313194888372037,2.1780212837944317
0.354299281430548,-1.0,-1.0,-0.5307147588497987,-0.52219905999031,-1.0,3.5575023535780064
-0.5767465077790427,0.7878617791397968,-0.9783834845657865,0.3205487997680666,-1.0,0.4196996382777918,1.0382529821506232
-1.0,-0.09023459244902088,-0.1684911887923548,-0.6523631562811822,0.680072545987438,1.0,4.7163929033389165
-1.0,0.481240120622175,-0.21046240431956098,0.9385183892707641,-0.29108937659246226,-1.0,2.57423662627441
0.4757406990390336,-0.7995509372542808,-0.15482610146270553,-0.8448376775732227,-0.07723041846826373,-1.0,6.536813425958871
-0.17917856622363487,0.5746120851214994,-0.26787571856899195,0.7917942047636061,1.0,1.0,7.282946445253201
-0.8260892167408698,-1.0,-0.8155091260123319,-1.0,-0.6043647935601402,-1.0,3.422829863364313
-0.436317887227924,-1.0,-0.27704462079042375,0.04334529539711268,-1.0,-0.06135130949829426,-0.5467141178762984
0.2584270353783288,1.0,0.9056274563886317,0.5309820707667217,0.05427440797911787,0.8298896627249273,-2.716062167497731
0.6097695652912045,-0.31147467268206913,0.3818751232658629,0.4315110109871363,-0.6621649998091255,-0.30369902721548014,1.6209309288573759
-0.8549514170942583,-0.578558728823011,-0.8263340156819063,-0.025560302479578273,1.0,0.7157593416868862,1.7156496016706062
-0.3819373938485642,-0.834478846408111,-0.43516658043739775,0.49013972137731343,-0.7385984580855147,-0.7394731208064377,-0.7611268419049547
-1.0,-1.0,-1.0,-0.3595034735371454,0.4043757030203159,1.0,1.7488296229107267
0.8807237404806318,1.0,1.0,1.0,-0.4728200548718918,0.2864681377699346,0.10713282091092902
1.0,-0.350206492377858,-0.8722580020584223,-0.05936178398467351,-0.5488288120358595,0.5308951701464106,4.3350533039021375
-0.6452942962894418,-0.2798081619770763,-0.023949559293496153,-0.5439970095819474,-1.0,-1.0,-0.3593411620384067
-0.6204091836398735,-1.0,-0.8253208789513474,-1.0,-0.9331545813253859,1.0,4.129854324396572
0.32827378829965603,1.0,0.28904685318579326,0.7866556696973583,-0.5430299839608543,-0.18192929998053398,1.1600381625148313
-0.6470308602043977,0.9287458314829491,-0.43476693772713276,-0.134468990191832,-0.22212214484662543,-0.5823421974366677,-0.06870051115420128
0.9011710406158305,-0.3927997265912111,0.3560884776129473,-0.024990021879646086,-1.0,-1.0,8.208668754730574
-1.0,-0.03621295882455233,-1.0,-1.0,-0.2756827140079138,-1.0,4.223810663925613
0.9534985619427103,1.0,1.0,1.0,0.5448928333326988,0.16946072099229337,-6.394797548947475
0.7208917685303544,0.19649915598314616,1.0,-0.06975745830122715,1.0,-1.0,-2.9570286273381603
1.0,0.9394180847909026,0.9161228233856944,1.0,-0.7214645173391695,-1.0,8.056052119964027
-0.4087312631888107,-1.0,-1.0,-0.07643173941887182,0.1762830654619938,-0.6876788340058329,-1.0992272502097034
0.28567560956392113,0.9485224142991268,1.0,0.6032206025184496,-0.727935572571418,-0.6412086218473931,-0.022345961673035222
-0.3321258940580878,-1.0,-0.8781747995632705,-0.8068263242708458,-0.39425930425514033,-1.0,4.010922013792009
-1.0,-0.3529025470490784,-0.2741300492991138,-0.4841147494115793,1.0,0.6614933834830408,3.4083590361292013
1.0,0.9924783718176482,0.28540754231056886,0.42448200557287263,-0.35802905112122485,-1.0,6.3335204617025616
-1.0,0.1483012287366373,-0.7080700939821616,-0.06760363202920305,0.1666518252931296,1.0,5.13088420397453
-1.0,-0.026653299012057458,0.4714026408984601,-0.7846104291716078,-0.5803746490629076,-1.0,1.5352019399240877
0.1201894508527463,-0.3215679298129599,-1.0,-0.4067634152277636,0.19089395973266232,1.0,5.596734449450223
1.0,1.0,0.7155934032244504,0.25718174637539937,0.8931186286442344,-0.4949432752814281,-3.187702475955325
1.0,-0.15086929871605215,0.20699673406628782,0.420371251720999,-0.22325545692638404,-0.7063692600966172,4.0318427572175946
0.8639752709242745,0.3483912280142972,0.26364299395539914,1.0,0.439344647559871,-0.08817284090265065,-0.712251268471671
-1.0,0.0946886381857228,0.5685906796525185,-1.0,0.21864067953178212,1.0,-0.5666719563068006
0.4079052950120061,0.6604021340097455,0.44702909158422166,1.0,0.10306982819370694,-1.0,2.930219272874935
0.7075237184814922,1.0,1.0,-0.9350265892317375,-1.0,-0.3929321449326424,2.557261010772038
1.0,0.22128006809591316,-1.0,0.7903355648129962,0.0825791659274806,-0.4492922450034693,-0.9908332775512292
-0.7961992151466827,-0.5420051700776474,-0.05173445469702559,-0.5101990021551455,0.394224187766221,-1.0,5.327840993919505
-0.8036062792576386,-0.9097949000378388,-1.0,-0.02359614597621751,-0.39878906383636326,-0.13900240278689877,-3.8513047160485145
-0.44660201015398304,1.0,0.45712657526167777,1.0,1.0,1.0,0.8377604017221838
-1.0,-0.028232307331574752,0.3536109393565401,-1.0,-0.2846333471667978,-1.0,1.928066272451752
0.04863981590340616,-0.7080571690503858,0.37478520913382973,-0.12600593683025246,-0.24249650332775974,-0.09148115539269508,1.126342186643393
-1.0,-1.0,-0.7205915038192315,-1.0,-0.605849501504086,0.7641509576293406,-3.588388412060153
0.010378502246683685,-0.10602146772022802,-0.06847495675812132,-0.14636735599113757,0.6016392326861517,-0.3481849398988066,0.05469985028630467
1.0,-0.44125761749098175,-0.37990707293001824,0.7709587255236441,0.8146890877963494,-0.5268838186691913,-2.4104697081134687
1.0,0.5234421948277976,1.0,1.0,1.0,1.0,-8.10336265354812
0.22664003295352111,-0.574458364719566,1.0,0.5917624935467336,-1.0,-1.0,2.7820111651652755
0.7845441322111982,0.06103590106525303,0.9526773881023324,-0.23773987939429708,1.0,0.3415938795186282,-3.454688969157846
0.28261127627876026,0.5172624885593915,1.0,1.0,-0.08896127824713995,-1.0,0.7050587561249769
0.2765435166549692,0.03845071614421136,1.0,0.08625087142464438,-0.47488008675634563,-1.0,1.8380099932160887
1.0,0.4185399592558913,1.0,0.2065689650959548,-1.0,-0.9868089986600942,6.7552533944313735
1.0,0.6868844003676796,1.0,0.7560526193068065,0.14254904163889326,0.812034447852562,-3.350101187766793
-0.5596979819271971,0.5360156118426052,0.18796336016992582,1.0,0.9684380572694458,1.0,5.400460196234912
0.01814971604291893,1.0,1.0,1.0,1.0,1.0,-6.614207646976266
-1.0,-1.0,-0.7109664098796458,-0.5474379018657722,0.006540796744899935,0.6379183393375374,-2.778412953871324
0.47865366672598486,0.37672268707389467,0.24380942633778874,0.044126279266492346,-0.10045291910762,-0.6937942813626723,2.05001499394569
-0.27510706117414385,0.7977114399575989,-0.6225786911781004,-0.8075171193779174,-0.6300352054288798,-0.06647873555363182,0.6720504681613945
0.2353777339495131,0.9563712550991721,1.0,1.0,1.0,0.1687061408018229,-6.379658497211945
1.0,0.8020320307391088,0.6887666660511771,0.6587985438320996,0.79185396200917,0.20907078208167318,-5.2251001812277735
0.45268505305901874,-0.36442160766105086,1.0,0.5683929586284061,1.0,-0.6373399076397601,-1.3583847665538986
-1.0,-0.3707728849778291,0.22061680035744213,-0.11006819932941891,-0.3184728500982894,-1.0,3.8131123542372003
1.0,0.5692227191918209,0.9106770315945252,1.0,-1.0,-0.5657240640841679,6.571301481292678
0.16499397896135104,0.7206838433823162,-1.0,0.9834862873721807,-0.21345510709898607,-1.0,3.9230200342795727
-1.0,-0.8185479682567824,-1.0,-1.0,-0.6359828192246921,-1.0,3.8562866957252733
1.0,1.0,1.0,1.0,0.8899719155634712,0.9054533835819293,-9.993497132705725
1.0,0.6506982896069756,0.6383153301877131,0.6325031270534391,1.0,0.49377450189335137,-4.116677073269028
0.2383656386183064,0.5706331376815967,0.3274480933865007,0.34643947663201136,0.9016260874243419,0.33852854970651947,-0.9551348793849699
0.5890949748599498,1.0,-0.5224073893581058,0.657177949290167,0.7542251728444145,0.3068708340245201,-0.17663831305015842
0.41939009044851033,-0.9455785228501516,-0.6316433454227404,-0.4025526928647134,-0.2026397697919099,0.9813030801401073,1.1793796030109194
-1.0,-0.1819323639002577,0.6009966068253962,-1.0,-1.0,-1.0,0.8878829251437987
0.5363543960858814,0.8166610695189579,-0.5477937079250155,0.5467543308113505,-0.5299609569806467,-0.15343104331515045,1.8744541345822823
-0.2743199328926975,-0.5622956198337217,-0.3019279398333956,-1.0,-0.19237968982392395,0.2691352047023028,-0.9077561219737718
1.0,0.49776975732964956,1.0,0.7200967268184892,-1.0,-0.4608357480836043,5.183694333456991
-0.9367841607843976,-1.0,-0.6772007517938246,1.0,-0.35582762080021024,-0.39919491825787223,-5.052134058877272
-0.7881905918850669,0.22669932939167498,-0.46090397040166353,-0.16018524941331724,0.5272714301282191,0.5768459767386567,2.571698705904319
0.9542883859730442,-0.16493379104502415,-0.025199707303643182,0.1666952982305815,-0.3936642043555867,-0.17073037497286372,1.4381540976560663
-1.0,0.725480027035033,-0.5396387043813207,-0.6839728421250357,-0.9138253791149049,-0.15524879342272557,-1.5903536983677666
0.3919307937624351,-0.2635911924957547,-1.0,-1.0,-1.0,-1.0,4.0549459200862845
-0.8141206964668467,0.11184540655684155,0.8685150055875924,0.19804697723685327,1.0,-1.0,3.178471252339364
-0.33641818217243746,1.0,-0.827401917945519,0.9967277611987183,0.27537189268216644,0.3248603074606735,1.1998372956918666
-0.1482236465659894,0.125462596245831,0.6659440215377173,1.0,1.0,-0.14236732418488335,0.2672186986243561
1.0,1.0,0.8634194162200353,1.0,-0.06366587561303266,0.4850036149609097,-2.4920120446125624
-0.9945311216048516,-0.5659507632106995,0.663809970415321,-0.30015339391089113,-1.0,1.0,-3.4489899649387628
-0.5045017644915792,-1.0,-0.8116203578143011,0.14477474822544067,-1.0,-0.8033498499167879,-2.338989851682249
0.40712210771361657,-0.5169410679255364,0.6972412018225138,-0.37985747298414224,-0.6106035222784632,-0.9623175854858688,5.7204374068282
-0.10158381600481273,0.4911627066582232,0.6650027303724462,-0.9542104399584099,-0.5254443195123675,-0.6361449145996938,0.24458778098332817
1.0,-0.2726608519444393,0.16051178797034776,1.0,-0.01151411693767268,-0.5158491706879424,1.2668427449775463
-0.27451969763033757,-0.06388364709482619,-1.0,-0.30307906350093766,-0.4597918857477892,-0.5621108184554628,0.001444510799554155
-0.45162780160688343,-1.0,0.029592003430537694,-0.37769763184040145,-0.6553755589263242,-0.6580508495863704,1.9049640896964668
1.0,-0.24090776501126748,-0.41247958825127046,0.256043108990889,0.2098935748161419,-0.009997768200768253,-0.6681171639443594
-0.9503420886285657,0.6183839990366575,0.7556951694259562,0.4265463805071674,-0.8048186284425674,-0.42371728511022644,-1.7895061837937254
-0.3805502907883462,-0.3769513439996349,-0.03507294578800502,-0.42917432559393487,-0.47981435956779783,0.7007044198095743,0.4253325390010857
-1.0,-0.7204631673461344,-0.5049427512340421,-0.019445227051614333,-0.7069481819741569,-1.0,1.3137990629168077
-0.4123216318651928,0.21411540247620595,1.0,1.0,-0.5831827228814894,-1.0,0.847287158481848
1.0,0.12052075022282938,0.7007214061873388,1.0,1.0,0.0982958588823187,-2.589746807630701
-0.12482201039426977,1.0,-0.2577844427208589,0.050074612405966334,0.13138022875211075,1.0,4.754656729120076
-1.0,-0.1424561386187959,-0.611641837200685,0.02615777379934192,0.15448245419860873,-1.0,4.257974595821141
-0.1982606993570853,0.8942025913118339,0.9049134863399106,-1.0,0.7856421560831612,-0.07864689817633164,-1.4821626214522843
-1.0,-1.0,-0.3581043170628466,-0.6109934042288081,-1.0,-0.701478553609264,1.601747094974303
0.46573123281621304,0.30469976664333376,0.232788862347028,-1.0,-0.7875698711176775,-0.3666666193966601,2.509774786503473
-0.6320799802682192,-1.0,0.24166614698724698,-0.9335372297543698,-0.28672423090736543,0.5543738687300648,-1.6916053411479508
0.8555087175221706,0.10232433435857746,0.08323325590574016,-0.1311687951800108,0.7177840016077197,0.5862132794416481,-1.0186375803738252
0.8724928033045833,0.7976013595080651,-1.0,-0.8457610154803699,0.7085613335441409,1.0,4.491943115547576
1.0,1.0,0.34156789955482547,1.0,1.0,0.20967508869090176,-3.4297565372846166
-1.0,-1.0,-0.8571420444732152,-0.03876492691554834,-0.9780737396846562,-0.5052354873551661,-3.597186277465478
0.12224542562197813,-0.24128138863581924,0.5949822033150783,-0.36772647860589697,1.0,-0.9113344890541764,1.310603554178032
-0.5076643781264583,0.6002867362373712,-1.0,-1.0,-0.7583435547168996,-0.8490007925688472,-0.5685225310267845
-0.1398143248685691,-0.5839364115415286,1.0,0.5452693470891021,-1.0,0.4134638238316416,-1.1254145500962855
0.4303624350349264,1.0,1.0,-0.3781380935166432,1.0,0.05281216096822483,-1.9634317805892951
-0.5142454155028648,1.0,0.4030352940308081,0.013401972943499096,0.2626217046177035,-0.9321951336164681,0.9123563968804552
0.2641809524056262,-1.0,-1.0,-0.7437956485708419,-0.6568494357294014,-0.8862958233515065,2.853759651385469
0.35339003105388006,-0.0694633734970497,-0.5340727834568186,0.7555905183722544,-0.09387567187107893,0.196403650840262,-0.4537360254126523
-1.0,-1.0,-1.0,0.39639754534157995,1.0,-0.15532665723955064,-4.475470200827214
-0.24045667596633535,-1.0,-1.0,-0.17627523872363682,0.7100965622602406,-0.34863727378252657,-2.339037710808676
-1.0,-0.3224804828201771,0.06132010296567672,0.3372220668717076,1.0,0.11309049657150277,3.4157423567461533
-0.830952105949428,1.0,1.0,-0.1893608891147418,0.9256064099981027,0.337225048714914,-2.8637034910156127
-1.0,0.08177360737430062,0.6738053529141221,0.14145173398859406,1.0,0.04569435410298289,0.9862631339654446
-0.5459481179156361,-0.5202832508411376,-1.0,0.09694244729941726,-1.0,-0.8047960200589617,-1.1379827157674944
1.0,0.90908643773424,0.7898223773487419,0.07755700306634727,0.44763223923761897,1.0,-1.984394879340085
-0.5880042895416173,-0.624096168242218,-0.2586339674609473,-0.26343934904734323,-0.8643308252724455,-0.9659193582187553,1.73663854829148
1.0,1.0,-0.17381920947651863,0.08646312078998702,0.4248338102321751,-0.5664329855471826,0.35522943661236583
0.4535052855373179,-0.6683281313929982,0.46749216735944665,0.12907971966148324,-0.5173614926036467,-1.0,5.378926753774246
0.10695322060314827,0.5867582613557479,-0.5419010347443776,-0.4174943133355945,-0.9435996410257416,-1.0,0.5899908113666678
0.9634755112896461,-0.03045610019521594,0.20198377795601496,-0.11346597322002605,-0.03875653791871303,1.0,2.1132008321525864
0.6406842883861212,0.11208071629929628,0.6066401254393741,0.6722241773084743,0.3453557447887522,-1.0,2.9774223619986397
1.0,0.7513944466774165,1.0,1.0,0.7049532432245409,0.16985316995568356,-5.405835975931133
1.0,0.23641351519170906,0.14826717405880263,0.6880409103940821,-1.0,-1.0,8.775286368323778
0.8921823962155947,0.6636941853794882,-0.3750087053106474,0.7914195405328753,-0.5503426195841761,-0.4792840577210016,3.5209830401045963
1.0,0.8947273462334371,0.24502154106922913,1.0,-0.9519081142986096,-0.13975787739427692,6.005339776093615
0.8322341106600336,-1.0,-0.7665417245209403,-0.6299557713931204,-1.0,-0.80180454377535,7.752665242165548
-0.14576453287746677,-0.36736908327465406,0.25205541103954776,0.5915158087634595,0.5438092435498512,0.09908300233743839,-0.4104493134565017
0.3372982112732241,1.0,0.7863272127001746,0.0849087849564053,0.31553930850230555,-1.0,0.5295509981119841
0.9980235722415565,0.863001150904904,0.21706286368596084,1.0,1.0,0.8379391786058235,-2.1177190447965915
-0.508590519136535,-1.0,1.0,-0.37778020824087233,-1.0,0.6187490618866657,-0.7391334758276824
-1.0,-1.0,-1.0,-1.0,-1.0,-0.17208255059021405,-3.414743573309517
0.5028997199255414,0.10524449697169747,1.0,1.0,0.5595867521257796,1.0,-3.6120607136697473
0.713606640128164,0.19538469955402774,1.0,-0.7641315971669264,-1.0,0.43664429310909775,1.75602730733461
-0.6037491746526634,-0.6024388935657924,-1.0,-0.2937089366138794,0.8989191715338019,0.18841532219649204,-2.372836856215377
-0.3888792500139442,-0.8962359014138916,0.3150887118434026,-1.0,-0.009776285097900295,0.8204537532772858,-2.840713960577533
-0.697581675780304,-0.4887530172686987,-1.0,-0.10035043533553933,0.9538862762010252,-0.45292494611948464,-0.0025230273493390687
-1.0,-0.158607030465022,0.9500188675370487,-0.015239109260825612,-0.4372649492473766,-1.0,1.9157160737138985
-0.863369963182269,0.9073857527908832,0.9126004043822729,0.1147077858106268,-0.5956035424436807,-0.07960942015969774,-2.513827747372669
0.3858151467780635,0.44012565513290003,0.46274942161812377,-0.1571264794155966,-0.5857962989857373,0.8617653008169376,2.8892606338368427
0.21217731458277367,0.4585619574236792,0.4139361313484877,1.0,1.0,-0.9435465485743827,0.6751127488467695
-0.13110287174509694,-1.0,0.4503855715954752,0.448406451857786,-1.0,-1.0,4.480865365404077
-0.38361323674387926,1.0,0.6601717748751973,-1.0,-0.054996709405690014,0.3860557456043522,-1.429062349182386
0.652883428054141,-0.5243888981561372,-0.955615130942687,1.0,-0.45633812805920093,-1.0,2.1710741557020508
-0.12641849546493678,-0.29882240656417647,-0.8275836621258685,-1.0,-0.7760244887517895,-1.0,2.7246804999007876
0.898076232868164,1.0,1.0,0.365194659274952,-0.9616528552067297,-0.33101140855532296,1.7055100154616014
-0.3488175173878658,-0.7962319853204629,-0.11390114327710821,-1.0,0.03921042727581825,-0.7064316499648966,2.1675744319622385
-0.13087813585771002,-1.0,-1.0,-1.0,0.06778071910370309,-0.5569359308729243,-2.4977215505325914
-0.5309676756471087,-0.36942187461601567,0.26368133670495825,0.21826945822008292,0.9351697224595417,1.0,4.363350282200594
1.0,0.8010949724121477,1.0,1.0,-0.6625159721839056,0.16548740005484106,1.843208896437815
1.0,0.8626571947532518,-0.4422558208332396,-1.0,-0.038914801256599185,-0.036128075250492664,1.807039707018319
0.13957885032666884,-0.9963497543109077,-0.8529749377080831,-0.6709754383647144,-0.6357094003859176,-1.0,2.795032178364053
-0.8508566631934442,-0.7295607215635719,-1.0,-0.009705960935376456,-1.0,-1.0,1.565646478882107
0.2534746955206735,0.03011609904504914,-0.16052649782061912,0.4895399813279109,-0.42409534746110333,-0.6333946060047613,1.4993784392184435
-1.0,-0.5368605307762331,-0.4743217767254466,-0.7391312540840338,-0.5793304061631694,0.9099854969221242,-0.718780088985318
-0.9244967933979187,-1.0,-0.03993528664864554,-0.49126690427565634,-0.7016092518428606,-1.0,2.617262525313312
-1.0,0.46161008002365195,0.0023873822238711373,-1.0,-0.5773937268540124,-0.380554866942469,-1.059860354235912
0.7503980975980633,-0.01194452658837486,-0.6186340548502884,0.35885357276209684,-0.41925422284408675,-0.32578128673221995,-0.2233703890315608
-0.04358486816763696,-1.0,-0.18420949641390139,-1.0,-0.9294963083494401,-1.0,8.144066771592206
0.3445294666748472,-0.7239703456298389,0.25354287666191244,0.4362079537360293,0.09800498994930379,0.35569565073022713,0.11714250995267275
-0.42702591705618054,-1.0,-1.0,-1.0,0.033976967587132534,-1.0,1.9322141973150975
-1.0,-0.08899837848665015,-1.0,-1.0,0.15347065863621157,-0.971080454562219,3.9290917345631686
0.4465074366583107,-0.12318737370175437,0.10727646053906414,1.0,0.2590816516468061,-0.41455860668879396,-0.6935092827757602
0.3196926822057924,-0.002728284796289615,0.5338844903205534,0.8828277103995392,-0.002953780419548524,-0.9733384572320376,2.922951477985551
-0.5767797705370286,-0.4724179989988403,-0.8289498525869763,0.12873060011275078,0.6820212029769306,1.0,6.638880910834166
-0.5402706393200607,0.22041258086989698,-0.25351874735545854,0.7453861467191762,-1.0,-0.9807923761969984,0.267531603596134
1.0,1.0,-0.07104033217128602,0.8200539153829192,0.29598757640871953,-1.0,5.116322943936007
-0.5535305674710957,-0.5665003542485045,0.32783230564929905,-1.0,0.7958369198491466,-0.5536099065756833,3.1874398715721277
-0.01445246185413851,-1.0,-0.0707046663320323,-0.3692545998501522,0.6922047194051281,-0.1474082358857758,0.742899712744686
1.0,-0.1354555541322574,0.32906395722705006,1.0,0.7410754977133516,-0.7473371536725282,0.07309784165400932
0.4375779920456184,0.26831035275721016,0.318892046881166,-0.48919444537723333,-1.0,-0.7534120100287052,2.9797136407874847
-0.8261983065087063,-1.0,-0.07567300899866036,-1.0,0.5026511911196252,-0.7076856906828503,4.371540915607643
-0.2716515709835563,-1.0,-0.867783684905834,0.626452269978299,-0.3445679998143829,0.22327822717640844,-1.8089185952580193
-0.6404947879612265,-0.498977352241104,-0.11239884341159678,1.0,-1.0,1.0,2.6805054454254016
-0.35365931024511,0.3170241637583701,-0.5368940555630847,0.9575205347929797,-0.4002472886175813,-0.11297080321363476,-0.2961327334182315
0.30406157589235355,0.9752516162241378,1.0,-0.35413472699634857,0.08255800052324061,-1.0,-1.288991250130207
0.25579694245080786,-0.25859317446923696,-0.27143565180191265,0.10234054120405589,-1.0,0.24759861505336833,1.6928087930142155
0.567563876923326,-0.9488407742046769,0.5977823359947101,0.02729036225174586,0.07550616456359821,-0.4607689206765426,2.5268336783890275
0.7561024757119326,-0.4692973746146272,-0.9499561243368546,-0.5827257166547084,-0.7450593371473819,0.6010728228757001,3.6327643306907356
-1.0,-0.8070719137805489,-1.0,-1.0,-0.11619290270366545,-0.77618597046145,0.7147593851598328
1.0,0.20888444565815872,-1.0,0.1124170089584115,1.0,-1.0,-3.6787520604467505
0.4729344109492718,0.608545233224512,0.36805005147152503,0.8685388186019668,0.11295766488489567,-0.28797458474765175,-0.1342574368620415
-1.0,0.1285922827004654,-0.15462121367728818,-0.32900014133314426,0.5876249489988377,0.5834696834126084,1.898372540575
-0.20722377771642242,-0.9401518267498463,-1.0,-1.0,0.0430233510788216,-0.5368057732222343,-2.2112867664825213
1.0,0.805112806096156,0.6529587711860181,0.6568717921756281,-1.0,1.0,5.376858125863022
0.0871159095361842,0.8764465044258742,1.0,0.31780388306438256,1.0,0.4471321044274143,-3.332150876485926
-0.695931350377218,1.0,0.8105376250964156,1.0,-0.41919416512805996,-0.10559374877384453,-2.673599509838967
-0.6123695373357106,-1.0,0.151261948293822,-1.0,-1.0,-0.820286278602854,7.653776399982313
0.09791665508673741,-0.20923254705845762,0.5629368882259262,1.0,0.3359647034299653,-0.23008196197897526,0.3493202336927511
-1.0,-0.8728957519768888,-1.0,-1.0,-0.5319400573357118,-1.0,2.956729744401446
0.2989867954733928,0.21859332042205354,-0.30959673529765264,0.3702317324909117,-0.02143799783121969,-0.27441211391916426,-0.15573050671590327
-0.4848362915799851,-0.46874200453209747,0.8230782396485103,0.9118195402454459,0.01036226475463109,-0.7070487608958282,1.7537045993373885
-0.3135636285954958,-0.6669723558056666,-0.25371852437746206,-0.062256643358184705,-0.9409280876569766,-0.23154965493476287,-0.2471533120560763
1.0,-0.5337271281368283,0.7453253011136955,0.7808364037765454,-0.19157899849295168,1.0,0.8607718956207192
0.73047895807444,1.0,1.0,1.0,0.16463167138866808,-0.5620670596275612,-2.9083271575593597
-1.0,-1.0,-1.0,-1.0,1.0,-0.9096201436500141,0.9777890242846149
0.19440211781034922,-0.7404151159059216,1.0,1.0,-0.7662717524333718,-0.9806748184440373,2.864695915179982
-0.41017055452904594,-0.42305336674444893,-0.8669560317135743,-0.26148987953793323,-0.7365760139206542,0.624604227357866,1.2231312608040161
0.0004763669136547133,-0.761447148096347,-1.0,-0.4231437954840078,-1.0,-0.7947938445107732,1.3636198527639378
0.9065479086793605,1.0,0.6821917900388023,1.0,1.0,-0.7298257263995284,-3.4131086061068707
0.634133502113006,1.0,1.0,1.0,-0.4868304055207937,-0.8569516995727915,3.043385777892364
-0.05244279186521156,-1.0,-0.02271781350913349,0.2145638729611974,-0.6249550602843064,0.8105801953689833,2.0849831487792954
-0.16317097160123706,-1.0,-0.2829517790919036,-1.0,-1.0,-0.6846039891400335,5.554824444090337
-1.0,-0.5587734124757903,-0.3948932314313162,0.45522426039842534,0.44599261812512586,0.6770710946825729,1.1343781749195352
0.6006039059147714,-0.3157346223693346,-0.8033842895001732,-0.4182023293854462,-1.0,-0.8697124747293996,3.4951945641321958
-1.0,-0.18884983859354,-0.057415017394996104,-0.8016790678715435,0.5148321999802719,0.48332534849648034,1.509386040673309
0.021866592178400035,-0.7779039477955941,-0.005680672636366957,0.45875261919170984,1.0,-0.3066440357466037,0.4975679149653794
1.0,1.0,0.39954841028293253,0.854805063074713,0.5615410276925161,0.47597314325742895,-2.7917359643529225
-0.9585797955790549,-1.0,-0.006141651359762523,-0.6140553269282834,0.3741329461339004,-0.721817406084726,4.25887459990427
0.5603825265697953,0.3553864709859419,-0.4672582751703974,0.25860030369292164,0.07334138698771696,-0.7393905682160082,1.3155263272281426
0.7908501664112579,0.525229970334314,1.0,1.0,0.728093752752794,1.0,-6.0904589754025995
0.4955754466390483,0.715290017531336,0.8915884371712353,0.949632864580326,-0.6608698536717861,-0.9952245021948548,3.985644874211615
0.045688434654477694,-0.07527217989948597,1.0,1.0,-0.7079099848011929,0.7230509567946968,-2.648728440726214
-0.2395455339302593,-0.32137415680182146,0.2157995832030327,0.659369944594565,-0.14918483432899216,0.73431600096823,1.0709206369650521
-0.3011887228004453,-1.0,-1.0,-0.34323775551803515,-0.10767377195596706,0.3584928911062314,-2.284329241201161
-0.04123506613328355,0.7563788097161338,-0.39372540769368014,0.13462471823226707,-0.26698264309231046,-0.32165108201055226,-0.2851575112874464
-0.6954856429465043,-0.3493961610147195,-0.8180600604106752,-0.43239325684333224,-1.0,0.25175556640245844,-1.2243281796611334
0.7851539940092372,-0.455144192079598,-0.4416212000467508,-1.0,-0.18647134559260986,0.20707029464119386,0.855197204498721
-0.9243054958826861,0.6646050129147896,-1.0,-1.0,1.0,0.48590422851253545,5.151965336746511
-1.0,-1.0,-0.6694798441336199,-0.11281726013641191,1.0,-0.26010322041442824,-0.18386696305649874
0.6156871354636639,0.5052061860610506,-0.5934716721917912,-0.7905266407781976,0.009709968826340454,0.15896750256201364,0.5883118368255121
-0.31268666381510846,-0.2074550023690236,-0.8086885829847694,-1.0,0.5808702619324676,0.3040918478216572,0.3848948498068755
-1.0,-1.0,-1.0,-1.0,-1.0,-0.5582146359592537,0.2135008854014781
0.6997376021530038,0.17726860083313808,0.9609572583656228,-0.6781053065489099,-1.0,-0.45683704849677675,3.447509188523516
0.7047159458850594,-0.430566319508648,-1.0,-0.42131954117432,-0.4693580167208369,-1.0,4.7537174357481575
0.7345605232353702,0.2094976755750101,-0.2693659388669184,0.7189162066231861,-1.0,-0.0074034169855303755,2.147843726144578
-0.815536480612534,-1.0,-0.5354342691653667,-1.0,0.3249509856084941,-1.0,4.600902514750077
0.5698215091291625,1.0,1.0,0.9870283525714398,-0.35113001011174416,0.41909277248438304,-2.441353789838691
1.0,1.0,1.0,0.6519386546838246,-1.0,-0.42799965447523247,3.7725471748952373
0.6776595819375687,0.2073519649505411,1.0,1.0,-0.05634492003030389,0.19905178990488756,-1.5305228457371292
0.5253828019209601,0.5010873601272268,-0.7128869023511604,1.0,-0.3273346889227653,0.2199230641400306,0.7335906076104607
-0.45190511987647575,-0.06739825671546285,-1.0,-1.0,-1.0,-0.5227768102687094,-1.2581009860402108
0.13803884691866908,1.0,1.0,0.24596275956864488,-0.8038937897061664,-0.9879018723702504,-0.38246568792467706
-1.0,-0.19562387584063834,-0.8826587766175349,-1.0,1.0,-0.15934232194498654,0.0018885107919361932
0.6458300922323363,1.0,1.0,1.0,-0.6508801773519691,1.0,-1.6089934293304526
-0.11834865853548732,0.3884669960292291,0.5000807215009071,-0.91681790278354,0.2170804229297708,-0.8013829338732021,2.0101009052908863
0.20950425213124746,-0.3849071252777221,-0.5028272823649553,0.031367971572396236,-0.0003064887213732881,0.5531272450020144,0.12871232442801606
1.0,0.046517478141541724,0.3464169128208706,1.0,1.0,1.0,-0.6777874529508564
0.7055737801361379,1.0,-0.47437113200024433,1.0,-1.0,-0.6189837399650677,7.4533680108510225
-1.0,0.010844888275812703,-0.8961242438123352,0.29854221602859066,0.3821726525004153,-0.034711232483199926,0.2533408829873547
1.0,0.1982991739973088,0.4015715391246629,-0.22765949403729518,0.036132578110432134,1.0,2.03899056642069
-0.020039328791821187,0.2868611023706719,1.0,1.0,-0.9649111739875675,-0.012624438839028529,-2.0351154001356093
0.18572424417620498,0.8870387128351043,-0.04556536088734642,-0.033349875408865054,0.5692621788105613,-1.0,1.3648056581872838
-0.6676362228727825,-0.1731451067688907,-0.9592143176839873,0.8938121998361707,-0.6345152189798093,-1.0,2.23488408441919
1.0,1.0,1.0,0.596958172669501,0.9461691330239745,-0.6554101453120202,-4.480914403846869
0.011025936513658685,1.0,0.7921160790018063,0.6121138348725073,1.0,-0.3156473756810062,-1.5121501574243685
0.19007336480061826,-0.1663956713011574,0.07534949476164474,-0.2282714308364947,-0.18809872639682834,1.0,2.625548881049864
0.10805659855059763,1.0,0.5648384110132871,-0.15552801671523386,-0.09954215325693427,-0.27274793209903314,-0.9637642065222629
0.6259155201154113,-0.056368945221539124,1.0,-0.31628821600203,1.0,0.11060642027704648,-3.6813176219415378
-0.27484014078310803,-1.0,-0.34068161945507924,-1.0,-0.3020570103433533,-1.0,4.44253619920383
-0.37663316505858185,0.3001127842641864,-0.9288870258719166,-1.0,-0.316971938130032,0.3611092623840458,-0.6082647942696009
0.051111581636491765,-0.7833952057020721,0.19943188105423212,-1.0,-0.03834130986326734,0.4291052656888146,0.4689354780426538
-0.9764966889328568,-1.0,-0.00756964592232201,0.17325251248299756,-0.137347713669995,0.8879077506087795,-0.8171589085355844
-0.4576580924578032,0.25414320668835216,0.11128716201083932,0.42895343705343303,0.26802757065289495,-0.11420434599482437,0.24216094935613877
-0.08496125634254131,1.0,0.45241429930568966,0.024162679761980277,-0.16103120195329268,-0.6178745086660546,-1.0383396086697756
-1.0,0.7506114374731553,-0.3533975476536031,-1.0,-1.0,0.21269364274956698,1.5221558932966022
0.4048393722108268,1.0,1.0,1.0,0.5965550668241428,0.4386715928719437,-7.008029550762642
-0.30118809016875003,-1.0,-1.0,-0.11852912107335101,-1.0,-1.0,0.4948548297908354
-0.20726170725796245,1.0,0.9648915831509132,-0.6436927140448475,0.6485547737642536,0.42026393116116467,-2.252144338139177
1.0,0.7740646363796884,0.15759713428148325,-0.6956457209421557,-1.0,0.269620264761687,5.200784056974538
-1.0,-1.0,-0.30473167760650743,-1.0,-1.0,-0.04241972065971805,1.6149076737828567
-1.0,-1.0,-1.0,-0.4313399023050841,0.32602551017690856,0.8246802209346517,-1.70628406075115
0.07712480175124192,-1.0,-0.7197477830588641,0.5833300870377214,-0.23062492139124557,1.0,3.4368346841339186
0.817304102218946,-0.8224812269104902,-1.0,0.0807807674469884,-0.371052552416276,-0.7192114688160545,1.682677689706178
0.030764109564228204,0.2972634954172123,-1.0,0.18419521353276033,0.02189387681207733,-0.9850703036889275,3.3298593018751714
0.39587868945273375,-0.932737206889581,-0.6328371921516494,0.4656249661111991,0.6954327196064732,-0.46141857226397276,-3.459235184589099
0.33559654362315494,1.0,-0.28314471573867905,0.74957537310038,-0.38080908499866234,-0.6508747565657494,2.7795430409074626
-1.0,-1.0,-0.35312341901905375,-0.039719964642295214,-0.8567313254959352,-0.8693521744957877,-0.799013119065371
-1.0,0.15875284395006362,-0.7034601031003515,0.8490965784052035,-0.1473062899556933,0.22336493210490294,-1.0775687670985208
0.45066493466148994,1.0,0.17476160642216432,1.0,-1.0,-0.9592205063900585,7.753911193993352
-0.4476244416616749,-0.9732008970210858,0.5949638734577095,0.48214815308570746,-0.6399406404347705,0.6827326421893168,0.37902577393032577
0.34768105174533015,0.7924994415810349,0.29242642545308983,0.2536444638338674,-0.29034769259944165,1.0,2.574926709836756
1.0,0.7834593531559539,0.7710773201833128,0.11994601651017356,0.15676696667099255,-1.0,1.6909049311379194
-1.0,-1.0,-1.0,-0.6045227085054992,0.20915544224605775,0.8726314660762955,-2.070680071752053
0.059885171078774446,1.0,1.0,0.352790824861519,0.14150790804188923,0.2781106011497852,-2.7808473648191683
1.0,0.6248390457166855,0.06948818024618875,1.0,0.13889982135327697,1.0,2.842774259607449
0.017993998490732577,0.26997692083860814,-1.0,-1.0,-0.6277564607644213,-0.6389627357939529,-0.7290482970150065
-0.7015349497350023,-0.4796527867888368,-0.5451945169631224,-0.21036464033555968,1.0,1.0,5.744944773084064
0.22546191325892712,-0.06557320553375923,0.1565128489298001,-0.7364026904107439,-0.028516297377258804,-0.7423039096260933,1.6363909583199652
-1.0,-0.6333639952221077,-0.5677013098199477,-0.23231941554772173,0.6789905668439294,0.4062820718159449,0.6604894405495313
0.13316655946600758,-0.20220180030769952,-0.11684333469343355,1.0,1.0,-0.9834394631819677,0.10782540090348913
0.9781400486909729,-0.5245752672236796,-1.0,-0.14606932150524865,-1.0,-1.0,7.01498470571788
0.8500375529041275,1.0,0.6189001217189607,1.0,-0.929088140683684,-0.08468735217924439,3.3988308035365216
-0.09016406945928879,0.12915721365540284,-0.423805340762311,-0.2384051478985313,1.0,0.7570540254906015,2.8411699266497576
1.0,0.9168957395078496,1.0,0.27977277858819904,-0.08595753055456457,-0.5494450774445789,0.26285566634212476
-1.0,1.0,-0.8730493172245795,-0.02534506940039264,-1.0,0.04629914289686027,0.05838933380165648
1.0,1.0,0.9215023713758645,0.5636357806891596,0.5695399176278498,0.6225284851457915,-5.711674372202897
-1.0,-1.0,-0.8401891419468617,-0.18067186791999126,1.0,0.1031779554775083,-3.057355492819304
0.028146828714006977,-0.6661277141116452,0.8935030311518181,1.0,-1.0,-0.14162375935734978,0.4923395658750486
-0.26253703853656063,-0.5354609199719801,-0.1905351827868753,-0.09476996633646873,0.3666542782095906,0.4740290713527018,0.3491150333661359
0.13774625390470763,1.0,-0.17848034872709068,0.9235703394123348,-1.0,-0.9612461638266696,6.026449404408483
0.5584861087834379,-0.008444121822782785,0.3206410061308958,1.0,-0.8047101578508165,-0.8607040426467955,4.645663929994419
-0.5963062635994854,-0.6346227457189195,-1.0,-0.8638616729776079,-0.2293561340016126,0.49741637196560384,-2.1590875290889318
0.9894645839833193,1.0,0.1618364083178309,1.0,-1.0,-0.11675633248119066,6.005886527117118
-1.0,0.45896030180459924,0.5443835819601609,-0.19447811960644745,-0.3645712868387837,-0.9472871388270854,0.04552781123348604
-0.2836436535300924,0.3912611096215448,-0.20530566798322147,-0.09974767961594426,0.46271126821415387,1.0,4.765482621021973
-0.7698786380843408,-1.0,-0.514703538898564,-0.16520283096089639,-0.42239764858666595,0.7874524314287377,-1.88998287993503
0.009997616122715103,1.0,0.3039436569831033,1.0,-1.0,-0.45705855203291934,2.3109461095734924
-0.06143764821006546,-0.10909324865848044,-0.6680912118238671,-0.9796483289895106,0.010610078211910012,1.0,4.190372747835188
0.22289730357197868,0.32721381567324404,-0.1002234227363199,0.9521295061354571,1.0,0.564575249464234,0.8781396017123178
-1.0,0.345346484010126,-0.22383385598819278,-0.33954983795770644,-1.0,-0.5449415538049116,-3.11034705833886
-0.9129675857242747,-1.0,0.3270472316265629,-0.7579610731279947,-0.004264626335537147,-0.37080225833186004,1.7913322296615415
-0.08845653344034164,-0.27245898962257764,-0.3253860469180758,-1.0,-1.0,-0.7289739393490795,2.6817814456370264
0.8473156400560398,0.12890918875159296,1.0,1.0,-0.847333012464033,1.0,0.7933122638335146
0.48872382112776847,1.0,1.0,0.26610297811062,0.3147435735072814,-0.8612271155872355,-1.6236649486369625
-0.4782756673479478,-1.0,-0.8553741964377914,1.0,-0.1550523547442526,-0.34488990745254766,-5.511728174543515
0.6848748787214542,0.6557568202166546,-0.18167200910473427,-0.7149844698126557,-1.0,-0.9941873450416794,3.923253082012835
0.4710273147183545,-0.6024521348896547,1.0,1.0,-0.8379505302171891,-0.49481469779931175,2.4007589528137876
0.12676157653377473,1.0,0.3458639140490106,-0.5932333557553887,1.0,0.22560974452332255,0.8273973323055368
-0.582283364569046,-0.6654891051683302,-0.7431650399118309,0.41031220853475925,-0.4323009700374762,-0.9339902277652481,1.995584442905026
1.0,1.0,1.0,1.0,0.6007072875975122,0.5506681042649507,-8.014749482309053
-0.9098455842354858,0.7053282271853449,0.8280074393320381,0.3006823144692402,-0.08065811173353077,0.7782425580493935,-2.458673006414382
-0.346315629269253,0.6762935425160341,-0.16967106330851484,0.22488153215994588,-1.0,-1.0,-0.8506765773088134
0.039500038214147826,-0.8470190060370686,0.5629046110168802,-0.3498216657794995,-0.2867375893278177,-0.7131354748170964,3.212326263026086
-0.028839789359384804,-0.06680434561888787,0.19512170988582478,0.3259683197275687,-0.027157586243478138,-1.0,3.2755620504161866
-0.20991422511045793,-0.5244166967454466,-0.6658894608734952,0.948563908243894,0.5159142290438953,0.39814926130447015,0.3795640699910141
-1.0,-1.0,-0.2834445897690244,-1.0,-1.0,0.8765896518808857,0.6180056608176986
-0.22326037754359274,-0.35505360633993843,0.44007016180139336,0.9911842172587998,-1.0,-1.0,2.1663440801494804
0.2570742493906648,0.047116811650693646,-0.6920496805186919,-0.5805746658146407,-0.3288189839339011,0.33880065895394984,0.5508130880311699
-0.10655077325644308,-0.045722658851125864,-0.631139321062737,-0.5603167259775218,0.6272042453129576,0.5822015265987202,1.0556289107517047
0.6578580096688366,0.11387422382536636,-1.0,-1.0,-0.3101950488822358,0.7787249043050772,2.438072038231683
-1.0,0.7406368900125913,-0.25366890934179454,-0.8177513330563061,-0.9185959950245346,-1.0,-2.8791544602590955
0.022137199973577215,1.0,0.22353523315235557,-0.6137319112958336,-1.0,-1.0,1.2813618839118743
-0.5160687083919827,-0.9081711233070513,-1.0,-1.0,0.3627127467274729,0.6706455811464078,-3.0794883701586953
-0.12427190296619406,-1.0,-0.7461259238482584,-0.6349057930980881,1.0,-0.7422499430333894,0.5455532412338833
0.38257481258244136,0.5066566089103025,0.6287875100092213,-0.5386758353852672,-0.7931086748041979,-0.6735671907012936,0.8964348841862984
-0.5367315568008555,-0.266877683205436,-0.44526366499539843,0.19977030237017718,0.40336843775126563,1.0,3.6588649869275995
0.08269662763194452,1.0,1.0,1.0,-0.9567135247486054,-1.0,1.932439175254084
0.45200218624781807,1.0,0.8989533054438195,-0.1359618980905708,-0.1790948018313956,1.0,-0.8574077507098938
-0.7430108792952143,-0.6442592249087604,-0.021278408641366986,-1.0,-0.9904610621412182,-1.0,3.6268084007741925
-1.0,-0.5794358736578213,-1.0,-0.5864539934751818,-0.30272872207194174,-0.9850539480691161,5.225449984110957
0.2615085841018334,0.5935346281306764,0.679927915763261,0.5174004694415282,-0.8768153400351051,0.5899964833002804,0.24661560941196803
0.7762678721352037,0.2655743323380979,1.0,-0.9520257901845182,-0.7405554964517405,-0.22749979224431816,1.863178829471703
-0.5499749415787216,-1.0,-0.09115518707366038,-0.23057799552892222,-0.4606235759034767,-1.0,3.5118184978432785
0.04946174295031924,-0.3100133580231489,-1.0,-1.0,-0.0049024747329907414,-0.17044989576666916,-1.584982423833973
1.0,1.0,0.7125060409493091,0.06148651540559569,0.09887624956903579,-0.05270099778945411,-3.208449437192308
-0.1373062976662497,-0.1872997492561257,-0.5863908238423504,-0.3215448848603637,0.6332056676500827,-0.6068350056782941,-0.11773751816743483
-1.0,-0.10256107306879436,-0.25150545712403233,-0.1367643650723172,1.0,0.5258143208824724,2.893768725467567
1.0,0.1552873516668598,0.3582574891228497,0.26861601310110644,-0.36486833420768505,1.0,3.047454751453391
0.80766673627945,1.0,0.2664069895935477,0.7651139888352507,-0.1679784929577075,0.9206449464440025,1.8615843166010635
-0.5114050998347648,-0.1499502778079851,-0.7105507387748338,-1.0,1.0,-0.4609153396023386,3.1705524074199074
-0.4935277587097838,0.41006527694956585,1.0,0.12271621405926861,-0.5762447105135057,0.6163414813639652,-2.3880732763214243
-0.2868210139917078,-0.31278880931785413,-0.5686483272390317,-1.0,0.14913869248112022,0.23087382929427674,-0.3233444912136748
0.6328646233015418,1.0,-0.877563041446983,0.2491584989846759,-1.0,0.27576248462944086,5.2551376044651725
-0.852421290808759,-1.0,1.0,-0.22002091034632978,0.017311488559093258,-0.3307822098985067,4.2628314385810135
-0.31893530428794226,0.8563013318220813,-0.5818073796234392,0.9391539984034767,1.0,-0.0738292719870286,0.34051950806116865
-1.0,-0.20437662151506047,-0.2718336854045643,-0.6936662135989919,-0.7575601377714137,0.42806611786727505,-1.103763223371169
0.26104713403881896,-1.0,0.43576079885525504,0.7682067311819978,-0.38924768007020255,0.14700319988197352,2.2667601246687616
-0.9569131524738393,-0.19861713266726877,1.0,0.8160990684480561,0.2146452722004083,-0.39220930173585555,1.4974676633781145
0.7175917039392669,-1.0,0.023422904806787437,-1.0,0.04607607566086802,0.5714105800304452,-0.3025094663406164
-0.12245574337539811,-0.13958507625872452,0.39941827784836315,-1.0,1.0,0.5952292279064877,1.0013125011676125
-0.9586502083915479,-0.8455621029118224,-0.021132554170267492,0.3727147047888266,-1.0,-0.12756516904815784,-1.4486470715352775
-0.8996698726132053,-1.0,0.9365761139456386,-0.9050017302627725,-1.0,0.30066967220355334,0.8496378170946519
-0.43680401674945224,-0.3386324314006878,-0.2375959175108992,-1.0,-0.12308262613831,-0.6238157626595231,1.094333439804015
-1.0,-1.0,-1.0,-1.0,0.44690313255463476,0.7703896954718241,-4.383797843221174
0.9637956562630656,-0.3148851852409691,1.0,1.0,1.0,0.9871191684612073,-5.036187294349374
1.0,0.9526836926947839,0.4007171066842332,0.8167987955530822,0.3928256205084751,-0.994700800344016,2.9559702997348625
-0.2247992772164876,0.6968292411996517,0.2588155443797212,-0.15044976638177487,1.0,0.09649579942093073,1.5335923399545803
0.6473205840461297,-0.6557112153316598,-0.020419152491983783,-0.47617371183886914,1.0,1.0,-0.03713728850890574
0.3790455506038791,-0.34329426004377495,-0.6058490272495536,0.46022748749759845,0.470655413616222,1.0,3.5621019574901376
1.0,-0.0793998175498738,0.9582354593481268,0.842947549756349,-0.3932930510883575,0.7809282300575762,-0.2419137348473529
0.4739045610850897,1.0,0.4474500603094604,-0.7231199628283703,0.9570991010052632,-0.781030151670745,-1.36637291742222
-0.7452671235646693,-0.3416190594746793,-1.0,-1.0,-1.0,-1.0,2.4399234930368325
-0.3845477457291244,-0.1856065205854216,-0.42650832236187297,-0.5170489699580029,-1.0,-0.5595594124186425,-1.3036072308151807
0.6485807396373584,1.0,0.1973589005688723,-0.15090178393767228,1.0,-1.0,0.7949555985974858
-0.921988777558691,-0.8520670005459491,-0.5494588189576392,-0.09574498268356832,-0.5947649662415264,-1.0,2.344311271458948
-1.0,-1.0,0.249546407257482,-0.7267405423836379,-0.777504115024358,-0.4031216705954761,1.9459563412727907
-0.2207074824260873,-0.41510474828716704,-1.0,-1.0,0.29813548373079524,0.4454210910322668,-0.4400022671128034
-0.5358937738457147,-0.12440833362859849,0.47935847316503816,-0.008440697076522896,-1.0,-0.3765618529087238,-0.9823800154989066
0.2363122698150576,-0.13965531509566176,-0.27121134803124486,-1.0,1.0,1.0,3.755172650419179
1.0,-0.08497073207992112,1.0,1.0,1.0,1.0,-6.220120203553627
-0.996356163198002,-1.0,0.853370046616323,-0.06871779280524581,-0.8546874470289344,0.25243025254874185,-1.074603703937612
-1.0,-1.0,-1.0,-0.4063758500107597,-0.4005851060896416,-0.0064691112784526494,-5.78775136115764
-1.0,-1.0,-0.3570636316759894,0.8188262565461827,1.0,0.5943762630807323,0.5900523410887902
0.6394653419879751,0.49972458335590775,1.0,1.0,-0.41495729764096617,0.6845853810179565,-2.01333700528793
-1.0,-0.7532993522097079,-1.0,0.6700633293853807,-1.0,-1.0,-0.5729922159708135
0.9658243322091299,1.0,1.0,-0.951457895698099,0.6713614284032061,0.45780806533080587,-2.5779214038739786
-0.06740152390584475,-0.40450506792163254,-0.9389916602111549,-0.3818018066846147,-1.0,-0.6688829314844491,0.48143639400447874
0.00786042978353474,0.3503868845579321,0.7864214200612254,0.4457740353630827,-0.4438828558693427,0.1061702749785165,-0.9936476704981946
0.27773552487216446,0.1323407115239249,0.023595996258934382,-0.21479883669858146,-1.0,0.37517984335976007,1.094985091136029
-1.0,0.03585491634791636,0.3931422598395436,0.7157361043462027,0.0086510254732729,-1.0,3.3130051776488374
1.0,-0.8568531952731138,-0.4808349897829672,0.2586124254966269,1.0,-0.858006898639855,-2.9402517177492813
0.3660669656060924,-0.8097887874158143,1.0,0.850979676504014,-1.0,-1.0,5.197909771478139
-1.0,-0.7270550143308596,-0.5546907844550576,-0.5059739097905862,-1.0,-0.25202895641819234,-0.7948266262685684
0.160191821459361,0.9004708674912159,0.6727237075339444,1.0,0.4830524887674599,-0.06665542376922123,-2.6545823811469718
-0.63484038075033,-0.22761956365419722,-1.0,-0.4822976097130829,0.21344833239007355,-0.10644574033894716,-0.5470379477389057
1.0,1.0,0.16463498860442183,1.0,1.0,0.3441369496445219,-2.9582596652758153
-1.0,-1.0,-0.312132670810365,0.029838241316646363,0.44181744409210433,-0.0822751175913028,0.30054887576149536
0.6334327630660742,-0.03855349120014062,0.4467340264776275,0.5417019912047699,0.38375416843321,0.18603670710808795,-1.1215625916603906
-0.6483011610472534,0.6277955153654908,-1.0,-0.8281429577797687,-1.0,-1.0,1.068311871967385
0.6714569512124036,1.0,1.0,-0.5881474560243232,0.08853245146529165,0.07191676858502505,-3.6537664742221425
-0.625980416947771,-1.0,-1.0,-1.0,-0.001337843969356628,-0.28734216049041106,-4.878952831057128
0.7943659010621333,0.05867075406683009,0.7904771343212256,0.9198296453810204,-0.971230765981639,-1.0,6.578684441444854
-0.8640084087486256,-1.0,-0.31963202532655344,-0.17969312865799036,1.0,0.884844508479648,3.4552689381277846
0.6097883780823726,1.0,-1.0,1.0,0.3791078559594725,0.7742250307084348,2.319617394277498
0.19583377633709032,-0.6534717222767976,0.7077517000487343,0.7277161212312787,-1.0,-1.0,4.602256480855486
0.9431420982603022,0.25892024505090583,1.0,0.8915526331484745,0.7918919996073148,1.0,-5.767467476598052
-1.0,-0.4371408007975921,-0.014480152348679054,-1.0,0.048637956101914126,0.8673290890367464,-1.11620297330051
-0.8480145450015653,0.43619903723331255,-1.0,-1.0,0.26306347596813673,1.0,8.406751297746798
0.6261872204750711,-0.5766058199454751,-0.16349121175623071,-1.0,0.33422475155881815,0.3865568912490783,-0.7395482724121204
-0.007664962355275681,0.15815243603347923,-0.7432598619094071,0.8406610601740414,-1.0,-0.8597105667453661,0.49401903141828496
-0.6024335555946662,-1.0,0.7312227949413547,-0.15236459300773036,-1.0,-1.0,3.4877152348217755
0.6878212296034951,-0.107991899402825,0.2787778139417043,-0.2747857330564595,0.9538143432703999,1.0,1.8044180623348796
-0.13911055364420616,-0.5456346928011265,0.18005017194909023,-0.999620792085845,-0.03322701736235002,1.0,0.5214146132584416
-1.0,-0.9210630724088325,-0.5318681702748778,-0.1365548867187254,-1.0,-1.0,0.11752948995544678
1.0,0.716393813504889,-0.6813511699873686,0.9400526321589073,1.0,1.0,0.4385860994174952
0.9866512243989085,-1.0,-0.16042075073450524,-0.5235781578623541,0.717902245168179,1.0,-1.823939942428058
0.2834433710036003,-1.0,-0.6008669747053941,-1.0,-0.17153610382179085,-0.2353949199616221,-1.00592679202127
-0.2852076799288924,-0.40348978914929223,-0.33745318049031114,0.0011301843179111204,-1.0,-0.3264758822035899,-0.884149874776285
0.38521538856659876,-1.0,0.21403920815921432,-0.12978120901505708,-0.2745027603629603,-0.7710002137834948,4.390115567381596
1.0,0.31170941390665696,1.0,0.9020506470966938,-1.0,-0.6618403174888652,6.34334095414393
0.1261042692866009,0.952208929388519,0.4573465997055113,0.04893236777435317,0.17905441038484082,1.0,1.7069612292825231
0.8159614952481473,1.0,1.0,0.36834414542050564,0.6280414360285086,0.07620564011677705,-4.883100874645611
0.50844505479589,0.03224462752565613,-0.7661382208865797,-0.13107752034545062,-1.0,-0.9647188507858969,3.089807861690688
0.2604667830966738,-1.0,0.4216388302377063,-0.4493180467485074,0.3122927634166529,0.37995648747976807,-0.5030679705827974
0.3263936900975577,-0.478889019959022,-0.2681800078259189,-1.0,0.09318998629428821,0.6558036161774228,1.2443381512879403
1.0,1.0,0.1398939832755075,0.5360915692250585,0.5541087807752434,0.8453042959344308,0.05395552742795523
1.0,-1.0,-0.11146411361480185,1.0,-0.23193550682775166,0.9742551260000645,5.161222483442964
0.3378435722779639,0.7047279997862795,-0.2827863819244647,-0.8417130060766916,-0.29527218420861434,0.8561090154179518,4.643441735907722
-0.2463441888677783,-0.2695202821330749,-1.0,-0.7904694785934603,1.0,-0.031781791055719544,-0.4612421400939309
0.17282002263106322,1.0,1.0,0.14985946867631705,-0.5262621069384984,0.32558974912246885,-3.552910395562723
-1.0,-0.6709642406864285,-1.0,-1.0,0.5442031048380354,-0.5105786890142232,-1.1901373606865246
-0.6217713709707691,-0.6894565101283017,0.7558847132400791,-1.0,0.3828217782332936,1.0,-1.7421348569733097
-1.0,-0.24077685452282205,-0.9504814409098741,-0.6937167875450881,0.5227207030448479,-0.10447556396846397,-0.7482653739946276
0.9259769062540176,1.0,0.4196409785848815,0.9690671961643196,0.2373726510746802,0.14648151071824245,-1.3909114576371413
1.0,1.0,0.2996791588186033,0.07902024316453911,0.410510575814043,1.0,0.510581797039157
-0.9957744130728151,-0.9121262271624528,-0.5672567175715806,-0.7270483611176175,0.1939039589395089,0.4108795182087578,-2.171836462673286
1.0,1.0,0.6955375470245602,1.0,-0.1561941313311348,0.24131162970327477,-0.694988466699836
-0.08571243914040028,-0.21446051479019013,0.9187362646911987,-0.35450347391924625,1.0,0.3664793970893787,-1.728215139616586
-1.0,-0.5892020048805573,-1.0,-1.0,-0.9504826334780294,-1.0,4.644340453840475
0.30526377229107526,-1.0,0.07055930095451945,0.894908529683334,0.7977080599570905,1.0,2.4323111039859318
-0.3072303950491883,-0.3853177043546423,-0.8514724624697046,-0.3267668398650909,-0.031138196611546598,0.3580631744557219,0.4236248253815489
-0.19086825933479035,0.008373272592208603,1.0,-1.0,1.0,-0.2706228195845207,0.14859068821151067
-1.0,-1.0,-1.0,-0.1783945648643247,0.48808192713161846,0.4353546889980002,-4.352153829467103
-0.04059379350729919,-0.1449796148877589,0.7594014018339863,0.5057585991580102,1.0,0.48240868404616033,-0.884532759221357
1.0,0.1855979349299185,1.0,1.0,-0.7965607621891224,0.7321484134252422,1.1593589978107182
-0.5356989890432914,0.3089903836473967,-0.12189847528748998,-0.3031960908018624,1.0,0.9936182232170898,6.423285876946391
-1.0,-1.0,-0.06024216330653509,-0.8985811993468624,0.5151788769826433,1.0,-1.4796083662618336
-1.0,-0.9649135813575491,-0.9270919740615753,-1.0,0.8469595446511269,-0.029130406764483557,-5.744226207568608
-1.0,-0.7925913140646201,-1.0,-1.0,-1.0,-0.3547479642502852,-0.5045048863237394
0.9980322590158077,0.42306534191727074,0.1389854194187048,-0.8337458272709168,0.29420938589543827,-0.24109474842974754,-0.42622753031535154
-0.925331835335353,0.25061010466871203,-1.0,-1.0,0.29101648713099904,-0.9672508002988092,4.299370831347074
0.42259465421647663,-0.7269369057285906,-0.1567810197170888,0.5430707318007182,1.0,0.5659298751835973,-0.15945127764739508
-0.551018324247674,-0.4905769120473677,-1.0,0.4605103919305821,-0.4783841679223148,0.2830109535480768,-0.8224727741402231
1.0,1.0,0.03837085194512235,1.0,1.0,0.12719390218438353,-2.0457112747662483
0.34875307294859015,-0.15996085983086572,0.5787920859227633,-0.8871416039743074,-1.0,-0.25655265239442093,2.564724719300518
-0.13393784022303273,0.8938831561839504,0.03505074980690644,1.0,1.0,-1.0,0.6647113363793157
-0.9967831452424422,-0.6486025116648229,-0.9276364182683465,-0.946287392519116,1.0,0.3328989194274854,-2.583178598480304
-1.0,0.5764763876799562,0.7116760830263906,-0.14306912699433877,0.7053828752054421,1.0,1.7072975193626072
1.0,-0.1940669425135954,-0.6083364081264347,0.8458926684976458,-1.0,0.645880456637617,5.083459715225907
-1.0,-0.1442275521551532,-0.2553291182785892,1.0,-0.945229577087456,-0.5995712789008548,-2.52658918260048
1.0,1.0,1.0,0.39175290506248994,0.1787438866785236,0.5006771626232999,-4.288768434428459
-0.5851072534615983,-0.21120756189868525,0.974344633852646,-0.375821616064277,-0.5923730644114216,-0.4869639424085305,-0.35248305663709745
1.0,0.8259035515245445,0.9184831652016494,-0.08519042438344493,-0.24149793887450488,0.3710230874612396,-0.3472279466473728
0.6356960233716455,-0.7315006457056756,-0.7811989187900545,-1.0,0.5626212469341367,1.0,-1.7171436316901194
0.4102827249683484,-0.5076377687863005,-0.13820374087552734,-1.0,1.0,1.0,2.2021967266528937
1.0,1.0,0.3575777795142594,1.0,0.6896911248391955,1.0,-0.5473306538496269
0.09522103437480373,-0.29959387744711596,-0.5999580930502388,0.3968347558859464,-0.35070394300826513,-1.0,3.094632512226612
-0.9134215455588388,-0.5687766954879715,0.17035748414710225,0.49295951715746894,-0.02336087219779981,-0.12286857766549114,0.4075132462808675
0.7801315942687288,0.5122772812802401,1.0,0.26139243428525294,-0.7102890919276281,-1.0,4.351696201665403
0.12605604462170916,0.35250981519035984,0.4965524835786411,0.3927472302526738,0.21194415674822986,1.0,1.2118943372571447
-0.9395213505562487,-0.6848393649075488,-0.7594066050568836,-1.0,0.0727792148658023,1.0,0.6078468443965943
-0.9232554626680238,-1.0,0.4755578529980048,-0.8664816564144215,0.05853822198671116,1.0,-2.5114376721901057
1.0,0.825338024743462,-0.10720014265478339,-0.07011624759105628,1.0,0.7403135064774682,0.5121027100893589
-0.2494851500785049,-1.0,-0.4287232596468529,-1.0,-1.0,-0.17046312827848686,4.443278225715235
0.25024082550393056,1.0,-0.35556282964980707,0.8491223835003137,1.0,1.0,5.126624746792312
1.0,1.0,0.8371074259852884,0.6897300070250791,-0.4121799564621531,-0.9593695730868328,4.7429878923045505
-1.0,-1.0,-0.6896507855434639,-1.0,0.031132442939547533,0.8310666783352885,-4.219389374930105
-0.4877768783079054,-1.0,-1.0,-0.7238160635625719,-0.3033596741091441,-1.0,2.8893887727390224
-0.2628062862941564,0.30408132312796865,0.2677396059307021,1.0,-1.0,-0.4520470272518752,0.9115975917549466
0.42139631208739003,0.8655394522625259,0.502551838273542,0.4846349308773663,0.4997386625914473,0.41686773311969416,-1.3602633140254436
-0.358453517402279,0.8824193677743774,-0.6931029393517181,-1.0,-1.0,-0.7009337240425625,1.6688921164232053
-0.8795476834075022,-1.0,-0.23517634485644567,-1.0,0.5991581131313085,0.045216256989511594,-1.2664123640361704
1.0,0.08487933605033704,0.6591876017681446,1.0,-0.13715371431280138,-0.7895077353938605,4.038470005655373
0.5624697041723857,-0.872316066936889,-0.07213567351463979,0.6388790103766103,0.022849654326968172,0.7449375143611228,1.52982294457901
-1.0,-0.6555672557981628,0.12510855179922176,0.756359698541994,1.0,0.9570937978984224,4.715824855564701
0.07603090459259021,-1.0,-0.05994812700502128,-0.8046842908029384,-1.0,-0.8760230674224934,7.534870613138801
0.6945513492515909,-0.2335275535301825,-0.17248671419696804,1.0,0.8905799551011873,0.2628058390949509,-1.4138758636535136
-1.0,-1.0,-1.0,-1.0,0.8706172925991422,-0.5784350883868579,-3.0353600574211783
-0.17526210646185136,-1.0,-1.0,-1.0,0.3932383290968815,1.0,-0.6124118549165438
-0.4500003591402614,-0.18878188878089464,-0.9977730079890492,-0.14240104548052812,0.41269894099019433,0.24710440006349677,-0.012733110548275639
-0.43976071024453134,-1.0,-0.20666137768029702,-0.2536700748364866,-0.40645391298785843,0.10616279385326362,-0.8623143468302205
1.0,0.9441955615148081,0.4898866087990825,1.0,-0.9296207203453196,-0.22739117631887745,5.646381149826469
-0.7575214648367639,-1.0,-1.0,-0.7524760580984908,-0.115443106451383,1.0,-0.14414423053128522
1.0,0.03981195258846082,0.15106644738084496,1.0,-0.12244643051380188,0.9253825802986024,1.2764040812256263
-0.1216147236137537,0.3373164479693189,-1.0,0.2694868778749575,-1.0,-1.0,0.9871360424963298
-0.2997218466837097,0.888938085890082,0.7118931894882499,1.0,1.0,1.0,-0.37964595047760225
-1.0,-0.11223278715356122,-0.9112095335217139,0.022207950591696946,-1.0,0.0071568447245988764,-3.5889331379625946
-1.0,-0.34775736961685544,-0.9143886414578597,0.021913661209603363,-0.43830460697628926,-1.0,4.440711651389957
0.31903721608533625,0.2920883392588969,-1.0,0.7586453361188783,-0.26935675519831537,0.6146798082314135,1.2034985640607427
-0.6048307792920224,0.40736814733820864,-0.4050656519848417,-0.8089222239272769,-1.0,-1.0,-0.60404618670915
0.9386000010098834,1.0,-0.4246766561252811,1.0,-0.022225497783008308,-0.4591029799306036,2.3888885954334063
-0.16924063174582907,-0.1112537026097225,0.5462364101117689,0.49589157875461676,0.9091729952038836,0.6826528379001419,0.07654115766878467
-0.7853758006262562,-1.0,-0.4699480637673441,0.5821223485547877,-0.796687242695347,0.4646610718534744,-2.0269269314696134
1.0,0.19969825661887025,1.0,-0.10755210925565128,1.0,1.0,-6.057542409777815
1.0,0.5831634515270236,1.0,1.0,-0.28605771327084195,-0.575764029843845,2.555610303174973
-0.5898121102520827,-0.2639613574575138,0.4242492394319562,0.25028462786373884,-1.0,1.0,-0.3550572397664342
0.7449729398619805,0.09771458173145597,0.8870508472439645,0.15993712971575713,0.37417904018589776,0.4677289238786312,-1.580500643224998
-0.6254573605664513,-0.3522156405341774,0.36135731763585677,-1.0,-1.0,-0.12784700542290306,0.32425001769404427
1.0,0.5697996041702982,1.0,1.0,-0.3760344049129427,-1.0,5.146889424580392
