stage,model,degree,alpha,l1_ratio,fold,train_mse,train_r2,validation_mse,validation_r2,fit_seconds,iterations
degree_curve,ridge,1,1.0,,1,8.51041594505229,0.154386476105375,7.47139319180723,0.0756990761329765,0.003674100000353,
degree_curve,ridge,1,1.0,,2,8.366522026270097,0.1523019296926027,7.942676804771334,0.1400065034450162,0.0027215000009164,
degree_curve,ridge,1,1.0,,3,8.144648286333695,0.1342848055650858,8.834599743354984,0.2028404274904696,0.0025491000014881,
degree_curve,ridge,1,1.0,,4,8.104380988641747,0.1691757804773955,9.141103068413395,0.0367471988685795,0.0032081999997899,
degree_curve,ridge,1,1.0,,5,8.104311699930513,0.1557261351918576,8.950993586039244,0.1331189539244591,0.0030628999993496,
degree_curve,ridge,1,1.0,,6,8.300525295531836,0.1513687830287361,8.19000066568121,0.1389681877402923,0.002699599997868,
degree_curve,ridge,1,1.0,,7,8.467794893816876,0.1523709208606533,7.554816159141187,0.1382070395103212,0.0027053000012529,
degree_curve,ridge,1,1.0,,8,8.281915129722792,0.1603644495127575,8.271276893812539,0.0962106738445698,0.0027754999973694,
degree_curve,ridge,1,1.0,,9,8.157510457112743,0.1517720107454718,8.773566359168212,0.1299311705128143,0.0029208999985712,
degree_curve,ridge,1,1.0,,10,8.06431803488916,0.1470243001762821,9.165689020061698,0.1569386904955978,0.0026715999993029,
degree_curve,ridge,1,1.0,,11,8.289739855823994,0.1530640951970517,8.257831352806418,0.1330716974484553,0.0026840000027732,
degree_curve,ridge,1,1.0,,12,8.267698881401495,0.1372585641395901,8.340469203763131,0.1971788523094056,0.0032494999977643,
degree_curve,ridge,1,1.0,,13,8.101516199759295,0.1639587324955679,8.987119164702252,0.0954043225983038,0.0025746000028448,
degree_curve,ridge,1,1.0,,14,8.217115747606623,0.1471891701161831,8.506530231863794,0.1636119769172154,0.0035050000005867,
degree_curve,ridge,1,1.0,,15,8.401990090020208,0.1614272424072907,7.810568230744341,0.0835860361990514,0.0037723999994341,
degree_curve,lasso,1,0.01,,1,8.511256992693532,0.1543029077740192,7.457492407145948,0.0774187698734943,0.0032974010027828,11.0
degree_curve,lasso,1,0.01,,2,8.367265485957615,0.152226602174133,7.930537604876585,0.1413208755665902,0.0036747000012837,12.0
degree_curve,lasso,1,0.01,,3,8.145316263808393,0.1342138045557044,8.854368283814111,0.2010566815688291,0.0036548999996739,10.0
degree_curve,lasso,1,0.01,,4,8.105133046219219,0.1690986829605445,9.13203936197971,0.037702295922572,0.0032648999986122,11.0
degree_curve,lasso,1,0.01,,5,8.105051128343636,0.1556491045805965,8.947538048788141,0.1334536139505439,0.0031308010002248,11.0
degree_curve,lasso,1,0.01,,6,8.301379035089738,0.1512814981866082,8.176799279065824,0.1403560769854563,0.004027799997857,11.0
degree_curve,lasso,1,0.01,,7,8.468550269221208,0.1522953075319878,7.5693166368666365,0.1365529410697643,0.0034759999980451,11.0
degree_curve,lasso,1,0.01,,8,8.28257249211169,0.1602978049235982,8.263165931146515,0.0970969458889601,0.0037516999982472,9.0
degree_curve,lasso,1,0.01,,9,8.158146992967332,0.1517058229629534,8.782800843682477,0.1290153927317701,0.0038106000029074,9.0
degree_curve,lasso,1,0.01,,10,8.065100745161134,0.1469415116702846,9.156308616125298,0.1578015013120016,0.0032926999992923,11.0
degree_curve,lasso,1,0.01,,11,8.290464545252116,0.1529900560224598,8.253661827191388,0.1335094249351829,0.003044699999009,11.0
degree_curve,lasso,1,0.01,,12,8.268555407024412,0.1371691849596796,8.34078917189999,0.1971480534202087,0.0039271999994525,11.0
degree_curve,lasso,1,0.01,,13,8.102257883034264,0.1638821940045,8.978725594568026,0.0962491747831073,0.0032081999997899,11.0
degree_curve,lasso,1,0.01,,14,8.217751364655156,0.1471232027963478,8.51694579147215,0.1625878872975132,0.0058712999998533,9.0
degree_curve,lasso,1,0.01,,15,8.402667775548847,0.1613596050241894,7.796986326526792,0.0851796010092245,0.0042448999993212,9.0
degree_curve,elastic_net,1,0.01,0.1,1,8.510608627681732,0.1543673307382947,7.466668682793644,0.0762835545473723,0.0055044000000634,11.0
degree_curve,elastic_net,1,0.01,0.1,2,8.366716650962148,0.1522822102709161,7.939702771802299,0.1403285169267146,0.0041113000006589,12.0
degree_curve,elastic_net,1,0.01,0.1,3,8.144806392928146,0.1342680000166637,8.843887223499092,0.2020024038203042,0.0032142000018211,12.0
degree_curve,elastic_net,1,0.01,0.1,4,8.104584946280687,0.1691548716693784,9.13393858629714,0.0375021632766483,0.0059370000017224,11.0
degree_curve,elastic_net,1,0.01,0.1,5,8.104493051528362,0.1557072427281823,8.950115587649137,0.1332039858436035,0.0044071999982406,11.0
degree_curve,elastic_net,1,0.01,0.1,6,8.300721825320041,0.1513486901662489,8.186463492502076,0.1393400581169905,0.00528789999953,12.0
degree_curve,elastic_net,1,0.01,0.1,7,8.467954441259344,0.152354950108712,7.558393544278578,0.1377989600463843,0.0033801999998104,12.0
degree_curve,elastic_net,1,0.01,0.1,8,8.28210460785747,0.1603452398764084,8.267760720603778,0.0965948805221831,0.0031411010022566,11.0
degree_curve,elastic_net,1,0.01,0.1,9,8.157679513538282,0.1517544320500278,8.776228933661082,0.1296671247442412,0.0050345999989076,11.0
degree_curve,elastic_net,1,0.01,0.1,10,8.064529235889056,0.1470019611117869,9.162717254980269,0.1572120338477024,0.0031606000011379,12.0
degree_curve,elastic_net,1,0.01,0.1,11,8.289920875174861,0.1530456010355485,8.256712244785955,0.1331891842770307,0.0034262000008311,11.0
degree_curve,elastic_net,1,0.01,0.1,12,8.267883025007357,0.1372393485971272,8.342949793975027,0.1969400803372046,0.0056804000014381,12.0
degree_curve,elastic_net,1,0.01,0.1,13,8.101705374233742,0.1639392105118434,8.983639695731513,0.0957545474626793,0.0051597000019683,12.0
degree_curve,elastic_net,1,0.01,0.1,14,8.217282266769216,0.1471718879761228,8.510120425538561,0.1632589781141458,0.0033102999987022,11.0
degree_curve,elastic_net,1,0.01,0.1,15,8.402196856407981,0.1614066057892854,7.803128314516397,0.0844589615636824,0.0052269999978307,12.0
degree_curve,elastic_net,1,0.01,0.5,1,8.510822972005753,0.1543460330179091,7.462546863673137,0.0767934729954168,0.0045200999993539,11.0
degree_curve,elastic_net,1,0.01,0.5,2,8.36690723866907,0.1522628998775562,7.935603497209831,0.1407723659686393,0.0043905999991693,12.0
degree_curve,elastic_net,1,0.01,0.5,3,8.144992621966189,0.1342482052628314,8.848718939054388,0.2015664306671973,0.0059020000007876,10.0
degree_curve,elastic_net,1,0.01,0.5,4,8.104775363281188,0.16913535098593,9.133074841142268,0.0375931812789254,0.0040331000018341,11.0
degree_curve,elastic_net,1,0.01,0.5,5,8.104683751946707,0.1556873763428335,8.948922265869815,0.1333195560339314,0.0040165999998862,11.0
degree_curve,elastic_net,1,0.01,0.5,6,8.300937883702007,0.1513266007344242,8.182109081363135,0.1397978464209641,0.0055350000002363,11.0
degree_curve,elastic_net,1,0.01,0.5,7,8.468149600393582,0.1523354146146059,7.563128053766791,0.1372588850978529,0.0051036999975622,11.0
degree_curve,elastic_net,1,0.01,0.5,8,8.282288574211908,0.1603265890343195,8.265976787950327,0.0967898080178367,0.0050517000017862,11.0
degree_curve,elastic_net,1,0.01,0.5,9,8.157845888768762,0.1517371321485501,8.779131516310484,0.1293792775239811,0.0043783000000985,9.0
degree_curve,elastic_net,1,0.01,0.5,10,8.064730982734961,0.1469806220281436,9.159843954631262,0.1574763204004678,0.0063789000014367,11.0
degree_curve,elastic_net,1,0.01,0.5,11,8.290106509515837,0.1530266353754348,8.255314841264504,0.1333358872806492,0.0038294000005407,11.0
degree_curve,elastic_net,1,0.01,0.5,12,8.268104791215162,0.1372162071040357,8.341921729058406,0.1970390378701801,0.0046039999979257,11.0
degree_curve,elastic_net,1,0.01,0.5,13,8.10189569622227,0.163919570109652,8.9814203964104,0.0959779303438838,0.0040609999996377,11.0
degree_curve,elastic_net,1,0.01,0.5,14,8.21744894880627,0.1471545889321865,8.513098322777203,0.1629661821660351,0.0041135999999823,9.0
degree_curve,elastic_net,1,0.01,0.5,15,8.402386976940258,0.1613876305349327,7.799672598830233,0.0848644206821702,0.0060854000003018,10.0
degree_curve,elastic_net,1,0.01,0.9,1,8.51115502568523,0.1543130394387658,7.458494213925572,0.0772948343626503,0.0050029000012727,11.0
degree_curve,elastic_net,1,0.01,0.9,2,8.367182879459724,0.152234971884825,7.931545394429163,0.1412117571317834,0.0032881000006454,12.0
degree_curve,elastic_net,1,0.01,0.9,3,8.145242137557581,0.1342216836217337,8.853220160696855,0.2011602784900171,0.0034411010019539,10.0
degree_curve,elastic_net,1,0.01,0.9,4,8.105050588860585,0.1691071361133177,9.132242358304516,0.0376809049835324,0.0037525999978242,11.0
degree_curve,elastic_net,1,0.01,0.9,5,8.104965885949621,0.1556579847826549,8.947805085811575,0.1334277520915234,0.0041258999990532,11.0
degree_curve,elastic_net,1,0.01,0.9,6,8.301275131960809,0.1512921210611386,8.177850337306218,0.1402455770455347,0.0032135000001289,11.0
degree_curve,elastic_net,1,0.01,0.9,7,8.468455780591345,0.1523047658751957,7.568052150279566,0.1366971835789685,0.0030270999995991,11.0
degree_curve,elastic_net,1,0.01,0.9,8,8.282512479362488,0.1603038891247671,8.263776733774433,0.0970302044531954,0.0042944999986502,10.0
degree_curve,elastic_net,1,0.01,0.9,9,8.158078137438006,0.1517129826457385,8.782054132588442,0.1290894435818982,0.0030759000001125,9.0
degree_curve,elastic_net,1,0.01,0.9,10,8.065016018437786,0.1469504733500979,9.157010646147224,0.1577369284961116,0.00366330000179,11.0
degree_curve,elastic_net,1,0.01,0.9,11,8.290381438009337,0.1529985468206128,8.253983839674888,0.1334756192392568,0.0037505000000237,11.0
degree_curve,elastic_net,1,0.01,0.9,12,8.268449424422148,0.1371802443346963,8.341002595882197,0.197127510057221,0.0037217919998511,11.0
degree_curve,elastic_net,1,0.01,0.9,13,8.102174070593994,0.1638908430841376,8.979256634842466,0.0961957230898583,0.0041801500010478,11.0
degree_curve,elastic_net,1,0.01,0.9,14,8.217682268697445,0.1471303738990615,8.516163400756644,0.1626648143413236,0.0035330749997228,9.0
degree_curve,elastic_net,1,0.01,0.9,15,8.402604590991738,0.1613659112501818,7.797518682986322,0.0851171396262853,0.0036972000016248,9.0
degree_curve,ridge,2,1.0,,1,2.761720129958964,0.725589453419956,2.7850950781898063,0.6554503440334054,0.006104583000706,
degree_curve,ridge,2,1.0,,2,2.783279102652994,0.7179974764857352,2.6473778202676472,0.7133551113415055,0.0084652749974338,
degree_curve,ridge,2,1.0,,3,2.6683041114775703,0.7163792306961452,3.1699683179190976,0.7139688653035103,0.0081733169972721,
degree_curve,ridge,2,1.0,,4,2.684367549790007,0.7248108674071769,3.1324027637236225,0.6699199523463761,0.0069116669983486,
degree_curve,ridge,2,1.0,,5,2.695439650393558,0.7192001819211384,3.06923823934048,0.7027520542831879,0.0129319670013501,
degree_curve,ridge,2,1.0,,6,2.7501447005618243,0.7188300064164413,2.76258635603074,0.7095635478242976,0.0050201659978483,
degree_curve,ridge,2,1.0,,7,2.739333418030027,0.7257918157328191,2.8696398494189084,0.6726544538906416,0.0071528169974044,
degree_curve,ridge,2,1.0,,8,2.758186551245063,0.720370053661891,2.732269921953765,0.7014491929916389,0.005514274998859,
degree_curve,ridge,2,1.0,,9,2.6010201802325708,0.7295427166059676,3.504152371337409,0.6524955044206977,0.0110357000012299,
degree_curve,ridge,2,1.0,,10,2.7575058751807866,0.7083342331646183,2.827178571976473,0.7399557344923724,0.0088271079985133,
degree_curve,ridge,2,1.0,,11,2.699858882819559,0.7241641516464966,3.0064501653106164,0.6843751552721202,0.0090853750007227,
degree_curve,ridge,2,1.0,,12,2.6707361245297103,0.721306405575037,3.143788318532625,0.6973911557827119,0.0100411999992502,
degree_curve,ridge,2,1.0,,13,2.697019696950256,0.72167928689821,3.0399709112908857,0.6940126757658567,0.0081973669985018,
degree_curve,ridge,2,1.0,,14,2.709022265119968,0.7188449576405679,2.976043850305997,0.7073862826888773,0.0085457669993047,
degree_curve,ridge,2,1.0,,15,2.843447919482868,0.7162055730410573,2.40038839895292,0.7183624312137117,0.0081481840024935,
degree_curve,lasso,2,0.01,,1,2.767244494228155,0.7250405405152156,2.7694355678438707,0.657387613229186,0.0108256410021567,16.0
degree_curve,lasso,2,0.01,,2,2.787245564668871,0.7175955935783277,2.6510117006084952,0.7129616528718734,0.0099138000005041,15.0
degree_curve,lasso,2,0.01,,3,2.672928591809176,0.715887683025983,3.1720663951600723,0.7137795525553277,0.0077985919997445,16.0
degree_curve,lasso,2,0.01,,4,2.689930982362896,0.7242405296439701,3.1041836787016965,0.6728935664156301,0.0066076839975721,15.0
degree_curve,lasso,2,0.01,,5,2.7004409636393167,0.718679165674546,3.0595951721868007,0.7036859609005043,0.0084316909997141,14.0
degree_curve,lasso,2,0.01,,6,2.7545615222478235,0.7183784382771873,2.7435080072299898,0.7115692943331677,0.0064632760004315,15.0
degree_curve,lasso,2,0.01,,7,2.743728619725625,0.7253518545844224,2.83536833493584,0.6765638739618491,0.0086697009974159,14.0
degree_curve,lasso,2,0.01,,8,2.762380309746027,0.7199448828321477,2.739073856538219,0.7007057378356534,0.006162541998492,15.0
degree_curve,lasso,2,0.01,,9,2.6052553233597235,0.7291023412049384,3.525039338036488,0.650424157613317,0.0064613260001351,15.0
degree_curve,lasso,2,0.01,,10,2.761958922151211,0.7078632273288474,2.851874656344677,0.7376841853287996,0.0060123920011392,15.0
degree_curve,lasso,2,0.01,,11,2.7050103989780543,0.7236378379050905,3.00324660729962,0.6847114730037309,0.0055011670010571,16.0
degree_curve,lasso,2,0.01,,12,2.675084361917787,0.7208526632917893,3.126573072599424,0.6990482284437599,0.0069778580000274,15.0
degree_curve,lasso,2,0.01,,13,2.701207506030237,0.7212471231988524,3.035968711924048,0.6944155158952678,0.0075520249993132,15.0
degree_curve,lasso,2,0.01,,14,2.71374012098383,0.7183553164211771,2.961612206631571,0.7088052459551777,0.0097386249981354,16.0
degree_curve,lasso,2,0.01,,15,2.8480285498225237,0.7157483966132965,2.3998455746051404,0.7184261207939702,0.0075249419969622,15.0
degree_curve,elastic_net,2,0.01,0.1,1,2.762729016387787,0.7254892082599316,2.7794770305446703,0.6561453638905349,0.0097484839971002,17.0
degree_curve,elastic_net,2,0.01,0.1,2,2.7842738327286995,0.7178966901897086,2.646997022281985,0.7133963422513386,0.0074351340008433,18.0
degree_curve,elastic_net,2,0.01,0.1,3,2.669366312634905,0.7162663266579199,3.1633612614067323,0.714565030211706,0.0075657840025087,18.0
degree_curve,elastic_net,2,0.01,0.1,4,2.6855189303274742,0.7246928331195792,3.1267421303836334,0.6705164471982681,0.0062350159969355,18.0
degree_curve,elastic_net,2,0.01,0.1,5,2.696377472262165,0.7191024834955563,3.075810292688056,0.7021155675707299,0.0067961829990963,16.0
degree_curve,elastic_net,2,0.01,0.1,6,2.7512121588682708,0.7187208713425257,2.7545547860374286,0.7104079234902986,0.0065341250010533,17.0
degree_curve,elastic_net,2,0.01,0.1,7,2.7404623047554333,0.7256788137969542,2.853516426307954,0.6744936849511095,0.0076417249983933,17.0
degree_curve,elastic_net,2,0.01,0.1,8,2.7591606805928923,0.72027129466492,2.734786601026039,0.7011741994553228,0.0067959670013806,18.0
degree_curve,elastic_net,2,0.01,0.1,9,2.60195934059341,0.7294450615543866,3.5119296827132347,0.6517242335453995,0.0088239670003531,17.0
degree_curve,elastic_net,2,0.01,0.1,10,2.75843708824092,0.7082357372833528,2.837286960114408,0.7390259635911458,0.0114184420017409,17.0
degree_curve,elastic_net,2,0.01,0.1,11,2.7008740679507595,0.7240604334656382,3.0080393812397723,0.684208315310272,0.0152925500005949,18.0
degree_curve,elastic_net,2,0.01,0.1,12,2.671775882608651,0.721197905931927,3.1361745432638446,0.6981240281967462,0.0068520830027409,17.0
degree_curve,elastic_net,2,0.01,0.1,13,2.6979531867948823,0.7215829548026294,3.0460043904915426,0.6934053777981116,0.0098872589987877,17.0
degree_curve,elastic_net,2,0.01,0.1,14,2.710066754790213,0.7187365556014769,2.971766641497406,0.7078068309173817,0.0114046839989896,18.0
degree_curve,elastic_net,2,0.01,0.1,15,2.8444981929278668,0.7161007489827613,2.398081874810798,0.7186330556893246,0.0205091259995242,16.0
degree_curve,elastic_net,2,0.01,0.5,1,2.7640012197456305,0.7253627993544818,2.774028392320866,0.6568194257709352,0.0071280079973803,16.0
degree_curve,elastic_net,2,0.01,0.5,2,2.7851687516430723,0.7178060167851071,2.647968908200701,0.7132911112832364,0.0101162749997456,16.0
degree_curve,elastic_net,2,0.01,0.5,3,2.6704386007304186,0.7161523504536123,3.1661796313374966,0.7143107243422329,0.0090190750015608,16.0
degree_curve,elastic_net,2,0.01,0.5,4,2.686794692117953,0.7245620478325403,3.116085058454528,0.6716394467214921,0.008527674999641,16.0
degree_curve,elastic_net,2,0.01,0.5,5,2.697637308087849,0.7189712389801728,3.068520242598985,0.7028215904481245,0.0064169090001087,15.0
degree_curve,elastic_net,2,0.01,0.5,6,2.752254015351741,0.7186143537543013,2.7486160345755355,0.7110322767892208,0.0073022079996007,16.0
degree_curve,elastic_net,2,0.01,0.5,7,2.741502795823623,0.7255746602957132,2.843964509531817,0.6755832911656695,0.0063824580029177,15.0
degree_curve,elastic_net,2,0.01,0.5,8,2.760098302635597,0.72017623684464,2.7357339972259864,0.7010706789730387,0.0062364250006794,15.0
degree_curve,elastic_net,2,0.01,0.5,9,2.602912893152697,0.7293459099842763,3.517572785493552,0.6511646107386927,0.006774083001801,16.0
degree_curve,elastic_net,2,0.01,0.5,10,2.759558298938453,0.708117145050849,2.8424137886937406,0.7385543972084945,0.0069768840003234,15.0
degree_curve,elastic_net,2,0.01,0.5,11,2.702211532448698,0.7239237890444133,3.003509716552929,0.6846838511198956,0.0076263419978204,16.0
degree_curve,elastic_net,2,0.01,0.5,12,2.6727577093534807,0.7210954514729837,3.1322904125741924,0.6984978995200335,0.007133099999919,15.0
degree_curve,elastic_net,2,0.01,0.5,13,2.69899381952455,0.7214755660268908,3.039743524088436,0.6940355633538215,0.0062256999990495,16.0
degree_curve,elastic_net,2,0.01,0.5,14,2.711109394345933,0.7186283455759528,2.966766047740918,0.7082985045624788,0.0060997090004093,16.0
degree_curve,elastic_net,2,0.01,0.5,15,2.845600962834656,0.7159906854392653,2.397542461226793,0.7186963450846724,0.0065721499995561,15.0
degree_curve,elastic_net,2,0.01,0.9,1,2.766465882488373,0.7251179050789776,2.770075598468729,0.6573084337665781,0.0066163500014226,16.0
degree_curve,elastic_net,2,0.01,0.9,2,2.786738358934969,0.7176469837880861,2.650325960652824,0.713035901379864,0.0065360749977116,15.0
degree_curve,elastic_net,2,0.01,0.9,3,2.6723863371872785,0.7159453206364637,3.170538623983664,0.7139174057069426,0.0083659330011869,16.0
degree_curve,elastic_net,2,0.01,0.9,4,2.6891651937602843,0.7243190348029669,3.1064303903199697,0.6726568169507746,0.0087122749973787,16.0
degree_curve,elastic_net,2,0.01,0.9,5,2.6997468443993866,0.7187514761624729,3.061275389253989,0.7035232361353888,0.0087256000006163,15.0
degree_curve,elastic_net,2,0.01,0.9,6,2.754052920907111,0.7184304367904566,2.7442965973854423,0.7114863882091762,0.0060859500008518,15.0
degree_curve,elastic_net,2,0.01,0.9,7,2.743184964790659,0.7254062746238392,2.837010448274677,0.6763765548152376,0.0071076419990276,14.0
degree_curve,elastic_net,2,0.01,0.9,8,2.7618161183868684,0.7200020815736233,2.738252248099796,0.700795513688458,0.0060601669974857,15.0
degree_curve,elastic_net,2,0.01,0.9,9,2.604723341214521,0.7291576573639207,3.523925649892442,0.6505346013371388,0.0069620419999409,15.0
degree_curve,elastic_net,2,0.01,0.9,10,2.761382597634386,0.7079241860864183,2.849803857805897,0.7378746576570667,0.007882875001087,15.0
degree_curve,elastic_net,2,0.01,0.9,11,2.704316694650775,0.7237087114321623,3.0031795063017253,0.6847185174384884,0.006528599999001,16.0
degree_curve,elastic_net,2,0.01,0.9,12,2.67453056352514,0.7209104526268031,3.1279101473414466,0.6989195268260555,0.0067597830020531,15.0
degree_curve,elastic_net,2,0.01,0.9,13,2.700667295513065,0.7213028705767949,3.036619442653428,0.6943500167965955,0.006902782999532,16.0
degree_curve,elastic_net,2,0.01,0.9,14,2.7130910485564885,0.7184226802033629,2.962539541961722,0.7087140675143353,0.0065614249979262,16.0
degree_curve,elastic_net,2,0.01,0.9,15,2.8474551925114624,0.7158056213679405,2.3990870161306868,0.7185151224591259,0.0079070329993555,15.0
degree_curve,ridge,3,1.0,,1,0.6949232624647637,0.9309509062067862,0.9477270872533922,0.8827547955470103,0.0259851589980826,
degree_curve,ridge,3,1.0,,2,0.707496581812438,0.9283162722492876,0.8904635487308125,0.9035850407046976,0.0167349010007455,
degree_curve,ridge,3,1.0,,3,0.7151959017356958,0.9239800249976314,0.8685647157878784,0.9216280649210952,0.0329542420004145,
degree_curve,ridge,3,1.0,,4,0.7288409804251142,0.9252825429151904,0.8170390035798316,0.9139037047343458,0.0260206919992924,
degree_curve,ridge,3,1.0,,5,0.7188248170279369,0.925115786650039,0.876468528038314,0.9151162441202968,0.0245661000008112,
degree_curve,ridge,3,1.0,,6,0.7096499825508857,0.9274466245359224,0.8606511303421505,0.909517955769271,0.0163231250007811,
degree_curve,ridge,3,1.0,,7,0.7186453050035533,0.9280633664671342,0.8508936586550091,0.902936861770366,0.0155831000010948,
degree_curve,ridge,3,1.0,,8,0.7334489154357225,0.9256416210236198,0.8079051673004917,0.9117214819276306,0.0291634420027548,
degree_curve,ridge,3,1.0,,9,0.7155766887076664,0.9255934541535668,0.8855939045618942,0.9121762325148464,0.0234871009997732,
degree_curve,ridge,3,1.0,,10,0.69070028508384,0.926943536144166,0.9973937307821202,0.9082595904220416,0.0560152679972816,
degree_curve,ridge,3,1.0,,11,0.6987136077974037,0.928614690942047,0.9593870887997392,0.8992810842400691,0.0366648760027601,
degree_curve,ridge,3,1.0,,12,0.6962261973829097,0.9273482019809672,0.930831608094604,0.9104017673753868,0.0347752170018793,
degree_curve,ridge,3,1.0,,13,0.6990458565714632,0.9278615052341572,0.9359075828812788,0.9057965140545764,0.0355550009990111,
degree_curve,ridge,3,1.0,,14,0.7236166250922228,0.9248996711842148,0.8497395362089774,0.9164510145202422,0.0219630680003319,
degree_curve,ridge,3,1.0,,15,0.7493002127490456,0.9252150099038906,0.7193943779534588,0.9155934582529576,0.0136167419987032,
degree_curve,lasso,3,0.01,,1,0.7299037014283769,0.927475173357724,0.9739738739204326,0.8795077533231466,0.0143370510013483,107.0
degree_curve,lasso,3,0.01,,2,0.7387170223198257,0.925153009535204,0.9205923346288054,0.9003228457837351,0.0163888839997525,104.0
degree_curve,lasso,3,0.01,,3,0.7531859621934777,0.9199419657199842,0.8651982081429046,0.9219318301026628,0.0118253419968823,110.0
degree_curve,lasso,3,0.01,,4,0.7628976807639257,0.9217912051414404,0.8119804098660097,0.9144367590635832,0.0244700090006517,139.0
degree_curve,lasso,3,0.01,,5,0.7546376754312337,0.9213849503380253,0.9064468653648864,0.9122129181183884,0.0147048420003557,86.0
degree_curve,lasso,3,0.01,,6,0.7376752431547157,0.9245813708121652,0.9166670776916992,0.9036288826628508,0.0113140089997614,96.0
degree_curve,lasso,3,0.01,,7,0.7564774977340926,0.924276351419164,0.912515879638784,0.8959074920100839,0.0143667340016691,139.0
degree_curve,lasso,3,0.01,,8,0.7697026226101232,0.9219661545519416,0.8302967445121203,0.9092747897494502,0.0140972000008332,119.0
degree_curve,lasso,3,0.01,,9,0.7510024085407568,0.9219098441527098,0.9296684982631064,0.907805383924676,0.014182566999807,107.0
degree_curve,lasso,3,0.01,,10,0.7291907993560833,0.9228723334453264,0.949157549137882,0.9126963609008868,0.0126375170002575,108.0
degree_curve,lasso,3,0.01,,11,0.7345798839659281,0.9249503495288046,0.9592250897049976,0.8992980913202842,0.013761041998805,102.0
degree_curve,lasso,3,0.01,,12,0.7275127465105504,0.924083423872246,0.9797346998458188,0.905694545840702,0.0183033510002132,101.0
degree_curve,lasso,3,0.01,,13,0.733528639987606,0.9243030318270226,0.940154220776287,0.9053690700413268,0.0138851919982698,122.0
degree_curve,lasso,3,0.01,,14,0.7627034881934036,0.9208430531222648,0.8635149952005117,0.9150965693353148,0.0139547420003509,122.0
degree_curve,lasso,3,0.01,,15,0.7875793205294653,0.9213945082577696,0.7117850545418303,0.9164862601623044,0.016970417000266,137.0
degree_curve,elastic_net,3,0.01,0.1,1,0.6998038489727719,0.9304659604670766,0.954949596597796,0.8818612845393189,0.0200492500007385,211.0
degree_curve,elastic_net,3,0.01,0.1,2,0.7125691051630985,0.9278023229352904,0.8890678219479632,0.9037361630511964,0.0273920840008941,239.0
degree_curve,elastic_net,3,0.01,0.1,3,0.7204521630226773,0.923421323737358,0.8613567571840803,0.9222784501525926,0.0194535260015982,236.0
degree_curve,elastic_net,3,0.01,0.1,4,0.7336414038419289,0.9247904253747834,0.8162338278095418,0.9139885509296388,0.0213542340025014,248.0
degree_curve,elastic_net,3,0.01,0.1,5,0.7239465986874762,0.924582220499512,0.8820579130211597,0.914574926348781,0.0196242589991015,221.0
degree_curve,elastic_net,3,0.01,0.1,6,0.7140164550627363,0.9270002040083448,0.8730612387167266,0.9082132552521054,0.0198257590018329,213.0
degree_curve,elastic_net,3,0.01,0.1,7,0.7237029886689563,0.9275570906536972,0.8547920116557092,0.9024921688615328,0.0231396759991184,247.0
degree_curve,elastic_net,3,0.01,0.1,8,0.7384206996872438,0.925137572534648,0.8115212467766514,0.91132635865041,0.0170953250017191,228.0
degree_curve,elastic_net,3,0.01,0.1,9,0.7203881019800865,0.925093157472736,0.8976898021825616,0.9109766902701568,0.0201906260008399,227.0
degree_curve,elastic_net,3,0.01,0.1,10,0.6963449346231585,0.926346492616092,0.9793003862569648,0.9099238186863112,0.0223758169995562,216.0
degree_curve,elastic_net,3,0.01,0.1,11,0.7041548796604339,0.9280587737976318,0.9558832072877048,0.8996489307026319,0.0188073169993003,226.0
degree_curve,elastic_net,3,0.01,0.1,12,0.7005037208762598,0.926901838752998,0.944417357549978,0.909094055938112,0.0302812260015343,224.0
degree_curve,elastic_net,3,0.01,0.1,13,0.7038877146832067,0.9273618465168249,0.941019252804478,0.9052820005122402,0.024621892000141,222.0
degree_curve,elastic_net,3,0.01,0.1,14,0.7283466518719609,0.924408766810064,0.852593937899546,0.9161703610314536,0.0195949000008113,240.0
degree_curve,elastic_net,3,0.01,0.1,15,0.7550050729474456,0.92464562809113,0.7093430922745435,0.9167727755930266,0.0233377090007707,245.0
degree_curve,elastic_net,3,0.01,0.5,1,0.7110333316586135,0.9293501745305492,0.9580275167114428,0.8814805089153359,0.022201292002137,162.0
degree_curve,elastic_net,3,0.01,0.5,2,0.7231849144394136,0.9267267265273652,0.9056418625830184,0.9019416084560474,0.0292188010025711,158.0
degree_curve,elastic_net,3,0.01,0.5,3,0.7323479661987587,0.9221568888351384,0.8657037000457822,0.9218862187879556,0.0258209259991417,170.0
degree_curve,elastic_net,3,0.01,0.5,4,0.7440237602695583,0.923726073490552,0.8123775961503256,0.9143949051649812,0.031608851000783,229.0
degree_curve,elastic_net,3,0.01,0.5,5,0.735163595119601,0.9234136799398774,0.8890245313306429,0.91390022701963,0.0143413830010104,150.0
degree_curve,elastic_net,3,0.01,0.5,6,0.7232149032572923,0.926059770721575,0.8990578652370096,0.9054801758105866,0.0120739669982867,114.0
degree_curve,elastic_net,3,0.01,0.5,7,0.7361169372109597,0.926314450284736,0.8772559235008727,0.8999296655940248,0.0268693750003876,158.0
degree_curve,elastic_net,3,0.01,0.5,8,0.748805759480243,0.9240847163703964,0.8138672076007873,0.9110700192266846,0.0273079090002283,156.0
degree_curve,elastic_net,3,0.01,0.5,9,0.730390932709361,0.9240530508077242,0.9104737553068054,0.9097089140118276,0.0242625509999925,161.0
degree_curve,elastic_net,3,0.01,0.5,10,0.7086527240538777,0.9250446782211822,0.9593033561232084,0.9117631482090416,0.0163967919979768,169.0
degree_curve,elastic_net,3,0.01,0.5,11,0.7150668452563,0.9269439335715396,0.95050578246798,0.900213466544052,0.0141073830018285,115.0
degree_curve,elastic_net,3,0.01,0.5,12,0.7104864508408899,0.9258601323595944,0.9621652389768508,0.9073857138546988,0.0180534259998239,175.0
degree_curve,elastic_net,3,0.01,0.5,13,0.7145053506821293,0.926266152619588,0.9401552824778702,0.9053689631760848,0.0174328920002153,177.0
degree_curve,elastic_net,3,0.01,0.5,14,0.7392946975216985,0.9232725272604536,0.8506642655202996,0.9163600923111274,0.0163335249999363,171.0
degree_curve,elastic_net,3,0.01,0.5,15,0.7665843075302119,0.9234899458574152,0.7070045279121309,0.9170471593476588,0.0168530920018383,178.0
degree_curve,elastic_net,3,0.01,0.9,1,0.7255284987501954,0.9279099030558182,0.9702353543085386,0.8799702530260076,0.01209606699922,108.0
degree_curve,elastic_net,3,0.01,0.9,2,0.7355220146143924,0.9254767285020592,0.9187666640180292,0.9005205203071622,0.0137712260002444,102.0
degree_curve,elastic_net,3,0.01,0.9,3,0.7483910144595188,0.9204516327999948,0.8655054576327543,0.9219041065069032,0.0145940170004905,111.0
degree_curve,elastic_net,3,0.01,0.9,4,0.7584412153440152,0.9222480616749024,0.8118294148788749,0.9144526703100956,0.0143398670006718,141.0
degree_curve,elastic_net,3,0.01,0.9,5,0.7508330698599355,0.9217812985004212,0.9018378026024964,0.9126592941670898,0.0187375509995035,103.0
degree_curve,elastic_net,3,0.01,0.9,6,0.7342672059739473,0.92492980258452,0.9133386703465608,0.9039788050530078,0.0129547169999568,95.0
degree_curve,elastic_net,3,0.01,0.9,7,0.7524026028661142,0.9246842497478136,0.904454340418295,0.8968270878817217,0.0158522010024171,133.0
degree_curve,elastic_net,3,0.01,0.9,8,0.7653536161293565,0.922407064702958,0.8264023267732182,0.9097003266078092,0.0139149839997116,122.0
degree_curve,elastic_net,3,0.01,0.9,9,0.7465908302672218,0.9223685654976682,0.9252585754043208,0.9082427130862504,0.0146256500011077,125.0
degree_curve,elastic_net,3,0.01,0.9,10,0.7249360262506712,0.9233223675401474,0.9511694557386045,0.9125113054610072,0.0175008170008368,110.0
degree_curve,elastic_net,3,0.01,0.9,11,0.730554986586775,0.9253615602739956,0.9562534491505906,0.8996100617628325,0.018257416999404,119.0
degree_curve,elastic_net,3,0.01,0.9,12,0.7241194502309287,0.9244375172356566,0.9767024881166014,0.9059864147561094,0.0181478920021618,102.0
degree_curve,elastic_net,3,0.01,0.9,13,0.7298318229929702,0.9246845272767286,0.941029185311924,0.9052810007588,0.0164895250018162,122.0
degree_curve,elastic_net,3,0.01,0.9,14,0.7579719379498825,0.9213341156086354,0.8597409170018292,0.9154676482261804,0.0188091580021136,142.0
degree_curve,elastic_net,3,0.01,0.9,15,0.7827480720312174,0.921876697992866,0.7107817085123138,0.9166039827510852,0.0135091579977597,140.0
degree_curve,ridge,4,1.0,,1,0.3631475389637796,0.9639168670368748,0.7674592133444995,0.9050560930587306,0.0266506999978446,
degree_curve,ridge,4,1.0,,2,0.3683949289139564,0.9626741351578544,0.7873629438060092,0.9147482608514562,0.0260294999970938,
degree_curve,ridge,4,1.0,,3,0.3682621486639322,0.9608564880366212,0.722022425213911,0.9348508020118588,0.029755000003206,
degree_curve,ridge,4,1.0,,4,0.3921551397478188,0.9597980415321808,0.6420013643090793,0.9323484695585814,0.0256663000000116,
degree_curve,ridge,4,1.0,,5,0.3694691661415707,0.9615102216726856,0.7058524403884896,0.9316399798505828,0.0271471999985806,
degree_curve,ridge,4,1.0,,6,0.3757419350254008,0.9615848004511968,0.6784337316261997,0.928674850065884,0.018559299998742,
degree_curve,ridge,4,1.0,,7,0.3679721495949943,0.9631658657039648,0.7648782815529945,0.912748807543618,0.0261994009997579,
degree_curve,ridge,4,1.0,,8,0.3729675782044123,0.9621878716535416,0.7163487222739959,0.921725709668765,0.0100811000011162,
degree_curve,ridge,4,1.0,,9,0.374424005079281,0.9610669305756016,0.6611442203463886,0.9344347606925107,0.0323941000024206,
degree_curve,ridge,4,1.0,,10,0.3852237462135801,0.9592542738153854,0.6293361915940744,0.9421135724065574,0.0232375999985379,
degree_curve,ridge,4,1.0,,11,0.374882624046649,0.961699454999328,0.7756702784305943,0.918568145910247,0.0298307000011845,
degree_curve,ridge,4,1.0,,12,0.3608811990242877,0.962341738821472,0.7788094593416721,0.9250348285323242,0.0237076999983401,
degree_curve,ridge,4,1.0,,13,0.38685672371226,0.9600780671592536,0.6835875065272643,0.9311937126683404,0.0306219999984023,
degree_curve,ridge,4,1.0,,14,0.3681916420957921,0.961787343698614,0.7414286608283757,0.9271004704639376,0.0097432000002299,
degree_curve,ridge,4,1.0,,15,0.3746595961296155,0.9626065578132303,0.7101242941466256,0.9166811171780466,0.0169998999990639,
degree_curve,lasso,4,0.01,,1,0.4379534788372809,0.9564839853971172,0.6589862409914558,0.9184755003883384,0.0279739010002231,148.0
degree_curve,lasso,4,0.01,,2,0.4438405375075009,0.9550299675315574,0.6252611296685984,0.932299838155243,0.0261753009981475,142.0
degree_curve,lasso,4,0.01,,3,0.4432781010387283,0.952882853385652,0.6490273827672837,0.9414372573717448,0.0254194999979517,157.0
degree_curve,lasso,4,0.01,,4,0.4633935355879684,0.9524950057165048,0.5318018586301817,0.943960851755134,0.0282990010018693,170.0
degree_curve,lasso,4,0.01,,5,0.4382823247537818,0.9543415497950128,0.669298833427743,0.935180104054156,0.0236047010002948,146.0
degree_curve,lasso,4,0.01,,6,0.4441098281452637,0.9545949864003558,0.6003152205841252,0.936887611685726,0.0233605009998427,138.0
degree_curve,lasso,4,0.01,,7,0.4360086747576423,0.9563553869554108,0.7002255749149602,0.920123870852054,0.0269890009985829,161.0
degree_curve,lasso,4,0.01,,8,0.4469983584254632,0.9546824971199602,0.6002449980433627,0.9344121797306048,0.0357640010006434,159.0
degree_curve,lasso,4,0.01,,9,0.4433842483555775,0.9538963595048956,0.658128514470551,0.9347338262690452,0.0306549000015365,157.0
degree_curve,lasso,4,0.01,,10,0.4618338329121092,0.9511511035246653,0.5440536253621744,0.9499578743251574,0.0270732009994389,139.0
degree_curve,lasso,4,0.01,,11,0.4474733595828981,0.9542830943714956,0.6581045507044954,0.9309104973608112,0.0277075009980762,165.0
degree_curve,lasso,4,0.01,,12,0.4321857664755091,0.9549010463399572,0.6848533246892748,0.9340786808638184,0.0237830010009929,152.0
degree_curve,lasso,4,0.01,,13,0.4648610778511029,0.9520283567720744,0.508816112626654,0.9487852728288982,0.026742201000161,144.0
degree_curve,lasso,4,0.01,,14,0.4424531224506289,0.954080138806404,0.6536681808229144,0.9357293487933904,0.0258105009997962,146.0
degree_curve,lasso,4,0.01,,15,0.4440416746889629,0.955681779240338,0.5979442876239793,0.9298431972469428,0.023287400999834,146.0
degree_curve,elastic_net,4,0.01,0.1,1,0.374547282816818,0.9627841635787474,0.7538940741517917,0.9067342634302152,0.0579870010005834,378.0
degree_curve,elastic_net,4,0.01,0.1,2,0.3807032263190601,0.9614270554362788,0.7452339636166826,0.9193097770593864,0.0639304010001069,394.0
degree_curve,elastic_net,4,0.01,0.1,3,0.3802212012573067,0.9595853301944216,0.7076664885289483,0.9361461603397068,0.0674830019997898,433.0
degree_curve,elastic_net,4,0.01,0.1,4,0.4023937060608341,0.958748430355465,0.6531928175246223,0.9311691590773492,0.0618614020022505,400.0
degree_curve,elastic_net,4,0.01,0.1,5,0.3829010268205189,0.9601109456642029,0.6950116103585663,0.9326898867672098,0.0490189010015456,303.0
degree_curve,elastic_net,4,0.01,0.1,6,0.3881061678951594,0.9603207028653696,0.6690548950809898,0.929660866667964,0.0529644009984622,352.0
degree_curve,elastic_net,4,0.01,0.1,7,0.3780861053016098,0.9621534553811412,0.7730484734077012,0.9118168174490984,0.0567133019976608,385.0
degree_curve,elastic_net,4,0.01,0.1,8,0.3848595443397672,0.9609822425960062,0.6970362681380959,0.9238359509451692,0.0562696010019863,367.0
degree_curve,elastic_net,4,0.01,0.1,9,0.3853126247203808,0.9599347184880432,0.6711354516070415,0.9334439368322676,0.0548707010020734,367.0
degree_curve,elastic_net,4,0.01,0.1,10,0.3967081136584828,0.9580395540689708,0.616848540230945,0.943262188259418,0.0603581020004639,363.0
degree_curve,elastic_net,4,0.01,0.1,11,0.3861884733576123,0.9605443729482284,0.753031509330845,0.9209448219198428,0.0792252020000887,381.0
degree_curve,elastic_net,4,0.01,0.1,12,0.3724020607527016,0.9611395270655166,0.775294081102156,0.925373205178034,0.0683466010013944,309.0
degree_curve,elastic_net,4,0.01,0.1,13,0.3983646905948106,0.9588904949836684,0.6652101265114564,0.933043482123892,0.0690553009990253,364.0
degree_curve,elastic_net,4,0.01,0.1,14,0.380953612587432,0.9604628465173376,0.7281056899656213,0.928410425634584,0.0795496020000428,440.0
degree_curve,elastic_net,4,0.01,0.1,15,0.3867490406737404,0.961399953337325,0.7036294245999483,0.9174431602163766,0.0651929010018648,342.0
degree_curve,elastic_net,4,0.01,0.5,1,0.4053777830908711,0.9597207777056592,0.6913303985796574,0.9144741402707558,0.0351029010016645,177.0
degree_curve,elastic_net,4,0.01,0.5,2,0.4110976448037303,0.958347485476782,0.654374216052344,0.9291476181203518,0.0291269009976531,180.0
degree_curve,elastic_net,4,0.01,0.5,3,0.4084587459691253,0.9565838903960237,0.656798511069201,0.9407360564690403,0.0302231009991373,179.0
degree_curve,elastic_net,4,0.01,0.5,4,0.4300509244371512,0.9559131383197284,0.5688833246125532,0.9400533555032864,0.0322310010014916,193.0
degree_curve,elastic_net,4,0.01,0.5,5,0.4109206610706675,0.9571919753956868,0.6806058974249062,0.9340850435592862,0.0277197010000236,160.0
degree_curve,elastic_net,4,0.01,0.5,6,0.4173558007245171,0.957330271462516,0.6234485415814122,0.9344555575119888,0.0297511009994195,188.0
degree_curve,elastic_net,4,0.01,0.5,7,0.4033572105700636,0.9596238093568646,0.7225722637955866,0.9175747394421156,0.0269643010033178,160.0
degree_curve,elastic_net,4,0.01,0.5,8,0.4154555682712673,0.9578803622948848,0.6277251713498971,0.931409464716442,0.0303107010004168,193.0
degree_curve,elastic_net,4,0.01,0.5,9,0.4121198697082887,0.957147268121526,0.6616296125666611,0.9343866246639398,0.0271561010013101,164.0
degree_curve,elastic_net,4,0.01,0.5,10,0.4259515659423267,0.9549464277724684,0.5613269940345643,0.9483690675501704,0.0322006010028417,226.0
degree_curve,elastic_net,4,0.01,0.5,11,0.4139837021817149,0.9577046243333418,0.6721731099577286,0.9294335439487502,0.026347301001806,148.0
degree_curve,elastic_net,4,0.01,0.5,12,0.403135108709085,0.9579325072765034,0.706842755654765,0.931962063707938,0.0257974009982717,156.0
degree_curve,elastic_net,4,0.01,0.5,13,0.4287476446306773,0.9557551061531888,0.5425551003982381,0.9453892855343318,0.034284301000298,203.0
degree_curve,elastic_net,4,0.01,0.5,14,0.4093787623552412,0.957512751093634,0.6801380613207381,0.933126749329524,0.0293130009995365,187.0
degree_curve,elastic_net,4,0.01,0.5,15,0.4114998798226505,0.9589296600835292,0.6348906802859314,0.9255082770276672,0.0402795000009064,178.0
degree_curve,elastic_net,4,0.01,0.9,1,0.4317051176823275,0.9571048362143886,0.6613662365356197,0.9181810664020932,0.0425195009993331,145.0
degree_curve,elastic_net,4,0.01,0.9,2,0.4376684973775536,0.955655320156171,0.6276164882281201,0.9320448116581272,0.0467108620032377,139.0
degree_curve,elastic_net,4,0.01,0.9,3,0.4365211278236937,0.9536010690992096,0.6502850627845171,0.9413237749623526,0.0419238680005946,155.0
degree_curve,elastic_net,4,0.01,0.9,4,0.4569971399919117,0.9531507350542912,0.5352272745481208,0.9435998951557716,0.0596940260002156,172.0
degree_curve,elastic_net,4,0.01,0.9,5,0.4332211565928119,0.9548688014805252,0.6724036487760049,0.9348794105555962,0.0440677740007231,150.0
degree_curve,elastic_net,4,0.01,0.9,6,0.4388544467263202,0.9551322874229315,0.6029074520938253,0.9366150849930304,0.0320759940004791,135.0
degree_curve,elastic_net,4,0.01,0.9,7,0.4299531823721759,0.9569615437528758,0.7008088567769124,0.9200573347256912,0.0313584970026568,152.0
degree_curve,elastic_net,4,0.01,0.9,8,0.4417341116707992,0.955216195987012,0.603040576825447,0.9341067112647184,0.0263543679975555,159.0
degree_curve,elastic_net,4,0.01,0.9,9,0.4381835720146487,0.9544371322392512,0.6576624382774959,0.9347800467398484,0.0305023940018145,154.0
degree_curve,elastic_net,4,0.01,0.9,10,0.4550053876957801,0.951873358997714,0.542930537450824,0.950061176102379,0.0527770740009145,138.0
degree_curve,elastic_net,4,0.01,0.9,11,0.4421396297701323,0.9548280242925204,0.6605073343666487,0.9306582469729512,0.038871934000781,168.0
degree_curve,elastic_net,4,0.01,0.9,12,0.4267760247016879,0.9554655575119934,0.6843690144956455,0.934125298680633,0.0295943669989355,151.0
degree_curve,elastic_net,4,0.01,0.9,13,0.4583835653810957,0.9526968079116108,0.510319669936267,0.9486339327366978,0.0325673419974918,140.0
degree_curve,elastic_net,4,0.01,0.9,14,0.4360373124494674,0.9547460016735616,0.6567534722234499,0.9354259935234048,0.0268996779996086,141.0
degree_curve,elastic_net,4,0.01,0.9,15,0.4379534911368168,0.9562894191941292,0.6012896694446064,0.9294506836008036,0.0389536820002831,153.0
degree_curve,ridge,5,1.0,,1,0.1385923376999924,0.986229162496409,0.4752192284777186,0.94120968330204,0.2165979800010973,
degree_curve,ridge,5,1.0,,2,0.1534729435567342,0.9844500835963926,0.4332257555649565,0.9530924722881624,0.1594222710009489,
degree_curve,ridge,5,1.0,,3,0.1436248000601297,0.9847337580042144,0.4568015877993756,0.9587820875840224,0.2838157420010248,
degree_curve,ridge,5,1.0,,4,0.1484645734114674,0.9847800882628532,0.4941985244634112,0.9479233403844533,0.2017987590006669,
degree_curve,ridge,5,1.0,,5,0.139493893430053,0.9854680998357532,0.4452902533516903,0.9568747673738904,0.2171771909997915,
degree_curve,ridge,5,1.0,,6,0.1467099303861632,0.985000632811468,0.5139502857553232,0.945967336997952,0.154017124998063,
degree_curve,ridge,5,1.0,,7,0.1486786084815783,0.98511722194795,0.4514833980690993,0.9484983875136228,0.1775310099983471,
degree_curve,ridge,5,1.0,,8,0.1377546123990139,0.9860341879864598,0.4367665980762433,0.9522752055782556,0.1997341329988557,
degree_curve,ridge,5,1.0,,9,0.1438271758418635,0.9850446730278932,0.4598412155111393,0.9543978478362278,0.1716933049974613,
degree_curve,ridge,5,1.0,,10,0.1414789077286898,0.9850355516972324,0.5394730033746633,0.9503792005519892,0.1999862439988646,
degree_curve,ridge,5,1.0,,11,0.1418390688191116,0.9855087611703128,0.5731838557027173,0.9398256895976168,0.1806066520002787,
degree_curve,ridge,5,1.0,,12,0.138763373487676,0.9855199235234728,0.4863448801909911,0.953186332165556,0.1858608550028293,
degree_curve,ridge,5,1.0,,13,0.1496200250586636,0.9845598635724748,0.3989366254999117,0.9598451583459786,0.2305020480016537,
degree_curve,ridge,5,1.0,,14,0.141832928778247,0.9852799131214064,0.5026104935463559,0.9505818017899652,0.1918947909980488,
degree_curve,ridge,5,1.0,,15,0.1425952463045091,0.9857680754640242,0.4879608470653238,0.9427475542331718,0.1991605040020658,
degree_curve,lasso,5,0.01,,1,0.2048656155609568,0.9796441047984196,0.3105078385598372,0.9615864572134252,0.1005951019978965,258.0
degree_curve,lasso,5,0.01,,2,0.2211949895773178,0.9775884692303918,0.2821482609430698,0.9694503911666686,0.0818797020001511,239.0
degree_curve,lasso,5,0.01,,3,0.213210813625284,0.9773372852351458,0.3040174544704471,0.9725680357818832,0.0676431009997031,277.0
degree_curve,lasso,5,0.01,,4,0.2171037438528321,0.9777435131943132,0.2857744084865966,0.969886238301198,0.1180034030003298,329.0
degree_curve,lasso,5,0.01,,5,0.2100740739794603,0.9781153468793468,0.3131950966089887,0.9696678485617966,0.1148617030012246,265.0
degree_curve,lasso,5,0.01,,6,0.2169014094139299,0.9778243785206208,0.2941933731843831,0.9690708385007588,0.068582300998969,252.0
degree_curve,lasso,5,0.01,,7,0.2160707706060644,0.9783712441533652,0.2700990096444288,0.9691892667877622,0.0998477030007052,282.0
degree_curve,lasso,5,0.01,,8,0.2054750467405356,0.9791685677432008,0.3374295615085915,0.9631296062342072,0.1196333030020468,240.0
degree_curve,lasso,5,0.01,,9,0.2155314833523925,0.977588770776795,0.3048536649453967,0.9697678617148948,0.0857163020009466,207.0
degree_curve,lasso,5,0.01,,10,0.2173720049964091,0.9770082185149777,0.2669952210388838,0.9754417436389368,0.0795240019979246,215.0
degree_curve,lasso,5,0.01,,11,0.2077655303320673,0.9787732678613515,0.3476359235110632,0.9635042896615996,0.0627822020032908,271.0
degree_curve,lasso,5,0.01,,12,0.2146434959834056,0.9776017679672158,0.2945229564408358,0.9716503649693502,0.0670711019993177,265.0
degree_curve,lasso,5,0.01,,13,0.2197665716584337,0.9773210447780282,0.2548027338053006,0.9743529102745522,0.0845314020007208,302.0
degree_curve,lasso,5,0.01,,14,0.2147190408466387,0.9777154504036756,0.2780359982882955,0.9726626517962488,0.0914092020029784,252.0
degree_curve,lasso,5,0.01,,15,0.2159952033520066,0.9784422867248044,0.2956139709816354,0.9653156130387708,0.0596865020015684,231.0
degree_curve,elastic_net,5,0.01,0.1,1,0.1547420847922623,0.9846244883374872,0.4374605772045732,0.9458808812111544,0.3773860090004746,2231.0
degree_curve,elastic_net,5,0.01,0.1,2,0.1684190887872126,0.9829357364841004,0.3854261819678611,0.9582679721154888,0.2866970069990202,1493.0
degree_curve,elastic_net,5,0.01,0.1,3,0.1607737875725584,0.9829109488985596,0.4085853536668122,0.9631327128195396,0.2900873069993395,1635.0
degree_curve,elastic_net,5,0.01,0.1,4,0.1637143159478406,0.9832167541280856,0.4517223143165152,0.952399313152644,0.392368708999129,2043.0
degree_curve,elastic_net,5,0.01,0.1,5,0.1570097463028703,0.983643370315482,0.4125874640977662,0.9600419496409236,0.3403369810002914,1742.0
degree_curve,elastic_net,5,0.01,0.1,6,0.16291661259297,0.9833436899127298,0.46212784593641,0.9514155379315582,0.3494393770015449,1615.0
degree_curve,elastic_net,5,0.01,0.1,7,0.1640065696782912,0.9835828879451576,0.3957689209452683,0.954853849138534,0.4399754969999776,2102.0
degree_curve,elastic_net,5,0.01,0.1,8,0.1524760284468806,0.984541704173997,0.4252616095487059,0.9535323374530824,0.3939582099992549,1766.0
degree_curve,elastic_net,5,0.01,0.1,9,0.1601457107824189,0.9833478516565964,0.4297161601238619,0.9573853298482212,0.3508005889998458,1664.0
degree_curve,elastic_net,5,0.01,0.1,10,0.1581261740769852,0.9832747439510404,0.4466667945635265,0.958915528127494,0.5212833940022392,2160.0
degree_curve,elastic_net,5,0.01,0.1,11,0.1589104332584217,0.9837646350892668,0.4625470899697717,0.95144062085727,0.4217384900002798,1846.0
degree_curve,elastic_net,5,0.01,0.1,12,0.1557905045169156,0.9837431278656392,0.4364115666422651,0.9579927188461874,0.6304916980006965,1945.0
degree_curve,elastic_net,5,0.01,0.1,13,0.1663677731409699,0.9828315687460084,0.3820651424027816,0.961543352216709,0.439523626002483,1925.0
degree_curve,elastic_net,5,0.01,0.1,14,0.156802403038258,0.9837263108406642,0.4600283014973906,0.9547686129168989,0.6661820939989411,2741.0
degree_curve,elastic_net,5,0.01,0.1,15,0.1587402850351713,0.9841566965520336,0.4186963086935553,0.9508743624608064,0.4311273029998119,1720.0
degree_curve,elastic_net,5,0.01,0.5,1,0.1847800548853405,0.9816398499948906,0.3444494289293106,0.9573874755067174,0.1140873879994615,435.0
degree_curve,elastic_net,5,0.01,0.5,2,0.2002596378937119,0.9797096442141756,0.2876967876354011,0.96884962432343,0.1188395850003871,445.0
degree_curve,elastic_net,5,0.01,0.5,3,0.1944775804062689,0.9793284878099464,0.32505924262375,0.9706694027553288,0.1121866149987909,343.0
degree_curve,elastic_net,5,0.01,0.5,4,0.1986102430695969,0.979639382647638,0.2969765892496445,0.968705797394009,0.1494103279983392,453.0
degree_curve,elastic_net,5,0.01,0.5,5,0.1889450949812302,0.9803164770207798,0.3358572015376102,0.967473081127549,0.1248052939990884,287.0
degree_curve,elastic_net,5,0.01,0.5,6,0.1958051888957369,0.9799812192812274,0.3218848085930132,0.9661595802741416,0.1039685249998001,350.0
degree_curve,elastic_net,5,0.01,0.5,7,0.1963262229935812,0.9803476799221404,0.2871496139745231,0.967244270314752,0.1521862119989236,516.0
degree_curve,elastic_net,5,0.01,0.5,8,0.1839550630866483,0.9813503026485562,0.356835118011519,0.9610091918096132,0.1010389189978013,275.0
degree_curve,elastic_net,5,0.01,0.5,9,0.1935996111816321,0.9798692738702076,0.319412154621932,0.9683241058289286,0.1062019029996008,353.0
degree_curve,elastic_net,5,0.01,0.5,10,0.1950380623378929,0.9793705150274108,0.308598135831898,0.9716151019377148,0.106112502002361,409.0
degree_curve,elastic_net,5,0.01,0.5,11,0.1909176996699902,0.9804945562194812,0.3432017525476891,0.9639698002953564,0.0880172019969904,370.0
degree_curve,elastic_net,5,0.01,0.5,12,0.1920250796659844,0.9799620190177804,0.3151133078830049,0.9696684177704208,0.1261162029986735,407.0
degree_curve,elastic_net,5,0.01,0.5,13,0.1999529215025133,0.9793657273759272,0.2639941317191863,0.9734277529833442,0.0983927019988186,432.0
degree_curve,elastic_net,5,0.01,0.5,14,0.1913885240967148,0.980136800906973,0.3105459622487534,0.9694661728857846,0.1101061020017368,463.0
degree_curve,elastic_net,5,0.01,0.5,15,0.1934875004919274,0.9806887005210874,0.3055440482244731,0.9641505170844026,0.1063002030023199,447.0
degree_curve,elastic_net,5,0.01,0.9,1,0.2010133404852782,0.980026875267312,0.3156255848088434,0.960953330637881,0.0702001019999443,270.0
degree_curve,elastic_net,5,0.01,0.9,2,0.2182532322230624,0.9778865288093525,0.2797782452348684,0.9697070046668632,0.0698142019973602,250.0
degree_curve,elastic_net,5,0.01,0.9,3,0.2103102197954768,0.9776455966640828,0.3068607800444113,0.972311478126201,0.0690379019979445,276.0
degree_curve,elastic_net,5,0.01,0.9,4,0.2138100437621309,0.9780811683231914,0.2861080842195117,0.9698510768899334,0.0844244020008773,364.0
degree_curve,elastic_net,5,0.01,0.9,5,0.2059893728381917,0.97854087424636,0.3155410798302129,0.969440646031782,0.0731001019994437,257.0
degree_curve,elastic_net,5,0.01,0.9,6,0.21308451592075,0.9782146110486648,0.2944512638681685,0.9690437259165372,0.0772270019988354,251.0
degree_curve,elastic_net,5,0.01,0.9,7,0.2126546021876124,0.9787132037458006,0.2709801438443396,0.969088754050624,0.1161995029979152,274.0
degree_curve,elastic_net,5,0.01,0.9,8,0.2018299580100383,0.9795381134382324,0.338230776740456,0.9630420587147844,0.1179755029988882,243.0
degree_curve,elastic_net,5,0.01,0.9,9,0.2116534815283049,0.9779920101850512,0.3042894463187651,0.9698238149065562,0.0936782030003087,210.0
degree_curve,elastic_net,5,0.01,0.9,10,0.2135096222931912,0.9774167488550524,0.2724724037491783,0.974937951636172,0.1148905029986053,236.0
degree_curve,elastic_net,5,0.01,0.9,11,0.2047488780868634,0.9790814694627532,0.3463092113415617,0.9636435713058886,0.0892206019998411,288.0
degree_curve,elastic_net,5,0.01,0.9,12,0.2110843709100331,0.9779731657068113,0.2958278933742779,0.971524756812186,0.1016079020009783,276.0
degree_curve,elastic_net,5,0.01,0.9,13,0.2160974222600503,0.9776996850520276,0.255152271388695,0.974317727678079,0.0968905019981321,278.0
degree_curve,elastic_net,5,0.01,0.9,14,0.2109161896682408,0.9781101281432848,0.2790740184372591,0.9725605904860968,0.1031322019989602,262.0
degree_curve,elastic_net,5,0.01,0.9,15,0.2120740820842538,0.9788336398969844,0.2937835200941129,0.9655303798398308,0.084481202000461,233.0
degree_curve,ridge,6,1.0,,1,0.0924540430705413,0.9908135642647834,0.5977323350217705,0.9260533430242108,0.1970384039996133,
degree_curve,ridge,6,1.0,,2,0.1067988776888428,0.9891791114344094,0.6004503754590299,0.9349862230843182,0.1672285040003771,
degree_curve,ridge,6,1.0,,3,0.0992359186377755,0.989451964090017,0.4971704266825841,0.9551395449356076,0.1878963790004491,
degree_curve,ridge,6,1.0,,4,0.1052050302693819,0.9892148595573294,0.5212876288066134,0.9450687991498294,0.1924731299986888,
degree_curve,ridge,6,1.0,,5,0.1012384449642913,0.9894533951355916,0.4572083699291407,0.9557205279850896,0.1722267129989632,
degree_curve,ridge,6,1.0,,6,0.1042160810163238,0.9893451297945606,0.590909282353835,0.9378764775443535,0.3650406590022612,
degree_curve,ridge,6,1.0,,7,0.1043427926093886,0.9895552518308036,0.5699007804326911,0.9349902803180457,0.2148801469993486,
degree_curve,ridge,6,1.0,,8,0.0952543657309132,0.9903429399415415,0.5407939203629504,0.940908304830248,0.2441605899985006,
degree_curve,ridge,6,1.0,,9,0.1006273677895418,0.9895366423012456,0.5198347969745696,0.9484483236560084,0.3935503100001369,
degree_curve,ridge,6,1.0,,10,0.0969109371122543,0.9897495765858604,0.561253015374144,0.9483758721173112,0.2870876730012242,
degree_curve,ridge,6,1.0,,11,0.0959189430272152,0.9902002718766352,0.6708743240495341,0.9295698938225444,0.1801178219975554,
degree_curve,ridge,6,1.0,,12,0.0946787971055551,0.990120186701026,0.5793171267526173,0.944237185077488,0.2822777820001647,
degree_curve,ridge,6,1.0,,13,0.1065638135997388,0.9890030774986688,0.4169898377345133,0.9580280178973712,0.3694807009997021,
degree_curve,ridge,6,1.0,,14,0.0944803067555076,0.9901943904300836,0.6383653134815178,0.9372339734304987,0.1844216879981104,
degree_curve,ridge,6,1.0,,15,0.1045299005521961,0.9895672422821512,0.5482406240200948,0.935674928054872,0.1653015039992169,
degree_curve,lasso,6,0.01,,1,0.1944673481691959,0.9806772993670893,0.3262801139057306,0.9596352376350366,0.2476170730005833,597.0
degree_curve,lasso,6,0.01,,2,0.2127868606671814,0.97844038292041,0.2935543923368375,0.9682153920523148,0.4806216030010546,875.0
degree_curve,lasso,6,0.01,,3,0.2066136097779801,0.9780385186599184,0.3271445014123272,0.9704812466358936,0.1915649719994689,342.0
degree_curve,lasso,6,0.01,,4,0.2092898079760522,0.9785445623040876,0.2947820672292709,0.968937047328229,0.5063315959996544,970.0
degree_curve,lasso,6,0.01,,5,0.2018812296421435,0.9789688437102372,0.3229370032157193,0.9687243695939216,0.3133311079982377,608.0
degree_curve,lasso,6,0.01,,6,0.2090041268452537,0.9786317829050916,0.3108774862977841,0.9673168029717786,0.189718804002041,516.0
degree_curve,lasso,6,0.01,,7,0.2075438434772278,0.9792247923888544,0.2844900736228113,0.9675476493917492,0.4492823110012978,1154.0
degree_curve,lasso,6,0.01,,8,0.1985388410640605,0.9798717728328736,0.3416018253314618,0.9626737095743052,0.2140981049997208,394.0
degree_curve,lasso,6,0.01,,9,0.2047744238278762,0.9787073030813188,0.3188377296951548,0.9683810711726908,0.1944394040001498,407.0
degree_curve,lasso,6,0.01,,10,0.2067498100846262,0.9781317449060926,0.2734674511714928,0.9748464270403624,0.5084347119991435,979.0
degree_curve,lasso,6,0.01,,11,0.1979282438390842,0.9797783115999542,0.367562812823606,0.961412313743372,0.3474259089998668,1119.0
degree_curve,lasso,6,0.01,,12,0.2048220632518645,0.9786266428566578,0.3051339744056978,0.97062898962312,0.1625115040005766,349.0
degree_curve,lasso,6,0.01,,13,0.2113485074913982,0.9781897524202288,0.2615318174949408,0.973675596453853,0.1899903459998313,482.0
degree_curve,lasso,6,0.01,,14,0.2032853077065194,0.9789020968800544,0.3030873810146753,0.970199523363986,0.2342314059969794,583.0
degree_curve,lasso,6,0.01,,15,0.2086262759697364,0.9791777531665932,0.3044437276973606,0.9642796176909032,0.2670742820009764,984.0
degree_curve,elastic_net,6,0.01,0.1,1,0.1130838821405192,0.988763738377779,0.5269934459943024,0.9348045917944016,3.7584354350001377,4497.0
degree_curve,elastic_net,6,0.01,0.1,2,0.1265340286663065,0.9871795410814848,0.4904163216773856,0.9469001625505382,2.0706734500017774,2796.0
degree_curve,elastic_net,6,0.01,0.1,3,0.1188745143001916,0.9873645282591972,0.4675242183212714,0.9578145680798772,2.577179466999951,3394.0
degree_curve,elastic_net,6,0.01,0.1,4,0.1268214734992525,0.986998840270911,0.4499899958121633,0.9525818579329928,4.205392388998007,3662.0
degree_curve,elastic_net,6,0.01,0.1,5,0.1218050673517037,0.9873108489932438,0.4134669871736893,0.9599567700598216,2.13768065000113,4132.0
degree_curve,elastic_net,6,0.01,0.1,6,0.1250297153553611,0.9872171801516336,0.5155414646247656,0.945800053052381,2.508210878000682,3957.0
degree_curve,elastic_net,6,0.01,0.1,7,0.124908103653704,0.9874966573701092,0.4778216828658592,0.945493926789353,2.3796638669991808,3332.0
degree_curve,elastic_net,6,0.01,0.1,8,0.1148170247426557,0.988359642152197,0.5198406749200637,0.9431978327740848,1.8790512470004612,3345.0
degree_curve,elastic_net,6,0.01,0.1,9,0.122127324910233,0.9873010502669576,0.4675068076252729,0.9536376560869398,3.619286598001054,3733.0
degree_curve,elastic_net,6,0.01,0.1,10,0.1178913300827771,0.9875304471691898,0.5178288174871409,0.9523700356826108,2.938048065003386,4781.0
degree_curve,elastic_net,6,0.01,0.1,11,0.1156029553888411,0.988189220008954,0.5749801159961997,0.9396371135876888,1.9391993820026985,3421.0
degree_curve,elastic_net,6,0.01,0.1,12,0.1149950865301632,0.9880001645568992,0.5010647702373775,0.9517694527631854,2.8023242359995493,3708.0
degree_curve,elastic_net,6,0.01,0.1,13,0.1277111548516513,0.9868207637750818,0.4150436826164464,0.9582239075339826,1.7232517679985904,3700.0
degree_curve,elastic_net,6,0.01,0.1,14,0.1135176346885625,0.9882186072073528,0.5872339773860695,0.9422613625008698,1.741971334999107,3701.0
degree_curve,elastic_net,6,0.01,0.1,15,0.1254502406722098,0.987479257517083,0.5075097203047119,0.9404538849527944,1.580760030003148,3529.0
degree_curve,elastic_net,6,0.01,0.5,1,0.1650041009360278,0.9836048319905332,0.3814557217936414,0.9528093533539572,0.1946669460012344,459.0
degree_curve,elastic_net,6,0.01,0.5,2,0.1824672251537699,0.9815123758508584,0.3148530833208495,0.9659092758421748,0.273224422999192,723.0
degree_curve,elastic_net,6,0.01,0.5,3,0.1773775048456835,0.9811460979409604,0.3505392248062155,0.9683703046304362,0.2044530419989314,526.0
degree_curve,elastic_net,6,0.01,0.5,4,0.1822287551827963,0.9813187381600756,0.3200076281610198,0.9662788788286766,0.2269074370015005,565.0
degree_curve,elastic_net,6,0.01,0.5,5,0.1719150341440921,0.9820905987245404,0.3558198759129334,0.9655397467017556,0.2352566339977784,572.0
degree_curve,elastic_net,6,0.01,0.5,6,0.1796277719220499,0.9816351701536165,0.3491347560727052,0.96329473659217,0.2464503310002328,696.0
degree_curve,elastic_net,6,0.01,0.5,7,0.1790410608755654,0.9820779303867052,0.3189765687934575,0.9636137060443568,0.238511732997722,585.0
degree_curve,elastic_net,6,0.01,0.5,8,0.1671753490543712,0.983051460437284,0.3702518862580214,0.959543162792768,0.2331314350012689,506.0
degree_curve,elastic_net,6,0.01,0.5,9,0.1731820551478821,0.9819923165057092,0.3615709081561995,0.9641432498533118,0.2681308829996851,590.0
degree_curve,elastic_net,6,0.01,0.5,10,0.1724108179180511,0.9817638345319982,0.334619529563717,0.969221650640528,0.2850507910006854,659.0
degree_curve,elastic_net,6,0.01,0.5,11,0.1693961566881354,0.9826933426464506,0.3978475050075671,0.958232949129754,0.4615780109998013,583.0
degree_curve,elastic_net,6,0.01,0.5,12,0.1744664245393078,0.9817942796689084,0.3333870785456061,0.9679094556332112,0.2266065799994976,523.0
degree_curve,elastic_net,6,0.01,0.5,13,0.1825178865518071,0.9811649472206776,0.2819887110239419,0.971616514214009,0.2984753489981813,503.0
degree_curve,elastic_net,6,0.01,0.5,14,0.1711173060757516,0.9822406430328732,0.3645816650102793,0.9641532176176882,0.3010123000021849,761.0
degree_curve,elastic_net,6,0.01,0.5,15,0.1782103818940439,0.9822134554105172,0.3401041178595927,0.9600955841438144,0.32674276599937,591.0
degree_curve,elastic_net,6,0.01,0.9,1,0.1898380412879816,0.9811372774140246,0.3327049159028257,0.9588404125911492,0.2906438239988347,330.0
degree_curve,elastic_net,6,0.01,0.9,2,0.2079341939913186,0.9789320563020204,0.2944138093502373,0.9681223386572794,0.2840635490028944,786.0
degree_curve,elastic_net,6,0.01,0.9,3,0.2027049147832472,0.978453983702532,0.330501032874848,0.9701783816206684,0.3806162840010074,413.0
degree_curve,elastic_net,6,0.01,0.9,4,0.2052234739057826,0.9789614243488244,0.2952216306604244,0.968890727895753,0.2473589139990508,598.0
degree_curve,elastic_net,6,0.01,0.9,5,0.1968995538079807,0.979487814212046,0.3272901450474614,0.9683027788388234,0.6090921629984223,479.0
degree_curve,elastic_net,6,0.01,0.9,6,0.2043015539427543,0.9791125657499185,0.3119507107598381,0.9672039726508488,0.2628113539976766,400.0
degree_curve,elastic_net,6,0.01,0.9,7,0.2027319726770663,0.979706462252901,0.2880354990328158,0.9671432156377144,0.5487711040004797,606.0
degree_curve,elastic_net,6,0.01,0.9,8,0.1941179306998925,0.9803199727297732,0.3417532576735201,0.9626571628021264,0.2519249559991294,330.0
degree_curve,elastic_net,6,0.01,0.9,9,0.2003170080264961,0.979170790668905,0.3203894461145025,0.9682271884716992,0.2791444510003202,437.0
degree_curve,elastic_net,6,0.01,0.9,10,0.2015697599589485,0.9786796470178342,0.2791299779578536,0.9743255870645392,0.6272763900014979,687.0
degree_curve,elastic_net,6,0.01,0.9,11,0.1939203480595754,0.9801877853467076,0.3681966189150253,0.9613457751552724,0.3085746460019436,609.0
degree_curve,elastic_net,6,0.01,0.9,12,0.2000943941480024,0.9791199791633434,0.3074830947643013,0.970402872427998,0.2390042579972942,478.0
degree_curve,elastic_net,6,0.01,0.9,13,0.2064203750567012,0.9786983142727936,0.2621717635776414,0.9736111828804296,0.2166171620010573,290.0
degree_curve,elastic_net,6,0.01,0.9,14,0.1981637372297129,0.9794336374963474,0.310808568940156,0.96944035259414,0.2214730609994148,569.0
degree_curve,elastic_net,6,0.01,0.9,15,0.2034139239886697,0.9796979794852956,0.3038646443578831,0.9643475615386264,0.2735438519994204,622.0
degree_curve,ridge,7,1.0,,1,0.0638609329483759,0.993654638163594,0.6053487586928509,0.925111100091064,0.1989643969973258,
degree_curve,ridge,7,1.0,,2,0.0780393529685438,0.99209303355543,0.7116946246705694,0.9229412496827069,0.3100804280002194,
degree_curve,ridge,7,1.0,,3,0.0699403985161087,0.9925658587612892,0.5568968213643806,0.9497503401458957,0.1778049820022715,
degree_curve,ridge,7,1.0,,4,0.0733110598464955,0.9924844841123952,0.6264105042593069,0.9339913718978936,0.2710103309982514,
degree_curve,ridge,7,1.0,,5,0.0723830871197585,0.9924594276513492,0.5430214277882529,0.9474097507904916,0.3762277669993636,
degree_curve,ridge,7,1.0,,6,0.0739814769746296,0.992436262934816,0.6208625487263348,0.9347274283219422,0.3223772819983423,
degree_curve,ridge,7,1.0,,7,0.0758963240330141,0.9924027527760338,0.5811832580922877,0.9337032655688968,0.2196003459976054,
degree_curve,ridge,7,1.0,,8,0.0666820664764876,0.9932396513708918,0.5921148781053585,0.9353005450597632,0.1795402570023725,
degree_curve,ridge,7,1.0,,9,0.0723984553336035,0.9924719194029092,0.5384069325274258,0.9466065371372724,0.2381014119964675,
degree_curve,ridge,7,1.0,,10,0.0673649962330484,0.9928746975805132,0.7333512968938245,0.9325462490236334,0.2440774909991887,
degree_curve,ridge,7,1.0,,11,0.0674061250452683,0.993113334254468,0.7313167089259196,0.9232244973274654,0.2382580350022181,
degree_curve,ridge,7,1.0,,12,0.0672353621592702,0.992983932564311,0.6103119412337367,0.941253744706656,0.276422614002513,
degree_curve,ridge,7,1.0,,13,0.0747498110178149,0.9922861443206265,0.5243565166581545,0.9472210583064976,0.2255273349983326,
degree_curve,ridge,7,1.0,,14,0.0665506197531451,0.9930930644031036,0.7120471925250115,0.9299893461300076,0.5166333240013046,
degree_curve,ridge,7,1.0,,15,0.0731354948116511,0.992700606296244,0.6526257219915382,0.9234274245995896,0.2746369720007351,
degree_curve,lasso,7,0.01,,1,0.1885635038559522,0.9812639182381856,0.3282900263673104,0.9593865873636028,0.9122113630000968,856.0
degree_curve,lasso,7,0.01,,2,0.2038767582792967,0.9793431566867056,0.3080323490427731,0.9666477909882716,1.2118577149994962,1124.0
degree_curve,lasso,7,0.01,,3,0.1970078367011911,0.9790595404910052,0.3410063493610208,0.9692304706974268,0.646742307999375,754.0
degree_curve,lasso,7,0.01,,4,0.1996130604842177,0.9795365783746164,0.3248901273662871,0.965764380632912,0.9629759119998198,1111.0
degree_curve,lasso,7,0.01,,5,0.1919967315167078,0.9799985700760334,0.3297774840938879,0.9680618863553484,0.9261839040009364,1070.0
degree_curve,lasso,7,0.01,,6,0.2002639463413161,0.9795253637031162,0.3077151740853767,0.9676492634350102,0.9578353659999266,906.0
degree_curve,lasso,7,0.01,,7,0.2007865767854346,0.979901197027286,0.2998322695238993,0.9657975344786268,0.7363706100004492,758.0
degree_curve,lasso,7,0.01,,8,0.1899146011240209,0.9807461138924192,0.3522347068395954,0.9615118714522474,0.6908741839979484,868.0
degree_curve,lasso,7,0.01,,9,0.1971336162349777,0.979501803670056,0.3414450453733225,0.9661391184838168,0.4857297369999287,506.0
degree_curve,lasso,7,0.01,,10,0.194613546789214,0.9794154167098164,0.3154049135483595,0.9709890136073576,0.6107685069982836,592.0
degree_curve,lasso,7,0.01,,11,0.1905507599681039,0.9805320452618193,0.3818880932534638,0.9599084090841408,1.0839698189993214,1120.0
degree_curve,lasso,7,0.01,,12,0.1934230572520043,0.9798161388633184,0.327903720419308,0.968437262373648,0.7217102930007968,650.0
degree_curve,lasso,7,0.01,,13,0.2029723971045343,0.9790541306146212,0.2762156844377246,0.972197596405055,1.0135454240007675,879.0
degree_curve,lasso,7,0.01,,14,0.1945556592329801,0.9798081007612194,0.3222596821621118,0.9683144441815732,0.747035518001212,991.0
degree_curve,lasso,7,0.01,,15,0.1977855860368343,0.9802597238847016,0.3256669237645396,0.96178950011458,1.2041114300009212,963.0
degree_curve,elastic_net,7,0.01,0.1,1,0.0869167607914331,0.9913637607312156,0.5956213357592557,0.9263144989450056,11.41644731499764,7227.0
degree_curve,elastic_net,7,0.01,0.1,2,0.099701375594125,0.989898232093006,0.6439346457945986,0.9302779628075608,16.394188209000276,11744.0
degree_curve,elastic_net,7,0.01,0.1,3,0.0921790461639126,0.990202056851673,0.4854986414178093,0.95619270813738,10.31384431799961,8094.0
degree_curve,elastic_net,7,0.01,0.1,4,0.0981327559937969,0.989939876898382,0.5529834769534733,0.9417288177183546,18.268460413997676,11337.0
degree_curve,elastic_net,7,0.01,0.1,5,0.0958138503896756,0.9900185070903263,0.4484940009337535,0.9565644925391916,9.311662280000746,7375.0
degree_curve,elastic_net,7,0.01,0.1,6,0.0964485287816795,0.9901392707761346,0.5410675132003416,0.943116446449398,14.343483046999609,8451.0
degree_curve,elastic_net,7,0.01,0.1,7,0.1002616014376301,0.9899637804215512,0.466905729480542,0.9467391313828648,19.473359555999195,10963.0
degree_curve,elastic_net,7,0.01,0.1,8,0.0898405515030685,0.9908918022298204,0.5274563471382848,0.942365680332486,13.675281070001802,9508.0
degree_curve,elastic_net,7,0.01,0.1,9,0.0952377094559145,0.9900970656160716,0.4958877378570843,0.9508231378242784,14.42241385500165,9502.0
degree_curve,elastic_net,7,0.01,0.1,10,0.0901722656413777,0.9904623365475688,0.6551530797457772,0.9397389315601504,14.8355103089998,10035.0
degree_curve,elastic_net,7,0.01,0.1,11,0.0916996228209666,0.990631346173137,0.6076810903677536,0.9362040814764097,10.628061555999013,6212.0
degree_curve,elastic_net,7,0.01,0.1,12,0.0888996518577101,0.9907232454409116,0.5430686931883911,0.9477263184014127,21.21188735999749,10144.0
degree_curve,elastic_net,7,0.01,0.1,13,0.0995295753456494,0.9897289803199274,0.4747891522932754,0.9522102459118844,11.395514851999906,8454.0
degree_curve,elastic_net,7,0.01,0.1,14,0.089098644076754,0.9907529246355388,0.5991204245347338,0.941092650727542,16.708350865003013,12887.0
degree_curve,elastic_net,7,0.01,0.1,15,0.0970253588794708,0.9903162439040932,0.5903718519998197,0.930731671112218,12.26084848300161,8214.0
degree_curve,elastic_net,7,0.01,0.5,1,0.1519213275585716,0.9849047649396924,0.3871285988417339,0.9521075504422478,1.1091494030006288,1049.0
degree_curve,elastic_net,7,0.01,0.5,2,0.1666866202520844,0.9831112706223584,0.3391266102580042,0.9632810592072156,1.3886825510016934,1209.0
degree_curve,elastic_net,7,0.01,0.5,3,0.1616410084041754,0.9828187698105908,0.364403721756646,0.9671192896684536,1.8673831519990929,1528.0
degree_curve,elastic_net,7,0.01,0.5,4,0.1675434439466874,0.9828242093692012,0.3428060590850613,0.9638764715606886,2.679474401000334,1255.0
degree_curve,elastic_net,7,0.01,0.5,5,0.1569087573332271,0.9836538909310334,0.3637723955824359,0.9647695653242616,1.806754673998512,1200.0
degree_curve,elastic_net,7,0.01,0.5,6,0.164193553317525,0.9832131377220557,0.3739123590079374,0.9606898156367698,1.15927225699852,985.0
degree_curve,elastic_net,7,0.01,0.5,7,0.1657550017101026,0.9834078693185088,0.3387440643129151,0.9613587883698128,1.5004751960004796,1278.0
degree_curve,elastic_net,7,0.01,0.5,8,0.1506466868351137,0.9847271661386714,0.3913975437338263,0.9572326102908358,1.972719523997512,1452.0
degree_curve,elastic_net,7,0.01,0.5,9,0.1601742294642878,0.983344886248914,0.3703484241931722,0.9632727893368636,1.2540378980011155,1030.0
degree_curve,elastic_net,7,0.01,0.5,10,0.1564801707381503,0.9834488443329674,0.3885819160538405,0.9642581830693756,1.4333799440028088,1158.0
degree_curve,elastic_net,7,0.01,0.5,11,0.1555713033065326,0.9841057831947856,0.4204145952152154,0.9558637981539844,1.9584483319995345,1443.0
degree_curve,elastic_net,7,0.01,0.5,12,0.1560162282045771,0.9837195734061464,0.3562382742551686,0.9657098883525864,1.3669967700006964,1120.0
degree_curve,elastic_net,7,0.01,0.5,13,0.1675302606286608,0.9827116050887492,0.2942158255607296,0.970385797812638,1.2258601659996202,947.0
degree_curve,elastic_net,7,0.01,0.5,14,0.1580659790197814,0.9835951709961588,0.3844390765045243,0.9622007762943152,2.1958236930004205,1886.0
degree_curve,elastic_net,7,0.01,0.5,15,0.1607715664633582,0.9839539615749114,0.3640430105699235,0.957286833882684,1.2539388840014,1305.0
degree_curve,elastic_net,7,0.01,0.9,1,0.1824828088192312,0.9818681093835924,0.3333701761009681,0.95875811192781,0.882146575000661,763.0
degree_curve,elastic_net,7,0.01,0.9,2,0.197351287918613,0.98000431894926,0.3074660147266931,0.9667091108481471,0.8624701740009186,891.0
degree_curve,elastic_net,7,0.01,0.9,3,0.1917883588182755,0.9796143319505504,0.3440343114942273,0.9689572529999868,0.7591274690021237,741.0
degree_curve,elastic_net,7,0.01,0.9,4,0.1941844487948706,0.9800930949150176,0.326110628778023,0.9656357690862704,1.0760158040029637,983.0
degree_curve,elastic_net,7,0.01,0.9,5,0.1865095533075541,0.9805702017364462,0.334683032156927,0.9675867964566032,0.9577831169990532,945.0
degree_curve,elastic_net,7,0.01,0.9,6,0.1949687863463767,0.9800667316178652,0.3121765687989649,0.9671802277252156,1.1696261299985051,968.0
degree_curve,elastic_net,7,0.01,0.9,7,0.1949373238965547,0.9804867091826966,0.3037917788873185,0.9653458653414156,0.7442335690029722,782.0
degree_curve,elastic_net,7,0.01,0.9,8,0.1836237042492606,0.9813838964074248,0.353737031286377,0.961347714839326,1.482355677999294,1207.0
degree_curve,elastic_net,7,0.01,0.9,9,0.1912983183638895,0.9801085651331172,0.3413302101594802,0.9661505066167608,0.5811126469998271,534.0
degree_curve,elastic_net,7,0.01,0.9,10,0.1886140752442968,0.9800499903237858,0.325401526224277,0.9700695238281688,0.6622939059998316,631.0
degree_curve,elastic_net,7,0.01,0.9,11,0.1853687774378858,0.9810614716538693,0.3855130206419557,0.959527854915193,1.0563385749992449,1164.0
degree_curve,elastic_net,7,0.01,0.9,12,0.1878086565817278,0.9804020063659034,0.3292505787043452,0.9683076190301196,0.9564120319992072,661.0
degree_curve,elastic_net,7,0.01,0.9,13,0.1971727403500333,0.97965262998987,0.2780482563620846,0.9720131394493918,2.1132356300004176,898.0
degree_curve,elastic_net,7,0.01,0.9,14,0.1887433692619427,0.9804113274877224,0.3311981166090919,0.967435590017444,1.777001050002582,975.0
degree_curve,elastic_net,7,0.01,0.9,15,0.1921546457275246,0.9808217280161547,0.3251641803489651,0.9618484869990972,0.5004590799981088,458.0
degree_curve,ridge,8,1.0,,1,0.045262014322254,0.9955026673576558,0.7612198333752506,0.905827979174463,0.2218436000002839,
degree_curve,ridge,8,1.0,,2,0.0563951922350202,0.9942860252465558,0.9635132647995422,0.8956755811750643,0.1118156599986832,
degree_curve,ridge,8,1.0,,3,0.0499790820377682,0.9946875974010312,0.6326314421731646,0.9429166884013996,0.2255381699978897,
degree_curve,ridge,8,1.0,,4,0.0532136767598135,0.9945447762729984,0.6804296277718084,0.9282990531866124,0.1291734400001587,
degree_curve,ridge,8,1.0,,5,0.0528626729247635,0.9944929841266272,0.620686249218135,0.9398881096456008,0.1881456500013882,
degree_curve,ridge,8,1.0,,6,0.0530424299231739,0.9945770345545424,0.7800443838935694,0.9179923107550784,0.2063858500005153,
degree_curve,ridge,8,1.0,,7,0.0554954060988429,0.9944448914318444,0.7783301220577266,0.9112143292441583,0.2773684099993261,
degree_curve,ridge,8,1.0,,8,0.0484732773753196,0.9950856913774834,0.7343154154563795,0.919762517560338,0.2477060300006996,
degree_curve,ridge,8,1.0,,9,0.0521220093985507,0.994580289236468,0.666611191912066,0.9338926047030006,0.1203635400015628,
degree_curve,ridge,8,1.0,,10,0.0472606436046334,0.9950011668217478,0.8806876495321009,0.9189942314807132,0.236817240001983,
degree_curve,ridge,8,1.0,,11,0.0479593531761168,0.9951001480284762,0.9082448312014008,0.9046501295346686,0.2117447199998423,
degree_curve,ridge,8,1.0,,12,0.048698304977982,0.9949182903050346,0.7286430135899082,0.929863655612678,0.194845627000177,
degree_curve,ridge,8,1.0,,13,0.0539480565911733,0.9944327949855576,0.5473194590849636,0.9449097304962134,0.261669821000396,
degree_curve,ridge,8,1.0,,14,0.0469607352767103,0.9951261945366962,0.9034154395569504,0.9111734358289644,0.264413479999348,
degree_curve,ridge,8,1.0,,15,0.054717928685299,0.9945387980876228,0.7782146846219861,0.9086920717220884,0.1935057869995944,
degree_curve,lasso,8,0.01,,1,0.1801039292756193,0.9821044800529912,0.3491746312351762,0.9568029113237536,1.412343818999943,917.0
degree_curve,lasso,8,0.01,,2,0.196124124473307,0.9801286554514852,0.335945041690228,0.9636255436101928,1.4594366230012383,965.0
degree_curve,lasso,8,0.01,,3,0.189130665850112,0.9798968248346868,0.3503386249763844,0.9683884050627408,1.1205233510008838,640.0
degree_curve,lasso,8,0.01,,4,0.1934653903925189,0.9801668095067628,0.3358028419344472,0.964614442513075,2.594889433999924,1455.0
degree_curve,lasso,8,0.01,,5,0.1850926238592951,0.9807178116193992,0.3382488512693108,0.9672414559117186,1.5262250200030394,1101.0
degree_curve,lasso,8,0.01,,6,0.1951532348439081,0.9800478739254472,0.3129137119260227,0.9671027303343734,1.09506640300242,809.0
degree_curve,lasso,8,0.01,,7,0.1945962759388594,0.980520848196448,0.3074821561631313,0.9649248966386896,1.126489386002504,861.0
degree_curve,lasso,8,0.01,,8,0.1837019321409695,0.9813759655221296,0.3551379921545822,0.961194634064096,1.3475517769984435,859.0
degree_curve,lasso,8,0.01,,9,0.1884624309039248,0.980403444205668,0.3563143865237117,0.9646645356607844,1.5978590680024354,999.0
degree_curve,lasso,8,0.01,,10,0.1865398065463789,0.980269389011508,0.3196733481315859,0.9705964024199834,1.0943596020006223,726.0
degree_curve,lasso,8,0.01,,11,0.1799205260759735,0.9816181018711074,0.4096717929617681,0.9569916050713612,1.9811779480005496,1218.0
degree_curve,lasso,8,0.01,,12,0.1871887720964034,0.9804666918411012,0.3401230891022575,0.967261073438657,1.4155362950004928,1066.0
degree_curve,lasso,8,0.01,,13,0.1979469511878528,0.9795727347956612,0.2812634236316053,0.9716895177903452,1.42393414199978,790.0
degree_curve,lasso,8,0.01,,14,0.1854938150314492,0.9807485814738144,0.3515947476202528,0.9654301309849148,1.3769905310000468,756.0
degree_curve,lasso,8,0.01,,15,0.1937585105553197,0.980661651970237,0.3332924924621152,0.9608947921458466,1.1515003249987783,843.0
degree_curve,ridge,9,1.0,,1,0.031650216193847856,0.9968551653620096,0.8040563425447419,0.9005285893573114,0.5241372889977356,
degree_curve,ridge,9,1.0,,2,0.040574502289722675,0.9958889814445376,1.1604837619865642,0.8743485964874484,0.258589862001827,
degree_curve,ridge,9,1.0,,3,0.03570475248121211,0.9962048518671593,0.7533373852885663,0.9320252048244999,0.36596560899852193,
degree_curve,ridge,9,1.0,,4,0.03779975440653635,0.9961249413746749,0.8475141614287739,0.9106923547535812,0.2667688539986557,
degree_curve,ridge,9,1.0,,5,0.03857560516061225,0.9959813520923014,0.7493090906154883,0.92743131339969,0.2316259130020626,
degree_curve,ridge,9,1.0,,6,0.03797497084338777,0.9961175052693809,0.8595337725314701,0.9096354259209772,0.23519860200030962,
degree_curve,ridge,9,1.0,,7,0.039620579270296157,0.9960339668658754,0.8381302165298787,0.9043928130924568,0.2069100629996683,
degree_curve,ridge,9,1.0,,8,0.034677130729820406,0.9964843697027085,0.793489581752346,0.9132966501291016,0.33992275100172265,
degree_curve,ridge,9,1.0,,9,0.03834930500770055,0.9960123920101595,0.7003049158732807,0.9305512201658718,0.3163816380001663,
degree_curve,ridge,9,1.0,,10,0.03305854932976882,0.9965033448423387,1.092958956583216,0.8994694880925157,0.2629935219993058,
degree_curve,ridge,9,1.0,,11,0.03389567765187284,0.9965369882625654,1.0396272403505817,0.8908572674522862,0.3848852770024678,
degree_curve,ridge,9,1.0,,12,0.03493588716550287,0.9963544103518301,0.8012966573876927,0.9228702982520006,0.48534352500064415,
degree_curve,ridge,9,1.0,,13,0.038177655936419634,0.9960602318044639,0.7496710338448821,0.924542095830571,0.25600914300230215,
degree_curve,ridge,9,1.0,,14,0.032560943372956605,0.9966206725093559,1.076814696536686,0.8941242914897068,0.3682940510007029,
degree_curve,ridge,9,1.0,,15,0.0389199752908671,0.9961155356462669,0.9098176540548353,0.8932510954316298,0.30995513000016217,
degree_curve,lasso,9,0.01,,1,0.17468191693783633,0.982643223046184,0.35383014321478035,0.956226968669773,5.636501605000376,1569
degree_curve,lasso,9,0.01,,2,0.1916057054428029,0.9805864627794254,0.34351697415628124,0.9628056924646384,6.533336658998451,2173
degree_curve,lasso,9,0.01,,3,0.1838164798914285,0.9804616830543111,0.3625536459666726,0.967286224862881,4.560390549999283,1362
degree_curve,lasso,9,0.01,,4,0.18860359051323006,0.980665219082503,0.35003168304655885,0.9631150642700428,4.205649989999074,1199
degree_curve,lasso,9,0.01,,5,0.17942365957324913,0.9813083810057274,0.34702186839909216,0.9663918114344212,2.3173066529998323,796
degree_curve,lasso,9,0.01,,6,0.18969666311756023,0.9806057442938582,0.31631533528558636,0.9667451105922673,2.786595192999812,1101
degree_curve,lasso,9,0.01,,7,0.1890049660448973,0.981080540172462,0.3201309570350412,0.963482022673205,3.752205963999586,1557
degree_curve,lasso,9,0.01,,8,0.17684195659932697,0.9820714422627165,0.3681156376327854,0.9597765872966613,1.664281564000703,572
degree_curve,lasso,9,0.01,,9,0.1843980736780738,0.9808260610782323,0.3541699405666319,0.9648771989618176,2.4522634179993474,1060
degree_curve,lasso,9,0.01,,10,0.17978671603222146,0.9809836740982774,0.3541698027599115,0.9674234138810356,2.76427253500151,994
degree_curve,lasso,9,0.01,,11,0.17663792833037065,0.9819534742639845,0.41301888098554485,0.9566402191911014,3.9076633029981167,1200
degree_curve,lasso,9,0.01,,12,0.18065924356045182,0.9811480537176532,0.35875404556738194,0.9654677299844114,2.972796983001899,1281
degree_curve,lasso,9,0.01,,13,0.19174512445784855,0.9802127363647933,0.2882284490302953,0.9709884553304865,4.894060997998167,1635
degree_curve,lasso,9,0.01,,14,0.18260949372528068,0.9810479298732186,0.35564223993095795,0.9650321691838137,4.514666618000774,1224
degree_curve,lasso,9,0.01,,15,0.18759376788139343,0.981276933017767,0.3427065433139045,0.9597902415674965,7.868509779000306,1912
degree_curve,ridge,10,1.0,,1,0.02318237487391721,0.9976965485781248,0.9576012356065661,0.8815332449993499,0.4161416540009668,
degree_curve,ridge,10,1.0,,2,0.029113863679267094,0.9970501761684706,1.3382424789443617,0.8551017677045083,0.2860296789986023,
degree_curve,ridge,10,1.0,,3,0.025665929034801815,0.9972719037135097,0.8537707354656986,0.922962948602522,0.38618968399896403,
degree_curve,ridge,10,1.0,,4,0.028095394925093754,0.9971197881005922,0.8642057368016788,0.9089334634455066,0.2883608970005298,
degree_curve,ridge,10,1.0,,5,0.028187666210368098,0.9970635248528813,0.8640576161439385,0.9163182094867484,0.3526029329987068,
degree_curve,ridge,10,1.0,,6,0.02723499333607645,0.9972155418222217,1.0449354685236232,0.8901437598256279,0.4062986989993078,
degree_curve,ridge,10,1.0,,7,0.028828206127699606,0.9971142869991922,1.0162643677597587,0.8840726948633766,0.3178880829982518,
degree_curve,ridge,10,1.0,,8,0.025778827419452317,0.9973864958029374,0.9143117409158941,0.9000946041551897,0.5152819880022435,
degree_curve,ridge,10,1.0,,9,0.027847042903432397,0.9971044301649571,0.8638601042021119,0.9143315592617154,0.4223195719969226,
degree_curve,ridge,10,1.0,,10,0.023936898729562967,0.9974681562833801,1.2762401089668864,0.8826112630318739,0.5054592050000792,
degree_curve,ridge,10,1.0,,11,0.02472302454370837,0.9974741285582466,1.191533448883491,0.8749097643023556,0.6078716279989749,
degree_curve,ridge,10,1.0,,12,0.025333087438918492,0.9973564707005724,0.8688499077966279,0.9163678849346465,0.39744715100096073,
degree_curve,ridge,10,1.0,,13,0.02767214272041703,0.9971443551177213,0.7760585942410355,0.9218860641663544,0.35875542399662663,
degree_curve,ridge,10,1.0,,14,0.023855853092016096,0.9975241276260574,1.276634761566464,0.8744773726394682,0.534978787,
degree_curve,ridge,10,1.0,,15,0.029178125046375278,0.9970878350820019,1.021465189338887,0.8801514902127002,0.3293729750002967,
degree_curve,lasso,10,0.01,,1,0.16985363112390128,0.9831229720746514,0.3650484910013458,0.9548391245345247,10.52397643599761,1627
degree_curve,lasso,10,0.01,,2,0.18643051936460814,0.9811108139062369,0.36715610903586837,0.9602461646429324,10.551871759998903,2146
degree_curve,lasso,10,0.01,,3,0.1788487812808363,0.980989712260407,0.3717679073587633,0.9664548078337354,5.05835367400141,1267
degree_curve,lasso,10,0.01,,4,0.1844828578396963,0.981087657824234,0.3561343556757271,0.96247198908968,5.0974120880018745,1090
degree_curve,lasso,10,0.01,,5,0.17570136340422463,0.9816961545130827,0.35217159174557094,0.9658930737782399,3.500703956000507,807
degree_curve,lasso,10,0.01,,6,0.1859415102704743,0.9809896645660187,0.31928884443349725,0.9664324993880796,4.303205111998977,1083
degree_curve,lasso,10,0.01,,7,0.1856245065913533,0.9814189252856592,0.3294622607952307,0.9624175822257705,4.5119754309998825,1314
degree_curve,lasso,10,0.01,,8,0.17424124332779597,0.9823351072828475,0.37401128018924906,0.9591323797720231,2.3065147579982295,574
degree_curve,lasso,10,0.01,,9,0.18012444001176764,0.9812704387729517,0.3648718833914027,0.9638158943012497,3.093211418003193,728
degree_curve,lasso,10,0.01,,10,0.17424473366752927,0.981569858356572,0.3640508857848438,0.9665145505346916,4.860471695003071,1055
degree_curve,lasso,10,0.01,,11,0.17208895956586118,0.9824182276873122,0.425714982452685,0.9553073499154181,4.85678058999838,1167
degree_curve,lasso,10,0.01,,12,0.17595562957677682,0.9816388798520129,0.3599645142126009,0.9653512149774908,6.983780177000881,1595
degree_curve,lasso,10,0.01,,13,0.18827060233856685,0.9805712919493225,0.29193638719527426,0.9706152339705999,7.915861932000553,1586
degree_curve,lasso,10,0.01,,14,0.17684280599165803,0.9816464237855411,0.3739745618755404,0.9632296793211065,6.908127906001027,1277
degree_curve,lasso,10,0.01,,15,0.1835765776873361,0.9816778744879082,0.34816530088943126,0.9591497655458511,8.911737679998623,1838
alpha_sweep,lasso,5,0.0001,,1,0.10422171381691549,0.9896443027865993,0.8023550752953054,0.90073905651518,2.7958933869995235,13909
alpha_sweep,lasso,5,0.0001,,2,0.12081828038363662,0.9877586621038604,0.797760973709249,0.9136224139469972,2.1368724429994472,12111
alpha_sweep,lasso,5,0.0001,,3,0.10718388149855333,0.9886071550851978,0.8672617883877747,0.9217456300716904,3.0033072410005843,15767
alpha_sweep,lasso,5,0.0001,,4,0.11485186242429016,0.9882259102708632,0.9604712710003692,0.8987893873121001,2.5657371779998357,14232
alpha_sweep,lasso,5,0.0001,,5,0.1048337455201764,0.9890788515089577,0.6826242413856474,0.9338895720613782,2.434631320000335,11489
alpha_sweep,lasso,5,0.0001,,6,0.11195240197332927,0.9885541818442956,1.0080120745162264,0.8940255930701828,3.3584598019988334,17337
alpha_sweep,lasso,5,0.0001,,7,0.11750681628203834,0.9882375286923317,0.6139254978897236,0.929968292913877,2.3228409770017606,12549
alpha_sweep,lasso,5,0.0001,,8,0.10473923372462349,0.989381346851724,0.8899468799743019,0.9027569139212605,3.1158361269990564,15762
alpha_sweep,lasso,5,0.0001,,9,0.10945529974600086,0.9886187030583762,0.7635995798225956,0.9242743297976104,2.4328918890023488,13102
alpha_sweep,lasso,5,0.0001,,10,0.10279522052616188,0.9891271866030713,1.0422533651959234,0.9041333952118387,3.5470555819993024,16577
alpha_sweep,lasso,5,0.0001,,11,0.10848842737178878,0.9889160883218522,1.1651027876247824,0.8776845228704802,3.1335370980013977,15937
alpha_sweep,lasso,5,0.0001,,12,0.10434267301892501,0.9891117530000559,0.7174823756629215,0.9309379352401912,2.7583390649997455,11340
alpha_sweep,lasso,5,0.0001,,13,0.10790678390369322,0.988864488799041,0.9865707395562011,0.900697029815883,3.7310192200020538,19308
alpha_sweep,lasso,5,0.0001,,14,0.10830287726326165,0.9887598192024264,0.8381892844155925,0.9175866705398248,1.8969355020017247,9740
alpha_sweep,lasso,5,0.0001,,15,0.11039041180523367,0.9889823254910448,0.7985904779858314,0.9063013799042191,2.175502635000157,11746
alpha_sweep,elastic_net,5,0.0001,0.1,1,0.1023318281988429,0.9898320859510855,1.0446895890817922,0.8707593714380605,5.008606208000856,26837
alpha_sweep,elastic_net,5,0.0001,0.1,2,0.11929112746899387,0.9879133936129322,0.9092973559135226,0.9015458098395097,6.4217282839999825,33000
alpha_sweep,elastic_net,5,0.0001,0.1,3,0.10498257381193665,0.9888411376274677,1.0729437411676794,0.9031866299682303,5.816215173999808,31499
alpha_sweep,elastic_net,5,0.0001,0.1,4,0.11279943486456182,0.9884363157944717,1.3400004171220972,0.8587961271577517,6.310643279000942,33348
alpha_sweep,elastic_net,5,0.0001,0.1,5,0.10328483208624607,0.9892402109407684,0.804730900900808,0.922063851518087,6.47042806600075,30185
alpha_sweep,elastic_net,5,0.0001,0.1,6,0.11002126797185864,0.9887516176136539,1.319311892777016,0.8612979954038753,7.136825550998765,31613
alpha_sweep,elastic_net,5,0.0001,0.1,7,0.11555957503793551,0.9884324481871115,0.7947446583228596,0.9093418903250621,6.098212035001779,29725
alpha_sweep,elastic_net,5,0.0001,0.1,8,0.10249145014269398,0.9896092312209341,1.4223205687099856,0.8445852841254742,8.826727448002202,37064
alpha_sweep,elastic_net,5,0.0001,0.1,9,0.10774504648341302,0.9887965373000444,0.8935481171594647,0.9113874184612515,6.972622327000863,29062
alpha_sweep,elastic_net,5,0.0001,0.1,10,0.10086342145235686,0.9893315160528486,1.3508865870898799,0.8757452699288438,7.736862068999471,35327
alpha_sweep,elastic_net,5,0.0001,0.1,11,0.10694547810618413,0.989073726457072,1.489968646708818,0.8435792722616797,8.783062561997212,36156
alpha_sweep,elastic_net,5,0.0001,0.1,12,0.10283328079388956,0.9892692593672064,0.7955681785370109,0.9234216993606278,6.017719898001815,26173
alpha_sweep,elastic_net,5,0.0001,0.1,13,0.10555334224743299,0.9891073537513269,1.3549758957826987,0.8636153236820768,6.490044878002664,35134
alpha_sweep,elastic_net,5,0.0001,0.1,14,0.10668256136818524,0.9889279831891096,0.985787793040672,0.9030743345492374,3.7674784519986133,20687
alpha_sweep,elastic_net,5,0.0001,0.1,15,0.1086696547886174,0.9891540681307184,0.9651688285760313,0.8867567421726259,6.755306791001203,33094
alpha_sweep,elastic_net,5,0.0001,0.5,1,0.10298363826868417,0.9897673206783154,0.913748899146857,0.8869583048326194,3.4397701870002493,17029
alpha_sweep,elastic_net,5,0.0001,0.5,2,0.11986040573803354,0.9878557141986406,0.8570363765966584,0.9072043684641159,3.381338049999613,18438
alpha_sweep,elastic_net,5,0.0001,0.5,3,0.10580690370748728,0.9887535175251974,0.9636382543769743,0.9130494327724619,3.301178303998313,18218
alpha_sweep,elastic_net,5,0.0001,0.5,4,0.11349258576792157,0.9883652571215018,1.166002467442044,0.8771313336602997,4.3453284239985805,22571
alpha_sweep,elastic_net,5,0.0001,0.5,5,0.1038097647900336,0.9891855256104158,0.7474166064668963,0.927614595693733,2.5731664179984364,14398
alpha_sweep,elastic_net,5,0.0001,0.5,6,0.11072330439510805,0.9886798426352028,1.145791898524824,0.8795405134710984,3.8674342760023137,21473
alpha_sweep,elastic_net,5,0.0001,0.5,7,0.11624807792966685,0.9883635288191508,0.6949838114781483,0.9207218092711023,3.6440590849997534,18173
alpha_sweep,elastic_net,5,0.0001,0.5,8,0.1032401183374472,0.9895333298838657,1.1427568856731087,0.875132764998523,4.527398876998632,23154
alpha_sweep,elastic_net,5,0.0001,0.5,9,0.10832075942152729,0.9887366739593288,0.8291176335056986,0.9177769473256847,3.799801400000433,18648
alpha_sweep,elastic_net,5,0.0001,0.5,10,0.10151191619952453,0.9892629237356304,1.2002777609143371,0.889598290028103,3.9931734729980235,21379
alpha_sweep,elastic_net,5,0.0001,0.5,11,0.10753664105485833,0.9890133292509439,1.3124134133183134,0.862219475786793,4.032275948000461,22157
alpha_sweep,elastic_net,5,0.0001,0.5,12,0.10334363788392414,0.9892160031692033,0.7565194408028836,0.927180379079682,2.8732449540002563,14996
alpha_sweep,elastic_net,5,0.0001,0.5,13,0.10645358893475854,0.9890144522051248,1.1677980469361071,0.8824556516969758,5.101488617001451,27000
alpha_sweep,elastic_net,5,0.0001,0.5,14,0.10730329210926741,0.9888635608401131,0.9108081442427997,0.9104465625341079,2.1354405809979653,11694
alpha_sweep,elastic_net,5,0.0001,0.5,15,0.10926643512320404,0.9890945056073769,0.8901416295974139,0.8955596833643098,3.3652661249980156,17389
alpha_sweep,elastic_net,5,0.0001,0.9,1,0.10393743139504773,0.9896725497092044,0.820011058291503,0.8985547997137764,2.5558185350018903,14334
alpha_sweep,elastic_net,5,0.0001,0.9,2,0.12061230866671532,0.9877795312088987,0.8075704954661285,0.9125602877743493,2.7589085020008497,13123
alpha_sweep,elastic_net,5,0.0001,0.9,3,0.10688764468897759,0.9886386428423342,0.8865354424053402,0.9200065385176113,2.9405032850008865,16504
alpha_sweep,elastic_net,5,0.0001,0.9,4,0.11456550481613523,0.9882552663483518,0.9934808948734556,0.8953109654605933,2.9097573529979854,15482
alpha_sweep,elastic_net,5,0.0001,0.9,5,0.10459337641178092,0.9891038921741788,0.6952929447553134,0.932662640243815,2.2762627230004,11877
alpha_sweep,elastic_net,5,0.0001,0.9,6,0.11167939203904405,0.9885820939034158,1.0329975062311068,0.8913988226427149,3.7162109310011147,17735
alpha_sweep,elastic_net,5,0.0001,0.9,7,0.1172260855521142,0.9882656299315653,0.6282919243706935,0.9283294859663761,2.6337405929989472,13274
alpha_sweep,elastic_net,5,0.0001,0.9,8,0.104393959326291,0.9894163513953557,0.9277645186887079,0.8986246404344364,3.410035719000007,18107
alpha_sweep,elastic_net,5,0.0001,0.9,9,0.10920914705564012,0.9886442983184364,0.7761224959965954,0.9230324404026675,2.886009601999831,13256
alpha_sweep,elastic_net,5,0.0001,0.9,10,0.1025186249362013,0.9891564425570025,1.06890880444632,0.9016816243225287,3.3548225310005364,17036
alpha_sweep,elastic_net,5,0.0001,0.9,11,0.10826154894432076,0.9889392677568634,1.1910407085340393,0.8749614934472725,3.713247539999429,16760
alpha_sweep,elastic_net,5,0.0001,0.9,12,0.1041305895502565,0.9891338840910531,0.7228980289845255,0.9304166455010979,2.4472557689987298,11999
alpha_sweep,elastic_net,5,0.0001,0.9,13,0.10759348736522854,0.9888968196404124,1.0150684147792703,0.8978286052016824,4.203191862001404,21637
alpha_sweep,elastic_net,5,0.0001,0.9,14,0.10809580068509789,0.9887813105813844,0.852755037103181,0.9161545212659116,1.8486815150026814,10428
alpha_sweep,elastic_net,5,0.0001,0.9,15,0.11013265026214603,0.9890080517541887,0.8145270689389917,0.9044315397013805,2.467897257000004,12843
alpha_sweep,lasso,5,0.0001467799267622069,,1,0.10590995230489691,0.9894765557215658,0.7455900317529611,0.907761573044905,2.113107803997991,11717
alpha_sweep,lasso,5,0.0001467799267622069,,2,0.12240733223643374,0.9875976589791444,0.7492446697579342,0.9188755177683627,1.6444410650001373,8522
alpha_sweep,lasso,5,0.0001467799267622069,,3,0.10917198328209199,0.9883958347357383,0.7634061823905608,0.9311166817191324,2.0041114849991573,11144
alpha_sweep,lasso,5,0.0001467799267622069,,4,0.11663710145378665,0.9880428956981991,0.8119642339092027,0.9144384636210737,1.9059715510011301,9501
alpha_sweep,lasso,5,0.0001467799267622069,,5,0.10661222410148488,0.9888935769241546,0.6247203316408756,0.9394974189857356,1.7227396119997138,9187
alpha_sweep,lasso,5,0.0001467799267622069,,6,0.11397472330729276,0.9883474232412379,0.8744629274452889,0.9080658927993481,2.354713703000016,12429
alpha_sweep,lasso,5,0.0001467799267622069,,7,0.11947381034731812,0.9880406319335967,0.5501722579641356,0.937240752258874,1.7639812890010944,9721
alpha_sweep,lasso,5,0.0001467799267622069,,8,0.10636404556241093,0.9892166204858424,0.7602534615144638,0.9169283083481955,2.288690230001521,12653
alpha_sweep,lasso,5,0.0001467799267622069,,9,0.11106409416618285,0.9884514186321619,0.6935521683306279,0.9312208857168844,1.8850791570002912,10220
alpha_sweep,lasso,5,0.0001467799267622069,,10,0.10472300738653541,0.9889232815314678,0.9085620848840799,0.9164303371659378,2.613414357001602,14296
alpha_sweep,lasso,5,0.0001467799267622069,,11,0.1098679252793639,0.9887751494831376,1.0338994871072527,0.8914585816696062,2.330323786001827,12782
alpha_sweep,lasso,5,0.0001467799267622069,,12,0.10576248000612262,0.9889635949289468,0.6883506188496485,0.9337420449212775,1.5186607550022018,8836
alpha_sweep,lasso,5,0.0001467799267622069,,13,0.11042655821544331,0.9886044590394901,0.8492599553510988,0.9145180039874976,2.584766710999247,14402
alpha_sweep,lasso,5,0.0001467799267622069,,14,0.10971637729402317,0.9886131195365947,0.767035956509946,0.924582682972702,1.5773301420013013,8052
alpha_sweep,lasso,5,0.0001467799267622069,,15,0.11204777358933907,0.9888169101041263,0.720670430829723,0.9154437389700819,2.0586807539984875,10344
alpha_sweep,elastic_net,5,0.0001467799267622069,0.1,1,0.1026872935472915,0.9897967661373579,0.9768001931785207,0.8791581037418263,4.651135654999962,24621
alpha_sweep,elastic_net,5,0.0001467799267622069,0.1,2,0.11966682591343382,0.9878753277540999,0.8849751027021182,0.9041793023128288,5.070295040997735,26804
alpha_sweep,elastic_net,5,0.0001467799267622069,0.1,3,0.10551709069586306,0.9887843224806586,1.0065553883796534,0.909176953521702,5.191563653999765,27797
alpha_sweep,elastic_net,5,0.0001467799267622069,0.1,4,0.1131691756293793,0.9883984116556133,1.2609805629086739,0.8671229226600463,5.425130780000472,29357
alpha_sweep,elastic_net,5,0.0001467799267622069,0.1,5,0.10363490804470153,0.9892037414670654,0.7711336883440668,0.9253176564154378,5.142572703000042,26615
alpha_sweep,elastic_net,5,0.0001467799267622069,0.1,6,0.11049965956303502,0.9887027076924436,1.2260500742988976,0.8711028044456303,5.439896238000074,28053
alpha_sweep,elastic_net,5,0.0001467799267622069,0.1,7,0.11606988268792229,0.9883813662219884,0.7361100059227872,0.916030462173101,5.178204354000627,26817
alpha_sweep,elastic_net,5,0.0001467799267622069,0.1,8,0.10285991782742093,0.9895718752999356,1.2831754050459623,0.8597894557812158,6.38500281099914,33751
alpha_sweep,elastic_net,5,0.0001467799267622069,0.1,9,0.10810796112495423,0.9887588009884227,0.8491822273698122,0.9157871546937247,5.085851036001259,26346
alpha_sweep,elastic_net,5,0.0001467799267622069,0.1,10,0.1013604883132506,0.9892789405031622,1.2590583099594956,0.8841916472167516,6.008263317999081,31654
alpha_sweep,elastic_net,5,0.0001467799267622069,0.1,11,0.10722479507489592,0.9890451895459341,1.411508488177149,0.8518162208196893,6.6141987510018225,31587
alpha_sweep,elastic_net,5,0.0001467799267622069,0.1,12,0.10309097760069397,0.9892423684854377,0.7726482495084258,0.9256278826433876,4.638564483000664,23073
alpha_sweep,elastic_net,5,0.0001467799267622069,0.1,13,0.10626863788679292,0.989033538349589,1.2270194611377425,0.8764947387153362,6.478915085001063,31879
alpha_sweep,elastic_net,5,0.0001467799267622069,0.1,14,0.10699786112959554,0.988895259900373,0.9510911971829384,0.906485809783693,3.9073435669997707,19004
alpha_sweep,elastic_net,5,0.0001467799267622069,0.1,15,0.10901033620333571,0.9891200659300088,0.9225327410366719,0.891759234286978,6.051491312999133,27274
alpha_sweep,elastic_net,5,0.0001467799267622069,0.5,1,0.10389176151675258,0.9896770875681022,0.8333410029563351,0.8969057257254992,3.2188282210008765,14766
alpha_sweep,elastic_net,5,0.0001467799267622069,0.5,2,0.12067059067491753,0.9877736260614872,0.8134588062000949,0.9119227308069219,3.7634604039994883,13491
alpha_sweep,elastic_net,5,0.0001467799267622069,0.5,3,0.10693588050487238,0.9886335157358873,0.8834194196403766,0.9202877020617907,4.3182906309994,16069
alpha_sweep,elastic_net,5,0.0001467799267622069,0.5,4,0.11447261316065309,0.9882647891777048,1.0209087719669474,0.8924207257114446,3.789308252999035,17215
alpha_sweep,elastic_net,5,0.0001467799267622069,0.5,5,0.1046551371885073,0.9890974581904438,0.696938401476227,0.93250328193015,2.5756544409996422,11989
alpha_sweep,elastic_net,5,0.0001467799267622069,0.5,6,0.11176203705451103,0.988573644421298,1.034198965886362,0.8912725106890839,4.097945436998998,17565
alpha_sweep,elastic_net,5,0.0001467799267622069,0.5,7,0.11731470901039945,0.9882567586939789,0.6306474694359959,0.9280607842385468,3.401107187000889,15903
alpha_sweep,elastic_net,5,0.0001467799267622069,0.5,8,0.10424922954633008,0.9894310243624854,0.9586233807328338,0.8952527414530774,4.125485287000629,19129
alpha_sweep,elastic_net,5,0.0001467799267622069,0.5,9,0.10920994410708396,0.9886442154400451,0.7741829492021803,0.9232247839879404,2.960501337001915,14593
alpha_sweep,elastic_net,5,0.0001467799267622069,0.5,10,0.102648027870801,0.9891427554035169,1.0610703583795849,0.9024026056465773,3.8228893740015337,17106
alpha_sweep,elastic_net,5,0.0001467799267622069,0.5,11,0.10820145844375033,0.9889454070089214,1.2070201298198944,0.8732839328409525,3.5736917209978856,19041
alpha_sweep,elastic_net,5,0.0001467799267622069,0.5,12,0.10408691971065337,0.9891384410760937,0.7247056958585318,0.9302426465138735,2.1784708249979303,11595
alpha_sweep,elastic_net,5,0.0001467799267622069,0.5,13,0.10779251887101343,0.9888762804538865,1.0167028446831794,0.8976640921693083,4.23267914799726,22916
alpha_sweep,elastic_net,5,0.0001467799267622069,0.5,14,0.10807296782729198,0.9887836802825073,0.8586485924524334,0.915575048910776,2.0170416370019666,11246
alpha_sweep,elastic_net,5,0.0001467799267622069,0.5,15,0.11011427990487571,0.9890098852342321,0.8216862824776563,0.9035915491830414,2.740852058999735,13882
alpha_sweep,elastic_net,5,0.0001467799267622069,0.9,1,0.10552911098572963,0.9895143969471916,0.758023058675845,0.9062234585358351,2.258599098997365,12139
alpha_sweep,elastic_net,5,0.0001467799267622069,0.9,2,0.12201540063701241,0.9876373695852336,0.7580420964983726,0.9179229762047111,1.9116549820028013,10303
alpha_sweep,elastic_net,5,0.0001467799267622069,0.9,3,0.10868352645400453,0.9884477540431209,0.7851068592920779,0.9291585961437229,2.197633551000763,11999
alpha_sweep,elastic_net,5,0.0001467799267622069,0.9,4,0.11613694731236439,0.9880941692223302,0.8475061216619778,0.9106932019519806,2.0340677900021547,10906
alpha_sweep,elastic_net,5,0.0001467799267622069,0.9,5,0.10617636692949141,0.9889389827319182,0.638477357685669,0.938165085875007,1.802639777000877,9892
alpha_sweep,elastic_net,5,0.0001467799267622069,0.9,6,0.11344975811802023,0.9884010947658196,0.9045727834517779,0.9049003809828738,2.597337970000808,13451
alpha_sweep,elastic_net,5,0.0001467799267622069,0.9,7,0.11898240854426546,0.9880898214171674,0.5634767496818266,0.9357230823296957,2.0813479669996013,10835
alpha_sweep,elastic_net,5,0.0001467799267622069,0.9,8,0.10595387631079284,0.9892582041871941,0.7860771735841535,0.914106592229883,2.4342837990006956,13433
alpha_sweep,elastic_net,5,0.0001467799267622069,0.9,9,0.11066284345231388,0.9884931411758229,0.7084157989998786,0.9297468691985263,2.070250353997835,11016
alpha_sweep,elastic_net,5,0.0001467799267622069,0.9,10,0.1042565054033344,0.9889726241855977,0.9359679548058998,0.9139095415624839,3.2216872059980233,14598
alpha_sweep,elastic_net,5,0.0001467799267622069,0.9,11,0.10952019817627331,0.9888106756364069,1.064976004651364,0.8881960892000096,2.605962716999784,14319
alpha_sweep,elastic_net,5,0.0001467799267622069,0.9,12,0.10538790582523763,0.9890026820644713,0.6960675882372207,0.9329992394424649,1.69865793200006,9076
alpha_sweep,elastic_net,5,0.0001467799267622069,0.9,13,0.10985637435267588,0.988663299536452,0.8752722432911284,0.9118997452553449,2.6478813299981994,14923
alpha_sweep,elastic_net,5,0.0001467799267622069,0.9,14,0.1093393582489329,0.9886522483422001,0.7857534798295531,0.9227423189347713,1.4774062219985353,8525
alpha_sweep,elastic_net,5,0.0001467799267622069,0.9,15,0.11163815001118083,0.9888577931770449,0.7386975950732839,0.9133286118048772,1.8827326970022114,10687
alpha_sweep,lasso,5,0.00021544346900318845,,1,0.10837489660021844,0.9892316334703822,0.6853445757722415,0.9152146583252823,1.7318699470015417,9206
alpha_sweep,lasso,5,0.00021544346900318845,,2,0.12487876556120424,0.9873472527465758,0.6986376591724689,0.9243549928941093,1.9776142350019654,8363
alpha_sweep,lasso,5,0.00021544346900318845,,3,0.11213599663594959,0.9880807822857451,0.6681790134050196,0.9397091761755909,1.5290549929995905,7386
alpha_sweep,lasso,5,0.00021544346900318845,,4,0.11921037319326518,0.9877790956019835,0.6708715958254443,0.9293062402817291,1.4653064419981092,7002
alpha_sweep,lasso,5,0.00021544346900318845,,5,0.10920054689085834,0.9886239361001504,0.5644356202426621,0.9453358405170339,1.6802386499985005,7906
alpha_sweep,lasso,5,0.00021544346900318845,,6,0.11728240445896276,0.9880092516941185,0.7328074759271536,0.9229584251831635,1.7207721400009177,8921
alpha_sweep,lasso,5,0.00021544346900318845,,7,0.1221997410426458,0.9877677653663202,0.5073742932709228,0.9421228015263825,1.350474075999955,6504
alpha_sweep,lasso,5,0.00021544346900318845,,8,0.10883770972230071,0.9889658359346755,0.6480848391594404,0.9291847960604938,2.167584106002323,10272
alpha_sweep,lasso,5,0.00021544346900318845,,9,0.11397868394902687,0.9881483559950986,0.6253484846591736,0.9379846003557696,1.5772759930005122,6577
alpha_sweep,lasso,5,0.00021544346900318845,,10,0.10790294520091241,0.9885869344689041,0.7704353848048018,0.929135249627126,2.094620338000823,9900
alpha_sweep,lasso,5,0.00021544346900318845,,11,0.11216051604626172,0.9885409229007267,0.8765496649568658,0.9079775693306055,1.989756965002016,9122
alpha_sweep,lasso,5,0.00021544346900318845,,12,0.10836089304128706,0.9886924483106345,0.6466550164070725,0.9377555015492927,1.3973814119999588,6208
alpha_sweep,lasso,5,0.00021544346900318845,,13,0.11408320144229936,0.988227109348048,0.7381865896595133,0.9256980589792793,2.526201590997516,12068
alpha_sweep,lasso,5,0.00021544346900318845,,14,0.11212346159506677,0.9883633010329462,0.6925182842069705,0.9319094880181665,1.1297961180025595,6226
alpha_sweep,lasso,5,0.00021544346900318845,,15,0.1147464075856616,0.9885475690399519,0.6551862001096798,0.9231270037041884,1.5129269490025763,7441
alpha_sweep,elastic_net,5,0.00021544346900318845,0.1,1,0.10327021997319115,0.9897388452939633,0.9055808891340752,0.887968785610053,4.154292320003151,22028
alpha_sweep,elastic_net,5,0.00021544346900318845,0.1,2,0.12026684440942571,0.9878145337324498,0.8563033311760586,0.9072837389723073,4.815530931999092,22192
alpha_sweep,elastic_net,5,0.00021544346900318845,0.1,3,0.10634549821142315,0.98869626895788,0.9362011063184643,0.9155251289955594,4.635244910001347,23503
alpha_sweep,elastic_net,5,0.00021544346900318845,0.1,4,0.11379337670548681,0.988334421404833,1.1633360644562922,0.8774123085192141,4.903667151000263,25903
alpha_sweep,elastic_net,5,0.00021544346900318845,0.1,5,0.10421915473288353,0.9891428770497408,0.7312521305050549,0.9291800842282035,4.190199355001823,21778
alpha_sweep,elastic_net,5,0.00021544346900318845,0.1,6,0.11125609619812467,0.9886253709312939,1.121695140435312,0.8820738557911226,5.091988768999727,24889
alpha_sweep,elastic_net,5,0.00021544346900318845,0.1,7,0.11687245867933298,0.9883010280988914,0.6794602421377443,0.9224926138145121,4.488834992996999,22339
alpha_sweep,elastic_net,5,0.00021544346900318845,0.1,8,0.10348400435136165,0.9895086042782126,1.1276894087994305,0.8767791643326707,6.036120807999396,28743
alpha_sweep,elastic_net,5,0.00021544346900318845,0.1,9,0.10871218870184235,0.988695972660431,0.8006132189834716,0.920603711444549,4.682386055999814,23338
alpha_sweep,elastic_net,5,0.00021544346900318845,0.1,10,0.10216622974201414,0.9891937159552088,1.1544024825007515,0.8938179043100827,5.742490212000121,24697
alpha_sweep,elastic_net,5,0.00021544346900318845,0.1,11,0.1077023121661814,0.9889964031694252,1.3230300714038319,0.861104911807508,5.614327890998538,26936
alpha_sweep,elastic_net,5,0.00021544346900318845,0.1,12,0.10353643038602563,0.9891958851070348,0.7480857054071044,0.9279921776685076,3.5028142650007794,18501
alpha_sweep,elastic_net,5,0.00021544346900318845,0.1,13,0.10736255767481201,0.9889206505809821,1.0931242537547528,0.8899719190668743,5.095259321999038,28285
alpha_sweep,elastic_net,5,0.00021544346900318845,0.1,14,0.10753033541130001,0.9888399972208611,0.908841718614533,0.9106399075054341,3.5826630189985735,17430
alpha_sweep,elastic_net,5,0.00021544346900318845,0.1,15,0.10958567667830746,0.989062643242826,0.8715457981655521,0.8977415322502291,5.007907995997812,25285
alpha_sweep,elastic_net,5,0.00021544346900318845,0.5,1,0.10538592307219581,0.9895286244111515,0.7632599995425667,0.9055755861568715,2.5862422230020456,12850
alpha_sweep,elastic_net,5,0.00021544346900318845,0.5,2,0.12200407300709244,0.9876385173034843,0.7674313435622563,0.9169063552832055,2.091095845000382,10476
alpha_sweep,elastic_net,5,0.00021544346900318845,0.5,3,0.10864825947210253,0.9884515026595155,0.7922172400191463,0.9285170155146703,2.5370648370007984,12698
alpha_sweep,elastic_net,5,0.00021544346900318845,0.5,4,0.11597705025136441,0.9881105611406144,0.8790649091271459,0.9073676634257629,2.1366264050011523,11056
alpha_sweep,elastic_net,5,0.00021544346900318845,0.5,5,0.10608706258946762,0.9889482860908075,0.6452208710535677,0.9375119936940779,2.274899918000301,10636
alpha_sweep,elastic_net,5,0.00021544346900318845,0.5,6,0.1134200973803376,0.9884041272278651,0.916019414395463,0.9036969728528833,2.8587763940013247,14841
alpha_sweep,elastic_net,5,0.00021544346900318845,0.5,7,0.11897523273980028,0.9880905397175758,0.5707103371548817,0.934897932566677,2.235878312996647,11625
alpha_sweep,elastic_net,5,0.00021544346900318845,0.5,8,0.10571635502900573,0.9892822845247805,0.8136557496894383,0.9110931248977511,2.5432314640020195,15070
alpha_sweep,elastic_net,5,0.00021544346900318845,0.5,9,0.11062770308626649,0.9884967951143855,0.7103650668294802,0.9295535615845608,2.1087490399986564,11784
alpha_sweep,elastic_net,5,0.00021544346900318845,0.5,10,0.10430532931144532,0.988967460003455,0.9397279761862116,0.9135636942899317,2.633454229002382,15381
alpha_sweep,elastic_net,5,0.00021544346900318845,0.5,11,0.10937866271594451,0.9888251358565393,1.0763886273708094,0.8869979628131747,3.675970561002032,16982
alpha_sweep,elastic_net,5,0.00021544346900318845,0.5,12,0.10525775972327545,0.9890162629213082,0.6968270257760816,0.9329261389367676,1.707188011998369,8772
alpha_sweep,elastic_net,5,0.00021544346900318845,0.5,13,0.10990058264363302,0.9886587374329279,0.8867718089406419,0.9107422600603778,3.2603405679983553,16961
alpha_sweep,elastic_net,5,0.00021544346900318845,0.5,14,0.10928174226036187,0.9886582279998485,0.7975203070142021,0.9215853685615086,1.7429915600005188,9152
alpha_sweep,elastic_net,5,0.00021544346900318845,0.5,15,0.11155960555476184,0.988865632419975,0.7479861101432473,0.9122387903397008,1.8813886960015225,10428
alpha_sweep,elastic_net,5,0.00021544346900318845,0.9,1,0.10774095086474186,0.9892946237038556,0.6954211732953923,0.9139680623878207,1.699545292998664,9343
alpha_sweep,elastic_net,5,0.00021544346900318845,0.9,2,0.12432774013196517,0.9874030827786475,0.7126650947097808,0.9228361720189875,1.6159020140003122,9060
alpha_sweep,elastic_net,5,0.00021544346900318845,0.9,3,0.11140591562719514,0.9881583844362896,0.6889952854699942,0.9378308918138077,1.4386397870002838,8451
alpha_sweep,elastic_net,5,0.00021544346900318845,0.9,4,0.11857719484813835,0.9878440061614878,0.7028753714416165,0.9259338106878016,1.2275774139998248,7140
alpha_sweep,elastic_net,5,0.00021544346900318845,0.9,5,0.10856220897119236,0.9886904355195267,0.5760618527786454,0.9442098693579851,1.6957522780030558,7713
alpha_sweep,elastic_net,5,0.00021544346900318845,0.9,6,0.11647418528424965,0.9880918826117286,0.7648087410359217,0.9195940655920017,1.6605747300018265,9725
alpha_sweep,elastic_net,5,0.00021544346900318845,0.9,7,0.12155349880738621,0.9878324544285427,0.5159987698383746,0.9411389902678193,1.2971236779994797,6879
alpha_sweep,elastic_net,5,0.00021544346900318845,0.9,8,0.10820006320120225,0.9890304816934611,0.6742066214765043,0.9263305102783337,2.0771157070012123,11176
alpha_sweep,elastic_net,5,0.00021544346900318845,0.9,9,0.11321475134389708,0.9882277906487202,0.6393568919041848,0.9365953957842545,1.76527859899943,7559
alpha_sweep,elastic_net,5,0.00021544346900318845,0.9,10,0.10718759227433815,0.9886625984817228,0.7942595713157959,0.9269438977457919,2.0443025719978323,10534
alpha_sweep,elastic_net,5,0.00021544346900318845,0.9,11,0.11152027171623619,0.9886063345928154,0.9147283513007212,0.9039694729755645,1.8722945949994028,9943
alpha_sweep,elastic_net,5,0.00021544346900318845,0.9,12,0.10770528030300058,0.9887608620595278,0.6569106479192278,0.9367683343216785,1.3000430969987065,6790
alpha_sweep,elastic_net,5,0.00021544346900318845,0.9,13,0.11325339032209916,0.9883127422497933,0.7622774763514241,0.9232731982906763,2.5326717880016076,12730
alpha_sweep,elastic_net,5,0.00021544346900318845,0.9,14,0.11150818958235212,0.9884271568494984,0.7069510753585226,0.9304904119284119,1.479875211000035,7287
alpha_sweep,elastic_net,5,0.00021544346900318845,0.9,15,0.1140434359713398,0.9886177301373603,0.6684306878327387,0.921573027971024,1.7059946870031126,7849
alpha_sweep,lasso,5,0.00031622776601683794,,1,0.1117855672137087,0.9888927417857761,0.6366104297491555,0.9212436565370753,1.8165407590022369,8871
alpha_sweep,lasso,5,0.00031622776601683794,,2,0.12818703969956755,0.9870120575968668,0.6263395649802033,0.9321830705494053,1.1104465940006776,4947
alpha_sweep,lasso,5,0.00031622776601683794,,3,0.11638516603656321,0.9876291273603862,0.5801411611652056,0.9476529674841823,1.066689259998384,5626
alpha_sweep,lasso,5,0.00031622776601683794,,4,0.12320349862804303,0.9873697385730562,0.5712905397057291,0.9397996928255904,0.9470063199987635,4964
alpha_sweep,lasso,5,0.00031622776601683794,,5,0.11322199764541452,0.9882049978983147,0.5260185964491975,0.9490564319187672,1.0525260670001444,5410
alpha_sweep,lasso,5,0.00031622776601683794,,6,0.12200638663698704,0.9875262800023334,0.6134736424879145,0.9355042394100956,1.0487328000017442,5388
alpha_sweep,lasso,5,0.00031622776601683794,,7,0.1261778922735766,0.9873695511078462,0.4670348702465934,0.9467244000378854,0.9047077899995202,4729
alpha_sweep,lasso,5,0.00031622776601683794,,8,0.11229688974264683,0.9886151380012719,0.55313066798034,0.9395602879570115,1.132419134999509,6387
alpha_sweep,lasso,5,0.00031622776601683794,,9,0.11835757356941326,0.9876930336565745,0.5641008262610855,0.9440584905242264,0.9445489080026164,4804
alpha_sweep,lasso,5,0.00031622776601683794,,10,0.11229367875535033,0.9881225196219037,0.671008268637913,0.9382805691521975,1.4699126039995463,6730
alpha_sweep,lasso,5,0.00031622776601683794,,11,0.11604699204161849,0.9881438542205424,0.7285217718368107,0.9235179169872864,1.2424742990006052,6619
alpha_sweep,lasso,5,0.00031622776601683794,,12,0.11195909545657347,0.9883169728170527,0.5919056556949651,0.9430254622107851,0.6828888430027291,3628
alpha_sweep,lasso,5,0.00031622776601683794,,13,0.11913076931827597,0.9877062222769376,0.6284389557061028,0.9367446728563089,1.6861316399990756,8661
alpha_sweep,lasso,5,0.00031622776601683794,,14,0.11578593438068761,0.987983192421644,0.6283889103541901,0.9382148838442286,1.35743232599998,5891
alpha_sweep,lasso,5,0.00031622776601683794,,15,0.118471352574895,0.9881757955246256,0.6012183355736357,0.9294590532038234,0.824881180000375,4377
alpha_sweep,elastic_net,5,0.00031622776601683794,0.1,1,0.10418918850105713,0.9896475345730521,0.8366789236617075,0.8964927849107722,4.025655795001512,18623
alpha_sweep,elastic_net,5,0.00031622776601683794,0.1,2,0.1211642329639048,0.987723610103305,0.8227583545033873,0.9109158220205885,3.899142099002347,18077
alpha_sweep,elastic_net,5,0.00031622776601683794,0.1,3,0.10753391583391153,0.9885699490534529,0.8609090821299599,0.9223188445637864,3.491515290999814,18039
alpha_sweep,elastic_net,5,0.00031622776601683794,0.1,4,0.11477799903705399,0.9882334824088387,1.0543098606399763,0.8889010528684254,4.043307218998962,21716
alpha_sweep,elastic_net,5,0.00031622776601683794,0.1,5,0.10511177935867205,0.9890498870870468,0.6957111557810751,0.9326221375657594,3.491966506000608,17179
alpha_sweep,elastic_net,5,0.00031622776601683794,0.1,6,0.11239747749612135,0.9885086780997608,1.0173875147076297,0.8930399335338457,3.821554884998477,18935
alpha_sweep,elastic_net,5,0.00031622776601683794,0.1,7,0.11803764245114533,0.9881843928166351,0.6270612230161521,0.9284698745266623,4.648367352998321,18633
alpha_sweep,elastic_net,5,0.00031622776601683794,0.1,8,0.10441031700196071,0.9894146930245803,0.9806896745694312,0.8928415924741037,6.001391488000081,24170
alpha_sweep,elastic_net,5,0.00031622776601683794,0.1,9,0.10967876319063734,0.9885954670540447,0.7501150967576231,0.9256115771513412,4.769970061002823,20335
alpha_sweep,elastic_net,5,0.00031622776601683794,0.1,10,0.10340463297106123,0.9890627280829063,1.0417346616035368,0.904181105638069,4.141345729000022,22386
alpha_sweep,elastic_net,5,0.00031622776601683794,0.1,11,0.10846143968713103,0.988918845566292,1.2160709806335745,0.8723337513226675,4.441974494999158,24889
alpha_sweep,elastic_net,5,0.00031622776601683794,0.1,12,0.10428509868933833,0.9891177609304957,0.7171462917135011,0.930970285374866,3.2739870110017364,15558
alpha_sweep,elastic_net,5,0.00031622776601683794,0.1,13,0.10889601535509588,0.9887624044118604,0.9757831173152346,0.9017828545690417,4.63148274500054,23831
alpha_sweep,elastic_net,5,0.00031622776601683794,0.1,14,0.10838262261238198,0.9887515428559015,0.8601042558578623,0.9154319236405711,3.1090355509986694,15606
alpha_sweep,elastic_net,5,0.00031622776601683794,0.1,15,0.11049423182393131,0.9889719635841109,0.8138781959815524,0.9045076719649191,4.175896102999104,20364
alpha_sweep,elastic_net,5,0.00031622776601683794,0.5,1,0.10742426133274811,0.9893260906677336,0.7021808715871526,0.9131318066566958,2.003791741000896,9886
alpha_sweep,elastic_net,5,0.00031622776601683794,0.5,2,0.12410117805512329,0.9874260381040194,0.7206231598276589,0.9219745123525103,1.8465488709989586,9374
alpha_sweep,elastic_net,5,0.00031622776601683794,0.5,3,0.11113385421896153,0.9881873025290846,0.6987062527899747,0.9369546562420409,1.6638575619981566,8906
alpha_sweep,elastic_net,5,0.00031622776601683794,0.5,4,0.11829582371867936,0.9878728510478963,0.7443408043837877,0.9215643495699536,1.6725550519986427,8708
alpha_sweep,elastic_net,5,0.00031622776601683794,0.5,5,0.10825471691140645,0.988722468777788,0.5900607021005622,0.9428541162756721,1.7379621189975296,8914
alpha_sweep,elastic_net,5,0.00031622776601683794,0.5,6,0.1161321083748014,0.9881268559578275,0.7872801748779658,0.9172315969921925,2.0151119960028154,10294
alpha_sweep,elastic_net,5,0.00031622776601683794,0.5,7,0.12136395666599029,0.9878514276598012,0.5226459325484756,0.9403807351481546,1.5067439129998093,7787
alpha_sweep,elastic_net,5,0.00031622776601683794,0.5,8,0.10775250068716684,0.9890758563914582,0.6977797646612264,0.9237547102576351,2.3010434130010253,12408
alpha_sweep,elastic_net,5,0.00031622776601683794,0.5,9,0.11292173261140995,0.9882582590975906,0.6464550354916793,0.9358914775336962,1.73605402999965,8943
alpha_sweep,elastic_net,5,0.00031622776601683794,0.5,10,0.10699589610538697,0.9886828744893352,0.81259310745649,0.9252575766244022,2.261914826998691,11976
alpha_sweep,elastic_net,5,0.00031622776601683794,0.5,11,0.11123254233193042,0.9886357309732415,0.9401071081958204,0.9013051460238571,2.1700625339981343,11032
alpha_sweep,elastic_net,5,0.00031622776601683794,0.5,12,0.1072657110604601,0.988806731485218,0.6599293146939493,0.9364777691909442,1.367794101999607,6876
alpha_sweep,elastic_net,5,0.00031622776601683794,0.5,13,0.11307884251948674,0.9883307548245432,0.7735599170722639,0.9221375677377069,2.6794809279999754,13595
alpha_sweep,elastic_net,5,0.00031622776601683794,0.5,14,0.11123691784421855,0.9884553107033843,0.724290843458283,0.9287855129900235,1.555463241002144,7783
alpha_sweep,elastic_net,5,0.00031622776601683794,0.5,15,0.1137165261465607,0.9886503578446431,0.6775505519416093,0.9205029943229678,1.8584725459986657,9053
alpha_sweep,elastic_net,5,0.00031622776601683794,0.9,1,0.11094151428225991,0.9889766087293338,0.6491756477956886,0.919689188400967,1.750438667000708,9121
alpha_sweep,elastic_net,5,0.00031622776601683794,0.9,2,0.12731867805063732,0.9871000402127992,0.6411590196275,0.9305784937886449,1.0155394240027817,5323
alpha_sweep,elastic_net,5,0.00031622776601683794,0.9,3,0.11529848125405767,0.9877446338248402,0.598031856703399,0.9460386624085221,1.099955100002262,6453
alpha_sweep,elastic_net,5,0.00031622776601683794,0.9,4,0.1222039356224608,0.9874722092188885,0.5882397908142107,0.9380136486813405,1.1136729199970432,5854
alpha_sweep,elastic_net,5,0.00031622776601683794,0.9,5,0.11215579543867125,0.9883160704595739,0.5353112462088384,0.94815646233807,1.1058618749993911,5837
alpha_sweep,elastic_net,5,0.00031622776601683794,0.9,6,0.12084065555973719,0.9876454623127927,0.6380007019796985,0.9329256586082519,1.1432004929993127,5650
alpha_sweep,elastic_net,5,0.00031622776601683794,0.9,7,0.12519455485679895,0.9874679835096128,0.4754278773836492,0.9457669929593158,0.9554243009988568,5255
alpha_sweep,elastic_net,5,0.00031622776601683794,0.9,8,0.11132225310495564,0.9887139484282076,0.5740551600293091,0.9372739018509885,1.521902685999521,7968
alpha_sweep,elastic_net,5,0.00031622776601683794,0.9,9,0.11729710666639648,0.9878033023118886,0.5746119441354857,0.9430161098490036,1.1484081660019,5369
alpha_sweep,elastic_net,5,0.00031622776601683794,0.9,10,0.11121990647207061,0.9882360942181458,0.6942931853319496,0.9361388193811974,1.351426656001422,7297
alpha_sweep,elastic_net,5,0.00031622776601683794,0.9,11,0.1149865706797414,0.9882521940407556,0.7573748425407433,0.9204888476662885,1.3939884369974607,6715
alpha_sweep,elastic_net,5,0.00031622776601683794,0.9,12,0.11094566240340496,0.9884227254212514,0.6064498628660049,0.9416254933591484,0.9411907910034643,4383
alpha_sweep,elastic_net,5,0.00031622776601683794,0.9,13,0.11797706035391846,0.9878252800287349,0.6502437176384237,0.9345499213425846,2.0183697549982753,9512
alpha_sweep,elastic_net,5,0.00031622776601683794,0.9,14,0.1147995902789823,0.9880855598407925,0.6424873110383139,0.9368286860461352,1.338180573999125,6170
alpha_sweep,elastic_net,5,0.00031622776601683794,0.9,15,0.11753262516742734,0.9882694865695179,0.6161218714388881,0.9277104213535612,1.101550096002029,5510
alpha_sweep,lasso,5,0.00046415888336127773,,1,0.11668682754460377,0.9884057418498514,0.5764925118944483,0.9286809638220138,1.0695528140022361,5748
alpha_sweep,lasso,5,0.00046415888336127773,,2,0.13289059256465335,0.9865354924632542,0.5428386610431608,0.9412241326632736,0.6325174669982516,3151
alpha_sweep,lasso,5,0.00046415888336127773,,3,0.1223059690001514,0.98699979029037,0.5082103644649784,0.9541433943075313,0.8519480389986711,3233
alpha_sweep,lasso,5,0.00046415888336127773,,4,0.12880342800345898,0.9867956593239153,0.5262230441977058,0.9445487248585063,0.739873214999534,3457
alpha_sweep,lasso,5,0.00046415888336127773,,5,0.118437222719829,0.9876616971971018,0.4847150485507028,0.9530565758653257,0.8823190069997509,4034
alpha_sweep,lasso,5,0.00046415888336127773,,6,0.12739794541721405,0.9869750564440486,0.5295832102985494,0.9443238151107346,0.6835824619993218,3475
alpha_sweep,lasso,5,0.00046415888336127773,,7,0.1315073544414088,0.9868360701761191,0.4281362468334213,0.9511616436615637,0.6598261260005529,3447
alpha_sweep,lasso,5,0.00046415888336127773,,8,0.11720855622166702,0.9881171843609211,0.4844776608157256,0.9470618933173962,0.833292725001229,4512
alpha_sweep,lasso,5,0.00046415888336127773,,9,0.12362387721490606,0.9871454369142221,0.5163413102108284,0.9487947704502679,0.8432052820026001,3750
alpha_sweep,lasso,5,0.00046415888336127773,,10,0.11829504915896209,0.9874877451626406,0.5932555484685981,0.9454322748166595,1.0989715560026525,4702
alpha_sweep,lasso,5,0.00046415888336127773,,11,0.12164266291029534,0.9875721626291818,0.6206046243136556,0.9348473357561328,1.0026735840001493,4779
alpha_sweep,lasso,5,0.00046415888336127773,,12,0.11709039365408262,0.9877815174698936,0.5358210922624154,0.9484239442964608,0.5233807389995491,2995
alpha_sweep,lasso,5,0.00046415888336127773,,13,0.12581027744083298,0.9870169260638098,0.5305406273106441,0.9465985985769342,1.079349892999744,6125
alpha_sweep,lasso,5,0.00046415888336127773,,14,0.12105582126065328,0.9874362588330784,0.575465701202091,0.9434184553441705,0.7747218879994762,4156
alpha_sweep,lasso,5,0.00046415888336127773,,15,0.12343114480856102,0.9876807762963344,0.5375195182415777,0.9369328353866518,0.6809505519995582,3566
alpha_sweep,elastic_net,5,0.00046415888336127773,0.1,1,0.10555155604684177,0.9895121667568761,0.767155114599802,0.9050937137197578,3.393977537001774,16016
alpha_sweep,elastic_net,5,0.00046415888336127773,0.1,2,0.12246661497080875,0.9875916524379109,0.784117101532742,0.9150997044912347,2.9993311889993493,15350
alpha_sweep,elastic_net,5,0.00046415888336127773,0.1,3,0.10921803617124964,0.9883909396580763,0.7882941085595992,0.9288710057222678,3.303021070001705,16589
alpha_sweep,elastic_net,5,0.00046415888336127773,0.1,4,0.11620972500643952,0.9880867083846717,0.9376643691621418,0.9011926872110712,3.4718599100015126,18495
alpha_sweep,elastic_net,5,0.00046415888336127773,0.1,5,0.10647972491687183,0.9889073801443192,0.6578152215890936,0.9362922627600834,2.9389531550004904,14610
alpha_sweep,elastic_net,5,0.00046415888336127773,0.1,6,0.11399713163420667,0.9883451322530098,0.9149736013847851,0.9038069213508904,3.34282738100228,16152
alpha_sweep,elastic_net,5,0.00046415888336127773,0.1,7,0.11963261624729121,0.9880247354103053,0.5802359217337739,0.9338113301184221,3.1923141650004254,16029
alpha_sweep,elastic_net,5,0.00046415888336127773,0.1,8,0.10576242926527972,0.9892776134352884,0.8394022444052552,0.9082798461973995,3.9189378909977677,19543
alpha_sweep,elastic_net,5,0.00046415888336127773,0.1,9,0.1110899726395323,0.9884487277566147,0.6984019266951159,0.930739938356285,2.9871712530002696,15130
alpha_sweep,elastic_net,5,0.00046415888336127773,0.1,10,0.10511051701331409,0.9888822940240728,0.9390171105216466,0.9136290798094205,3.7612679279991426,18483
alpha_sweep,elastic_net,5,0.00046415888336127773,0.1,11,0.10965419609998663,0.9887969855020076,1.0919673511623686,0.8853624684569057,4.1261535529993125,20200
alpha_sweep,elastic_net,5,0.00046415888336127773,0.1,12,0.10543837856327878,0.9889974151911715,0.6874831521491722,0.9338255438941825,2.645663641000283,12500
alpha_sweep,elastic_net,5,0.00046415888336127773,0.1,13,0.11099915606957218,0.9885453694291095,0.8671637440139658,0.9127159037219139,4.589091902998916,20536
alpha_sweep,elastic_net,5,0.00046415888336127773,0.1,14,0.1096256709447635,0.988622533467147,0.8087998113177338,0.9204763332617284,2.9669563320021552,14647
alpha_sweep,elastic_net,5,0.00046415888336127773,0.1,15,0.11186909821117447,0.9888347430583403,0.7497685021077212,0.9120296622920409,3.7019941569997172,15162
alpha_sweep,elastic_net,5,0.00046415888336127773,0.5,1,0.11030662620447891,0.9890396925959977,0.6574998729056836,0.9186593819429048,1.67098603499835,8465
alpha_sweep,elastic_net,5,0.00046415888336127773,0.5,2,0.12680574813845016,0.9871520103977098,0.6569429672665198,0.9288694865291065,1.5455820380011573,6960
alpha_sweep,elastic_net,5,0.00046415888336127773,0.5,3,0.11472454317196533,0.9878056391501612,0.6112833599576714,0.944842958814001,1.6704428369994275,7380
alpha_sweep,elastic_net,5,0.00046415888336127773,0.5,4,0.12142048894236815,0.9875525246035475,0.6301772577711867,0.9335944465110629,1.5757747030002065,6876
alpha_sweep,elastic_net,5,0.00046415888336127773,0.5,5,0.1114713382633974,0.9883873743933391,0.5434111336984503,0.9473720087606436,1.6179954929975793,6535
alpha_sweep,elastic_net,5,0.00046415888336127773,0.5,6,0.11994038486270352,0.9877375044173615,0.6677116875231732,0.9298020808735494,1.2267674750000879,6375
alpha_sweep,elastic_net,5,0.00046415888336127773,0.5,7,0.1246017707210592,0.987527321398332,0.4831675821465364,0.944884109386715,0.9848618159994658,5327
alpha_sweep,elastic_net,5,0.00046415888336127773,0.5,8,0.11064524862536126,0.9887825843680841,0.5939806539016784,0.9350966746935112,1.5129898170016531,8795
alpha_sweep,elastic_net,5,0.00046415888336127773,0.5,9,0.11647060366161098,0.9878892431127675,0.5862087826895543,0.9418660589650839,1.2627653310009919,6267
alpha_sweep,elastic_net,5,0.00046415888336127773,0.5,10,0.11062630743207297,0.9882988801294116,0.7229956304767989,0.9334987646142474,1.6167366599984234,8238
alpha_sweep,elastic_net,5,0.00046415888336127773,0.5,11,0.11432191073382272,0.9883201001973387,0.7889451705322417,0.9171745137101508,1.5223815659992397,8145
alpha_sweep,elastic_net,5,0.00046415888336127773,0.5,12,0.11024812921092747,0.9884955136053243,0.6162968015831984,0.9406776653114638,0.7816324039995379,4718
alpha_sweep,elastic_net,5,0.00046415888336127773,0.5,13,0.11743984637489074,0.9878807181769622,0.666864336685037,0.9328769781146415,2.028274458996748,11206
alpha_sweep,elastic_net,5,0.00046415888336127773,0.5,14,0.11419443485458763,0.9881483657103383,0.659916476511201,0.9351149972850883,1.4245636710002145,7494
alpha_sweep,elastic_net,5,0.00046415888336127773,0.5,15,0.11684143023223122,0.9883384722784548,0.6311631482914083,0.9259456283533812,1.031020604998048,6077
alpha_sweep,elastic_net,5,0.00046415888336127773,0.9,1,0.1154117675071626,0.988532434601228,0.5925941804321957,0.9266889943561905,1.0452865000006568,6331
alpha_sweep,elastic_net,5,0.00046415888336127773,0.9,2,0.1317458783886533,0.9866514751852267,0.5655771384887228,0.9387621235440057,0.7295401490009681,3468
alpha_sweep,elastic_net,5,0.00046415888336127773,0.9,3,0.12087999179194461,0.9871513610019174,0.5228804414603214,0.9528196906145501,0.6790820679998433,3719
alpha_sweep,elastic_net,5,0.00046415888336127773,0.9,4,0.1273929693906528,0.986940253115569,0.5407297460675293,0.9430200667625736,0.6944934470011503,4093
alpha_sweep,elastic_net,5,0.00046415888336127773,0.9,5,0.1171094085865857,0.9878000234130135,0.4956165343900088,0.9520007945872679,0.714637405002577,4356
alpha_sweep,elastic_net,5,0.00046415888336127773,0.9,6,0.12602295047590206,0.9871156335266825,0.5502668905173931,0.9421492967694043,0.651898315998551,3774
alpha_sweep,elastic_net,5,0.00046415888336127773,0.9,7,0.13004601171798486,0.9869823510677201,0.4392844584049838,0.9498899449131041,0.6435181829983776,3670
alpha_sweep,elastic_net,5,0.00046415888336127773,0.9,8,0.11595717894071704,0.9882440512553169,0.49704321149970704,0.9456888754954511,0.6842771000010544,4869
alpha_sweep,elastic_net,5,0.00046415888336127773,0.9,9,0.12225517998356583,0.9872877557388858,0.527172588195958,0.9477206397065568,0.7800890610014903,4117
alpha_sweep,elastic_net,5,0.00046415888336127773,0.9,10,0.11678722319061162,0.9876472303050918,0.6127795034612943,0.9436364588090663,0.9368310690006183,5131
alpha_sweep,elastic_net,5,0.00046415888336127773,0.9,11,0.12013537235972795,0.9877261576288378,0.648660231047064,0.931901986246884,0.8642172799991386,4945
alpha_sweep,elastic_net,5,0.00046415888336127773,0.9,12,0.11573391646052783,0.9879230670229757,0.5485683910478988,0.9471969388617667,0.5267060389996914,3119
alpha_sweep,elastic_net,5,0.00046415888336127773,0.9,13,0.1241291599156543,0.9871904100872837,0.5548887210984013,0.9441478487882942,1.212789335000707,6316
alpha_sweep,elastic_net,5,0.00046415888336127773,0.9,14,0.11977138824246335,0.9875695633187177,0.5878407330644569,0.942201704430128,0.8474476530027459,4597
alpha_sweep,elastic_net,5,0.00046415888336127773,0.9,15,0.12220415043989448,0.9878032382416901,0.5520639787986119,0.9352263338419944,0.6468966159991396,3661
alpha_sweep,lasso,5,0.0006812920690579609,,1,0.12290868579158339,0.9877875244194261,0.5077305800146261,0.9371876392882568,0.5561502370001108,3384
alpha_sweep,lasso,5,0.0006812920690579609,,2,0.13933376090347602,0.9858826690618054,0.45253291643145244,0.9510019890429983,0.42980259799878695,2209
alpha_sweep,lasso,5,0.0006812920690579609,,3,0.1299824178883483,0.9861838411900306,0.44560110721772517,0.9597927242366998,0.40413982500103884,2214
alpha_sweep,lasso,5,0.0006812920690579609,,4,0.13530881111071813,0.9861287570829719,0.46645898044644674,0.9508464223447451,0.4442501980011002,2487
alpha_sweep,lasso,5,0.0006812920690579609,,5,0.12529674767750493,0.9869471000960532,0.4420710231820877,0.9571865416579584,0.5234773570009565,2858
alpha_sweep,lasso,5,0.0006812920690579609,,6,0.13420650409012522,0.9862789612902246,0.4664305424302377,0.9509631864958363,0.43787464600245585,2175
alpha_sweep,lasso,5,0.0006812920690579609,,7,0.13811250976388256,0.9861748919362388,0.40022208415653154,0.9543458679214485,0.4846043049983564,2526
alpha_sweep,lasso,5,0.0006812920690579609,,8,0.1244808934021556,0.9873799016507959,0.43792313060613003,0.9521488331004287,0.5333437909976055,2936
alpha_sweep,lasso,5,0.0006812920690579609,,9,0.1297211393325461,0.9865114360860044,0.4734152495150299,0.9530517197745368,0.3788287719980872,1878
alpha_sweep,lasso,5,0.0006812920690579609,,10,0.1261736560353187,0.9866544124263916,0.5213475125423412,0.9520463856379179,0.46460023100007675,2485
alpha_sweep,lasso,5,0.0006812920690579609,,11,0.1300617728326447,0.9867120094031778,0.5171689760829693,0.9457062752419183,0.6107330770028057,3393
alpha_sweep,lasso,5,0.0006812920690579609,,12,0.12382882287894471,0.9870783566281293,0.4830548051064547,0.9535030220052793,0.57223036600044,2616
alpha_sweep,lasso,5,0.0006812920690579609,,13,0.13378593291923446,0.9861938730758345,0.44359565750896535,0.9553500174034837,0.6608673810005712,3577
alpha_sweep,lasso,5,0.0006812920690579609,,14,0.1265003167327031,0.9868712035455014,0.519598313088314,0.9489115075082891,0.5378455919999396,2800
alpha_sweep,lasso,5,0.0006812920690579609,,15,0.12908492702058122,0.9871164923957865,0.4823482128092432,0.9434060846056143,0.5326013199992303,2577
alpha_sweep,elastic_net,5,0.0006812920690579609,0.1,1,0.10744620617760418,0.9893239101799983,0.7087139738513093,0.9123235835711943,3.1506888150033774,15765
alpha_sweep,elastic_net,5,0.0006812920690579609,0.1,2,0.12420542172500568,0.9874154761097375,0.736591182363191,0.920245574379716,2.5989284349998343,12327
alpha_sweep,elastic_net,5,0.0006812920690579609,0.1,3,0.1114921245039841,0.9881492210774915,0.7120817958612529,0.9357477603433555,2.501782793999155,12242
alpha_sweep,elastic_net,5,0.0006812920690579609,0.1,4,0.118276770456353,0.9878748043015531,0.8336961324765724,0.9121484432578577,2.823116518000461,14162
alpha_sweep,elastic_net,5,0.0006812920690579609,0.1,5,0.10841990792747085,0.9887052598570643,0.6135655641543688,0.9405777299494831,2.557308847000968,12294
alpha_sweep,elastic_net,5,0.0006812920690579609,0.1,6,0.11621820257504613,0.9881180538370788,0.8159897065694388,0.9142133041848401,2.6214926630018454,12596
alpha_sweep,elastic_net,5,0.0006812920690579609,0.1,7,0.12172359406922936,0.9878154278363814,0.5436004808945557,0.9379904079880368,2.123039632002474,10920
alpha_sweep,elastic_net,5,0.0006812920690579609,0.1,8,0.10752009769832899,0.9890994178272386,0.7258545195931286,0.9206870262509658,3.290221997001936,16207
alpha_sweep,elastic_net,5,0.0006812920690579609,0.1,9,0.11315741442400057,0.9882337526123033,0.6509201282826201,0.9354486772060842,2.5754931139999826,12520
alpha_sweep,elastic_net,5,0.0006812920690579609,0.1,10,0.10754190473369082,0.9886251222913413,0.8416730814576289,0.9225827967024461,3.0338207880013215,15052
alpha_sweep,elastic_net,5,0.0006812920690579609,0.1,11,0.11145216319224778,0.9886132930203888,0.9574266412842566,0.8994868970454204,3.3348998639994534,16531
alpha_sweep,elastic_net,5,0.0006812920690579609,0.1,12,0.10714367357497544,0.9888194662010037,0.6544878223343766,0.9370015460954007,1.9989160089971847,9887
alpha_sweep,elastic_net,5,0.0006812920690579609,0.1,13,0.11379256058409488,0.9882571022216646,0.777204349908849,0.9217707384868494,3.614058490999014,17465
alpha_sweep,elastic_net,5,0.0006812920690579609,0.1,14,0.11140130969761965,0.988438249345454,0.7563169410760893,0.9256366092956269,2.7387330810015555,11838
alpha_sweep,elastic_net,5,0.0006812920690579609,0.1,15,0.1138176978959979,0.9886402602520481,0.6948519059885112,0.9184730264675133,2.58054244899904,13222
alpha_sweep,elastic_net,5,0.0006812920690579609,0.5,1,0.11440181483034216,0.9886327857059833,0.6045613769512539,0.9252085086536319,1.5587738990034268,8123
alpha_sweep,elastic_net,5,0.0006812920690579609,0.5,2,0.1307648180893744,0.9867508764561421,0.5868479777508184,0.9364590229796367,1.0955840139977226,5018
alpha_sweep,elastic_net,5,0.0006812920690579609,0.5,3,0.1197362671071913,0.9872729303813469,0.5366273123602927,0.9515792892326757,0.9098706009972375,4739
alpha_sweep,elastic_net,5,0.0006812920690579609,0.5,4,0.1260267725414489,0.9870803093928522,0.5681406986440427,0.9401316104511855,0.9488374069987913,4951
alpha_sweep,elastic_net,5,0.0006812920690579609,0.5,5,0.11590188916542185,0.9879258178205196,0.509946352336681,0.9506129880323556,1.0105730079994828,4895
alpha_sweep,elastic_net,5,0.0006812920690579609,0.5,6,0.12460452196915525,0.9872606511812296,0.5776964093694698,0.9392655743753902,0.8942783040001814,4356
alpha_sweep,elastic_net,5,0.0006812920690579609,0.5,7,0.12901417681922364,0.9870856380835287,0.450698194978086,0.9485879571976676,0.7799196430023585,4175
alpha_sweep,elastic_net,5,0.0006812920690579609,0.5,8,0.11475188537390714,0.9883662460993373,0.5131552847571811,0.9439283347688756,1.031944010002917,5864
alpha_sweep,elastic_net,5,0.0006812920690579609,0.5,9,0.12118878413688491,0.987398640893068,0.5357191070134539,0.9468730870330698,0.8737249359983252,4565
alpha_sweep,elastic_net,5,0.0006812920690579609,0.5,10,0.11553859904080588,0.9877792992603822,0.6352923949744393,0.9415657200180971,1.1822087809996447,5786
alpha_sweep,elastic_net,5,0.0006812920690579609,0.5,11,0.11893324535055928,0.9878489750566347,0.6759256975990031,0.9290395876792364,1.260661431002518,5760
alpha_sweep,elastic_net,5,0.0006812920690579609,0.5,12,0.11454901691797098,0.9880467123017117,0.5645203618386838,0.9456614641558104,0.7409799800007022,3387
alpha_sweep,elastic_net,5,0.0006812920690579609,0.5,13,0.12274946190086343,0.9873327889270734,0.5746129123186121,0.9421625164708899,1.6123524670001643,7787
alpha_sweep,elastic_net,5,0.0006812920690579609,0.5,14,0.11856101136506225,0.9876951819105684,0.6058099670773026,0.9404349144813872,1.1005176799990295,5406
alpha_sweep,elastic_net,5,0.0006812920690579609,0.5,15,0.12109221443061566,0.9879142166212856,0.571750916708897,0.9329164654338993,0.8031276280016755,4145
alpha_sweep,elastic_net,5,0.0006812920690579609,0.9,1,0.12122961625296158,0.9879543604376166,0.5234321444448746,0.9352451674979954,0.8020842260011705,3736
alpha_sweep,elastic_net,5,0.0006812920690579609,0.9,2,0.13759564817598333,0.9860587750710225,0.4713102785718643,0.9489688697659415,0.5942527490005887,2577
alpha_sweep,elastic_net,5,0.0006812920690579609,0.9,3,0.12794866002084532,0.9864000144397279,0.45882174774498163,0.9585998054336791,0.4567377019993728,2385
alpha_sweep,elastic_net,5,0.0006812920690579609,0.9,4,0.13355312546886877,0.9863087419769645,0.48574109636296625,0.9488145502578295,0.5103073489990493,2601
alpha_sweep,elastic_net,5,0.0006812920690579609,0.9,5,0.1235143544847507,0.9871327824889784,0.45326874491126196,0.9561020706846589,0.6213508450018708,3175
alpha_sweep,elastic_net,5,0.0006812920690579609,0.9,6,0.1323530810267868,0.9864684520289192,0.48085847066333925,0.9494463483781355,0.5581668900013028,2557
alpha_sweep,elastic_net,5,0.0006812920690579609,0.9,7,0.13652178698607728,0.9863341238142217,0.4051695663383403,0.9537814987526142,0.5329364509998413,2795
alpha_sweep,elastic_net,5,0.0006812920690579609,0.9,8,0.12248294914958362,0.987582456856455,0.44974809211548716,0.9508567382846512,0.6630447870011267,3254
alpha_sweep,elastic_net,5,0.0006812920690579609,0.9,9,0.12811579532634362,0.9866783617339214,0.48208421642838917,0.9521920240035818,0.5189696400011599,2105
alpha_sweep,elastic_net,5,0.0006812920690579609,0.9,10,0.12414532839139834,0.9868689518560196,0.5367510358944311,0.9506295674871198,0.5698079720023088,2982
alpha_sweep,elastic_net,5,0.0006812920690579609,0.9,11,0.12776638677173058,0.986946521571736,0.5387059062156639,0.9434452731114058,0.7713284900019062,3914
alpha_sweep,elastic_net,5,0.0006812920690579609,0.9,12,0.12197460548422712,0.9872718457960904,0.49669700755963,0.9521898766218584,0.561610353001015,2689
alpha_sweep,elastic_net,5,0.0006812920690579609,0.9,13,0.13168264043703112,0.9864109237203553,0.4629404754204172,0.9534028707881865,0.9443485609990603,4014
alpha_sweep,elastic_net,5,0.0006812920690579609,0.9,14,0.12509929971672665,0.987016607665484,0.5338858629072968,0.9475067119897788,0.6894617340003606,3042
alpha_sweep,elastic_net,5,0.0006812920690579609,0.9,15,0.12762187065453595,0.9872625148497817,0.4970061767080037,0.9416862657139695,0.6441306060005445,2983
alpha_sweep,lasso,5,0.001,,1,0.13143549151796063,0.9869402823710467,0.4539602456931825,0.9438396743791749,0.5235514440028055,2355
alpha_sweep,lasso,5,0.001,,2,0.14868465148289173,0.9849352345274868,0.3874336537647295,0.9580506130648488,0.3029342409972742,1388
alpha_sweep,lasso,5,0.001,,3,0.1390443394927714,0.9852206267026855,0.4029309131550032,0.9636429217154846,0.30148201900010463,1340
alpha_sweep,lasso,5,0.001,,4,0.14367875044563033,0.9852707090315382,0.41802745475777103,0.9559499423940802,0.50758315100029,1899
alpha_sweep,lasso,5,0.001,,5,0.13459384860275064,0.9859785663549663,0.4105095109968549,0.9602431941330013,0.3621741130009468,1757
alpha_sweep,lasso,5,0.001,,6,0.14244580312631006,0.9854365897391336,0.4262696797779124,0.9551853815557642,0.3062315459974343,1362
alpha_sweep,lasso,5,0.001,,7,0.14534471702548843,0.9854509455891471,0.3772128700222545,0.9569705749096293,0.36492906500279787,1613
alpha_sweep,lasso,5,0.001,,8,0.13299864004281395,0.9865163570747506,0.40184436235712717,0.9560911029655178,0.36274000300181797,1695
alpha_sweep,lasso,5,0.001,,9,0.13867529481102403,0.985580371965779,0.4302811938240938,0.9573292958262447,0.28469427500021993,1278
alpha_sweep,lasso,5,0.001,,10,0.13632340942653134,0.9855808569236879,0.45065894220003566,0.9585483298506594,0.3702017059986247,1614
alpha_sweep,lasso,5,0.001,,11,0.14014033277675306,0.985682315536563,0.44176623417057853,0.9536222483662212,0.47930220600028406,2211
alpha_sweep,lasso,5,0.001,,12,0.13281645849343057,0.9861404891796092,0.42863221368885385,0.9587415291245743,0.4024487080023391,1611
alpha_sweep,lasso,5,0.001,,13,0.14260478101990098,0.985283806273249,0.39167372535311445,0.9605762032957327,0.3699239320012566,1856
alpha_sweep,lasso,5,0.001,,14,0.13475525639525632,0.9860144671722414,0.4665355510331085,0.9541288002757237,0.3248867939983029,1552
alpha_sweep,lasso,5,0.001,,15,0.13732605693854477,0.9862939745200281,0.42231713672473065,0.9504495307110203,0.3696777840013965,1473
alpha_sweep,elastic_net,5,0.001,0.1,1,0.10996636998857345,0.9890735011970833,0.661665912768584,0.9181439928587954,2.632888494001236,11385
alpha_sweep,elastic_net,5,0.001,0.1,2,0.12665460689176958,0.9871673240660122,0.6878138904650161,0.9255269366764666,2.271975353000016,10733
alpha_sweep,elastic_net,5,0.001,0.1,3,0.1145570327359988,0.9878234442565997,0.6372854132228795,0.9424967534094094,1.9135674520002794,9898
alpha_sweep,elastic_net,5,0.001,0.1,4,0.12097449396593946,0.9875982459768049,0.7387797881662967,0.9221503471687713,2.7400178470015817,10585
alpha_sweep,elastic_net,5,0.001,0.1,5,0.11108981827605481,0.9884271195766615,0.5761962761094945,0.9441968507990349,2.273741630000586,10064
alpha_sweep,elastic_net,5,0.001,0.1,6,0.11910810960217078,0.987822594787194,0.7258446157740122,0.9236904451598276,2.1321203840016096,9735
alpha_sweep,elastic_net,5,0.001,0.1,7,0.12425280930217118,0.987562252552175,0.5140911302087102,0.9413565985284792,1.6315016789994843,8191
alpha_sweep,elastic_net,5,0.001,0.1,8,0.10998638024986221,0.9888493816368916,0.6300075360395834,0.9311600743416047,2.9200996740000846,14156
alpha_sweep,elastic_net,5,0.001,0.1,9,0.11597533981383683,0.9879407412579377,0.6012862784796842,0.9403708335827617,2.138865958997485,9813
alpha_sweep,elastic_net,5,0.001,0.1,10,0.11059290394961094,0.9883024132686933,0.7684950390630272,0.9293137228895694,2.1775102259998675,11337
alpha_sweep,elastic_net,5,0.001,0.1,11,0.11405325276216846,0.9883475481132279,0.845214736800726,0.9112671904086316,2.676657468000485,13297
alpha_sweep,elastic_net,5,0.001,0.1,12,0.10966332793988569,0.9885565381171635,0.6237688710281986,0.9399584329492422,1.679077493998193,7663
alpha_sweep,elastic_net,5,0.001,0.1,13,0.11735151931994496,0.9878898331452164,0.6864053392316523,0.930910084596061,2.884388417001901,14180
alpha_sweep,elastic_net,5,0.001,0.1,14,0.1139153870691424,0.9881773265989021,0.7001211657089076,0.9311619494970762,2.1205716930016933,10986
alpha_sweep,elastic_net,5,0.001,0.1,15,0.11645950848865351,0.9883765905297578,0.6515558359982649,0.9235529543222609,2.393256534000102,11236
alpha_sweep,elastic_net,5,0.001,0.5,1,0.11973150363540537,0.9881032161807322,0.5404053493899803,0.9331453785283894,0.9444629329991585,5050
alpha_sweep,elastic_net,5,0.001,0.5,2,0.1357715960519141,0.9862435884810462,0.5040808194677813,0.945420638767527,0.6435324640006002,2900
alpha_sweep,elastic_net,5,0.001,0.5,3,0.12593979952163925,0.9866135412853968,0.475697839226345,0.9570770496482759,0.6895430660006241,2846
alpha_sweep,elastic_net,5,0.001,0.5,4,0.1320450533182282,0.9864633426638394,0.5213126977645842,0.9450661574835222,0.5813503419994959,2988
alpha_sweep,elastic_net,5,0.001,0.5,5,0.12163104338942604,0.9873289780939796,0.47076982273715356,0.9544071356467407,0.8149236300014309,3647
alpha_sweep,elastic_net,5,0.001,0.5,6,0.13041815346505628,0.9866662756452567,0.5016443238764526,0.9472610883773095,0.5210947699997632,2948
alpha_sweep,elastic_net,5,0.001,0.5,7,0.13471515151819982,0.9865149686241375,0.4195156926509959,0.9521450074858369,0.5665214649998234,3183
alpha_sweep,elastic_net,5,0.001,0.5,8,0.12035494476201183,0.9877981977940776,0.4625322836914127,0.9494598299187264,0.8220690689995536,4318
alpha_sweep,elastic_net,5,0.001,0.5,9,0.1266870737147692,0.9868269219676057,0.49125890029560837,0.951282176613538,0.49267106399929617,2580
alpha_sweep,elastic_net,5,0.001,0.5,10,0.12223168691474726,0.9870713607479676,0.561684384683947,0.9483361947101457,0.8311470850021578,3883
alpha_sweep,elastic_net,5,0.001,0.5,11,0.12543086019583008,0.9871851347668608,0.5698184749663677,0.9401789958937318,0.8657609410001896,4409
alpha_sweep,elastic_net,5,0.001,0.5,12,0.12029691026042443,0.9874469147248314,0.5122319211796321,0.9506945462181375,0.5752285519993166,2959
alpha_sweep,elastic_net,5,0.001,0.5,13,0.1298374681049395,0.9866013374870194,0.48767357766209884,0.9509133680936598,1.011830903000373,5259
alpha_sweep,elastic_net,5,0.001,0.5,14,0.12379432201963737,0.9871520443743024,0.5532144393793759,0.9456062673403338,0.7709935560014856,4040
alpha_sweep,elastic_net,5,0.001,0.5,15,0.12618419908956127,0.9874060037370377,0.5159306323630246,0.9394658593482293,0.834181759000785,3708
alpha_sweep,elastic_net,5,0.001,0.9,1,0.12902506255704604,0.9871797878594855,0.4665468563369511,0.9422825597222798,0.5062596700008726,2815
alpha_sweep,elastic_net,5,0.001,0.9,2,0.14612898783816672,0.9851941749967984,0.4017287074897744,0.9565028158248733,0.2755009100001189,1503
alpha_sweep,elastic_net,5,0.001,0.9,3,0.13671588699504977,0.9854681237873884,0.41134311459405376,0.9628838757940141,0.25604914099676535,1459
alpha_sweep,elastic_net,5,0.001,0.9,4,0.14128000092426152,0.9855166179049877,0.43510807533466467,0.9541500550618163,0.3435710880003171,2006
alpha_sweep,elastic_net,5,0.001,0.9,5,0.13193884414718884,0.9862551538007328,0.419273667229797,0.9593944078111083,0.3797880210004223,2221
alpha_sweep,elastic_net,5,0.001,0.9,6,0.14023097373170626,0.9856630300302726,0.4364311603806832,0.9541170839553368,0.2568222740010242,1386
alpha_sweep,elastic_net,5,0.001,0.9,7,0.14338060847804265,0.9856475535065894,0.38315609768897546,0.9562926190655854,0.30007092600135366,1779
alpha_sweep,elastic_net,5,0.001,0.9,8,0.1308546410624973,0.9867337195731445,0.4083813976998474,0.955376811466962,0.3359733160032192,1918
alpha_sweep,elastic_net,5,0.001,0.9,9,0.1361908129406583,0.9858387114521111,0.44122512391420754,0.9562439934470651,0.33898738200150547,1585
alpha_sweep,elastic_net,5,0.001,0.9,10,0.1336791377811526,0.9858605457265703,0.46855288619127367,0.9569024424743331,0.3616921450011432,1845
alpha_sweep,elastic_net,5,0.001,0.9,11,0.13766949066083467,0.9859347534826827,0.45554783846271063,0.9521754202215226,0.4865226449983311,2576
alpha_sweep,elastic_net,5,0.001,0.9,12,0.13038513892406733,0.9863941994521285,0.4422801544161101,0.957427831397194,0.42494122400239576,1761
alpha_sweep,elastic_net,5,0.001,0.9,13,0.1404408937476915,0.9855071100367899,0.3998636096315504,0.9597518530472358,0.4244576080018305,2124
alpha_sweep,elastic_net,5,0.001,0.9,14,0.13239042201834889,0.9862599007805114,0.47886017510697443,0.9529170056093429,0.40877306499896804,1987
alpha_sweep,elastic_net,5,0.001,0.9,15,0.13506442387382836,0.9865197000749766,0.4373724212918665,0.9486830941856966,0.34423305799646187,1755
alpha_sweep,lasso,5,0.0014677992676220691,,1,0.14296346827118436,0.9857948374117629,0.4093830820286593,0.9493544040287497,0.27225885200095945,1477
alpha_sweep,lasso,5,0.0014677992676220691,,2,0.15934436465733842,0.9838551897658001,0.34391971372533464,0.9627620858294064,0.20925270000225282,991
alpha_sweep,lasso,5,0.0014677992676220691,,3,0.15008392493301417,0.9840472013416521,0.38056261466761526,0.9656612478171717,0.22033328000179608,912
alpha_sweep,lasso,5,0.0014677992676220691,,4,0.15509814410826012,0.9841000448141881,0.34867568569892604,0.9632579538353018,0.33494019499994465,1376
alpha_sweep,lasso,5,0.0014677992676220691,,5,0.14640276545373543,0.9847483619603026,0.3862274013052422,0.9625948549232869,0.2774339450006664,1078
alpha_sweep,lasso,5,0.0014677992676220691,,6,0.1530556105130567,0.9843518615521968,0.37938567626723996,0.9601143944040711,0.20296635599879664,913
alpha_sweep,lasso,5,0.0014677992676220691,,7,0.15483806307092624,0.9845006584993735,0.355692892394554,0.9594254017166335,0.2659503289978602,1158
alpha_sweep,lasso,5,0.0014677992676220691,,8,0.14255712190543351,0.985547300877623,0.3840834664831662,0.9580318079279949,0.29029155600073864,1140
alpha_sweep,lasso,5,0.0014677992676220691,,9,0.15013028601406012,0.9843892678653108,0.3858415183785594,0.961736349333885,0.22877019500083406,1141
alpha_sweep,lasso,5,0.0014677992676220691,,10,0.14638419778573464,0.984516711393422,0.4108722177230505,0.9622079181222056,0.1880870609966223,1033
alpha_sweep,lasso,5,0.0014677992676220691,,11,0.15131337233431025,0.9845408022283462,0.39320597332584084,0.958720229023247,0.2235718279989669,1095
alpha_sweep,lasso,5,0.0014677992676220691,,12,0.14408666288448288,0.9849644337307769,0.37590161423669594,0.9638171716737363,0.17951588799769524,984
alpha_sweep,lasso,5,0.0014677992676220691,,13,0.1532657815905797,0.9841836373406434,0.35258333617412063,0.9645108342304322,0.18803213499995763,1095
alpha_sweep,lasso,5,0.0014677992676220691,,14,0.14573647084994198,0.9848747852084135,0.42309753358367147,0.9583997587688917,0.21779439100282616,1190
alpha_sweep,lasso,5,0.0014677992676220691,,15,0.1479852599683807,0.9852301173644373,0.3760430944700912,0.95587886404899,0.2400039510030183,1294
alpha_sweep,elastic_net,5,0.0014677992676220691,0.1,1,0.11344227771813323,0.9887281274100788,0.6135847374583662,0.9240922107639352,1.9256092430005083,10045
alpha_sweep,elastic_net,5,0.0014677992676220691,0.1,2,0.12984579655452577,0.9868439919441808,0.6296431073355852,0.9318253794320335,1.6816237279999768,7940
alpha_sweep,elastic_net,5,0.0014677992676220691,0.1,3,0.11854351168076803,0.9873997113618874,0.5686418365330492,0.9486905692968522,1.9608260099994368,8620
alpha_sweep,elastic_net,5,0.0014677992676220691,0.1,4,0.12464147096490834,0.9872223241997505,0.6595227041579389,0.9305021409959696,1.598134754000057,7803
alpha_sweep,elastic_net,5,0.0014677992676220691,0.1,5,0.11457168969208936,0.9880643925313524,0.5405755679255158,0.947646626120139,1.6120007999998052,8095
alpha_sweep,elastic_net,5,0.0014677992676220691,0.1,6,0.12280401347130436,0.9874447320271155,0.652240055357363,0.9314286457575018,1.6978734469994379,8160
alpha_sweep,elastic_net,5,0.0014677992676220691,0.1,7,0.12767267834472762,0.9872199225260385,0.48613188406485386,0.9445459655494383,2.551828697000019,8300
alpha_sweep,elastic_net,5,0.0014677992676220691,0.1,8,0.11343900032133497,0.9884993487629817,0.5538370432696871,0.9394831034479002,2.6385076610022224,11050
alpha_sweep,lasso,5,0.00012589254117941674,,1,0.10520610778359622,0.9895464912511303,0.767451637679915,0.905057030259276,2.6879122760001337,11636
alpha_sweep,lasso,5,0.00012589254117941674,,2,0.12166776788681861,0.9876725918210193,0.7658992217136857,0.9170722458082875,2.1128404299997783,10692
alpha_sweep,lasso,5,0.00012589254117941674,,3,0.10825840785388689,0.9884929409706125,0.80500724654062,0.9273629534827461,3.036154327000986,13120
alpha_sweep,lasso,5,0.00012589254117941674,,4,0.11578090809032864,0.98813066874144,0.8722127097986485,0.9080897207253785,2.2774660700015374,12071
alpha_sweep,lasso,5,0.00012589254117941674,,5,0.105808022824377,0.9889773553060144,0.6486887519263219,0.9371761382195162,1.964973944999656,10386
alpha_sweep,lasso,5,0.00012589254117941674,,6,0.11300236669547165,0.9884468352839028,0.930207365290512,0.9022053640520921,2.396798914000101,14058
alpha_sweep,lasso,5,0.00012589254117941674,,7,0.11856612591268093,0.9881314914467437,0.5743840223839871,0.9344788679590402,1.9019338799989782,11269
alpha_sweep,lasso,5,0.00012589254117941674,,8,0.1056374050335375,0.9892902886182623,0.8074768058720951,0.9117682883024736,2.2388346620027733,13887
alpha_sweep,lasso,5,0.00012589254117941674,,9,0.11033387451942116,0.9885273477708303,0.7213988977821725,0.928459343795721,2.013613492999866,11579
alpha_sweep,lasso,5,0.00012589254117941674,,10,0.10381316651169586,0.9890195168428216,0.9644120582178968,0.9112932491028871,2.5141742550003983,14980
alpha_sweep,lasso,5,0.00012589254117941674,,11,0.10922617803727035,0.9888407147228906,1.0886938437234843,0.885706129658756,2.557780498998909,15109
alpha_sweep,lasso,5,0.00012589254117941674,,12,0.10508765770127518,0.9890340132125087,0.7012349504525152,0.9325018492402033,1.6220994960021926,9441
alpha_sweep,lasso,5,0.00012589254117941674,,13,0.10932349070436889,0.9887182908133659,0.897046264055702,0.9097080879842754,2.601976988000388,15749
alpha_sweep,lasso,5,0.00012589254117941674,,14,0.10903492493850202,0.9886838438596648,0.7979233860961266,0.9215457365955616,1.4860267280018888,8677
alpha_sweep,lasso,5,0.00012589254117941674,,15,0.11130009991596128,0.988891532755111,0.7530797988420304,0.91164114784905,1.9318342440019478,11190
alpha_sweep,lasso,5,0.00015848931924611142,,1,0.1063228126841695,0.9894355330121651,0.7327844380618721,0.9093457785304787,2.1791337190006743,11238
alpha_sweep,lasso,5,0.00015848931924611142,,2,0.1228453346505647,0.9875532804667729,0.7417794031654447,0.9196838196642341,1.4276862049991905,8537
alpha_sweep,lasso,5,0.00015848931924611142,,3,0.10966269652611657,0.9883436755882187,0.7437344395234556,0.9328916934446216,1.9601581930000975,10307
alpha_sweep,lasso,5,0.00015848931924611142,,4,0.11711962860293475,0.9879934292130165,0.7815821858977878,0.9176400020603711,1.6794204220022948,9033
alpha_sweep,lasso,5,0.00015848931924611142,,5,0.10708988795224901,0.988843815868522,0.6117036249394339,0.9407580540441053,1.715229019002436,8734
alpha_sweep,lasso,5,0.00015848931924611142,,6,0.11458190173500883,0.9882853463786677,0.8457763150719495,0.9110817760510931,2.2132381449991954,12340
alpha_sweep,lasso,5,0.00015848931924611142,,7,0.11998024992261824,0.9879899371640334,0.5400085663736227,0.9384001448477584,1.6133024570008274,8169
alpha_sweep,lasso,5,0.00015848931924611142,,8,0.10676725262444936,0.9891757426238754,0.7395027246390921,0.9191957085015927,2.1937457830026688,12188
alpha_sweep,lasso,5,0.00015848931924611142,,9,0.11151718686482809,0.9884043054950427,0.6790687784628429,0.9326571940040044,1.7000233200014918,9326
alpha_sweep,lasso,5,0.00015848931924611142,,10,0.10527530250676513,0.9888648644012592,0.8779490139124689,0.9192461315535488,2.269149018000462,13397
alpha_sweep,lasso,5,0.00015848931924611142,,11,0.11024843805473364,0.988736273723789,1.0015209738063278,0.8948577609911328,1.9579297749987745,11113
alpha_sweep,lasso,5,0.00015848931924611142,,12,0.1061705127716332,0.9889210163615553,0.6802368041493396,0.9345230491874298,1.47927465900284,8297
alpha_sweep,lasso,5,0.00015848931924611142,,13,0.1110722336582873,0.9885378281395053,0.8260723119126606,0.9168519490080472,2.69611466400238,13747
alpha_sweep,lasso,5,0.00015848931924611142,,14,0.11011747000338319,0.9885714922531492,0.7505371181531149,0.9262048991313824,1.5012820299998566,7759
alpha_sweep,lasso,5,0.00015848931924611142,,15,0.11250330142517516,0.9887714454904617,0.7032211341901072,0.9174910649298124,1.7536716159993375,9927
alpha_sweep,lasso,5,0.00019952623149688788,,1,0.10779259101288212,0.9892894926259006,0.6946052132376909,0.9140690064307603,1.8151369070001238,9426
alpha_sweep,lasso,5,0.00019952623149688788,,2,0.12435588358334566,0.9874002312772289,0.7112313769963454,0.9229914078342871,1.7831351940003515,9064
alpha_sweep,lasso,5,0.00019952623149688788,,3,0.11143943735849703,0.98815482132698,0.6877071540826737,0.9379471218973296,1.5661195050015522,8432
alpha_sweep,lasso,5,0.00019952623149688788,,4,0.11861804404869047,0.9878398184875353,0.6973478743741479,0.9265162761729445,1.3089811829995597,7174
alpha_sweep,lasso,5,0.00019952623149688788,,5,0.10861218428762996,0.9886852292965783,0.5742060464780895,0.9443895994953913,1.4624785849991895,7704
alpha_sweep,lasso,5,0.00019952623149688788,,6,0.1165253222448519,0.9880866544581404,0.7613630375589442,0.9199563195685764,1.859611167001276,9674
alpha_sweep,lasso,5,0.00019952623149688788,,7,0.12157707212626147,0.9878300947314999,0.5153687319427191,0.9412108599482828,1.4056053050007904,6756
alpha_sweep,lasso,5,0.00019952623149688788,,8,0.10827026942196653,0.9890233640596897,0.6709053115612228,0.9266912391841686,2.197907939000288,10917
alpha_sweep,lasso,5,0.00019952623149688788,,9,0.11325283164414447,0.9882238310121768,0.6387296196460309,0.9366576019632562,1.4883264060008514,7305
alpha_sweep,lasso,5,0.00019952623149688788,,10,0.10721117169709711,0.9886601044488061,0.791893189947061,0.9271615578225353,2.0701915259996895,10525
alpha_sweep,lasso,5,0.00019952623149688788,,11,0.11157169257155825,0.9886010810903672,0.911665238078647,0.9042910464532348,1.7111149010015652,9784
alpha_sweep,lasso,5,0.00019952623149688788,,12,0.10777526090072005,0.988753559524418,0.6561553897202362,0.9368410325403643,1.2626160360014183,6824
alpha_sweep,lasso,5,0.00019952623149688788,,13,0.11326352061395369,0.988311696847694,0.7599503134950173,0.9235074381423948,2.6495198650009115,12462
alpha_sweep,lasso,5,0.00019952623149688788,,14,0.11155457331311375,0.9884223429282712,0.7047760997134254,0.9307042621741022,1.4386902730002475,6905
alpha_sweep,lasso,5,0.00019952623149688788,,15,0.11409517452612233,0.988612566296164,0.6668104433569659,0.921763131253974,1.6739222779979173,7813
alpha_sweep,lasso,5,0.00025118864315095795,,1,0.1096268288448319,0.9891072387470362,0.6678814543249055,0.9173750558405775,1.778656996000791,9090
alpha_sweep,lasso,5,0.00025118864315095795,,2,0.12600921108375718,0.9872327157280815,0.6692375264535603,0.9275382928769219,1.2936733739988995,6118
alpha_sweep,lasso,5,0.00025118864315095795,,3,0.11363494755752508,0.9879214550142781,0.6318491252854632,0.9429872780618125,1.342352222000045,6827
alpha_sweep,lasso,5,0.00025118864315095795,,4,0.1206561741474564,0.9876308786744927,0.6200690043042356,0.9346596137445702,1.239989711000817,6380
alpha_sweep,lasso,5,0.00025118864315095795,,5,0.11058642383021422,0.9884795611398749,0.5472573420580364,0.9469995132277027,1.371292578001885,6536
alpha_sweep,lasso,5,0.00025118864315095795,,6,0.11902673844934869,0.9878309140318187,0.6761564971091815,0.9289142604692731,1.5272121119996882,7549
alpha_sweep,lasso,5,0.00025118864315095795,,7,0.12361952748300686,0.9876256442724451,0.4907132551510492,0.9440233594041257,1.0305059710008209,5847
alpha_sweep,lasso,5,0.00025118864315095795,,8,0.11006167627753907,0.9888417479892802,0.6085412778234979,0.9335056583786604,1.5745305430027656,8907
alpha_sweep,lasso,5,0.00025118864315095795,,9,0.1156003001983002,0.987979738339296,0.5983254122063824,0.9406644607518305,1.3299033740004234,5946
alpha_sweep,lasso,5,0.00025118864315095795,,10,0.10949145190802366,0.9884189155968419,0.7325141172981893,0.9326232529155003,1.5730307049998373,8548
alpha_sweep,lasso,5,0.00025118864315095795,,11,0.11346506271139177,0.9884076415879948,0.8103346101690397,0.9149289955099569,1.7106320499988215,8159
alpha_sweep,lasso,5,0.00025118864315095795,,12,0.10957107113458153,0.9885661651935505,0.627520037813075,0.9395973602146226,1.0909224560018629,5035
alpha_sweep,lasso,5,0.00025118864315095795,,13,0.11601539050290198,0.988027715833124,0.6926784363167734,0.9302786679648662,2.2603035399988585,10954
alpha_sweep,lasso,5,0.00025118864315095795,,14,0.11335418835485499,0.9882355704348126,0.6652988571049917,0.9345857851925412,1.2904030489989964,5975
alpha_sweep,lasso,5,0.00025118864315095795,,15,0.11610567962616816,0.9884119049304833,0.63703132299233,0.925257115420765,1.319718388000183,6309
alpha_sweep,lasso,5,0.00031622776601683794,,1,0.1117855672137087,0.9888927417857761,0.6366104297491555,0.9212436565370753,1.9328166099985538,8871
alpha_sweep,lasso,5,0.00031622776601683794,,2,0.12818703969956755,0.9870120575968668,0.6263395649802033,0.9321830705494053,0.9719463539986464,4947
alpha_sweep,lasso,5,0.00031622776601683794,,3,0.11638516603656321,0.9876291273603862,0.5801411611652056,0.9476529674841823,1.0797673259985459,5626
alpha_sweep,lasso,5,0.00031622776601683794,,4,0.12320349862804303,0.9873697385730562,0.5712905397057291,0.9397996928255904,0.9504124490013055,4964
alpha_sweep,lasso,5,0.00031622776601683794,,5,0.11322199764541452,0.9882049978983147,0.5260185964491975,0.9490564319187672,1.1689100789990334,5410
alpha_sweep,lasso,5,0.00031622776601683794,,6,0.12200638663698704,0.9875262800023334,0.6134736424879145,0.9355042394100956,1.2562810469971737,5388
alpha_sweep,lasso,5,0.00031622776601683794,,7,0.1261778922735766,0.9873695511078462,0.4670348702465934,0.9467244000378854,1.0521495150023839,4729
alpha_sweep,lasso,5,0.00031622776601683794,,8,0.11229688974264683,0.9886151380012719,0.55313066798034,0.9395602879570115,1.2179338169989933,6387
alpha_sweep,lasso,5,0.00031622776601683794,,9,0.11835757356941326,0.9876930336565745,0.5641008262610855,0.9440584905242264,1.0382360720032011,4804
alpha_sweep,lasso,5,0.00031622776601683794,,10,0.11229367875535033,0.9881225196219037,0.671008268637913,0.9382805691521975,1.3931309019972105,6730
alpha_sweep,lasso,5,0.00031622776601683794,,11,0.11604699204161849,0.9881438542205424,0.7285217718368107,0.9235179169872864,1.2424426690013206,6619
alpha_sweep,lasso,5,0.00031622776601683794,,12,0.11195909545657347,0.9883169728170527,0.5919056556949651,0.9430254622107851,0.7020852919995377,3628
alpha_sweep,lasso,5,0.00031622776601683794,,13,0.11913076931827597,0.9877062222769376,0.6284389557061028,0.9367446728563089,1.861662183997396,8661
alpha_sweep,lasso,5,0.00031622776601683794,,14,0.11578593438068761,0.987983192421644,0.6283889103541901,0.9382148838442286,1.4645822470010899,5891
alpha_sweep,lasso,5,0.00031622776601683794,,15,0.118471352574895,0.9881757955246256,0.6012183355736357,0.9294590532038234,0.9078542099996412,4377
alpha_sweep,lasso,5,0.00039810717055349735,,1,0.11454429390266586,0.9886186286740348,0.6037005278988486,0.9253150060034596,1.3389519669981382,6767
alpha_sweep,lasso,5,0.00039810717055349735,,2,0.13094217069811673,0.9867329070461863,0.5791683725738169,0.9372905323902128,0.8433294759997807,4108
alpha_sweep,lasso,5,0.00039810717055349735,,3,0.11979934144822728,0.9872662260506632,0.534741225069163,0.9517494738004422,0.7746602250008436,4258
alpha_sweep,lasso,5,0.00039810717055349735,,4,0.12640637464374446,0.9870413943145987,0.5460872021901949,0.9424555195106201,0.7752678479992028,4349
alpha_sweep,lasso,5,0.00039810717055349735,,5,0.11620899005145902,0.9878938253131309,0.5028643802393815,0.9512988590835382,0.8782006799992814,4866
alpha_sweep,lasso,5,0.00039810717055349735,,6,0.12516172495856276,0.9872036837202359,0.5628661054449082,0.9408247150868232,0.7541801890001807,4037
alpha_sweep,lasso,5,0.00039810717055349735,,7,0.12914125797347478,0.9870729172178128,0.44512988506437084,0.9492231454252009,0.6838909870020871,3961
alpha_sweep,lasso,5,0.00039810717055349735,,8,0.11509042571169208,0.9883319242669562,0.5075839644316619,0.9445371041169994,0.8341094579991477,5066
alpha_sweep,lasso,5,0.00039810717055349735,,9,0.12137913716889198,0.9873788477502413,0.5358715739925596,0.9468579669826119,0.8561173110028903,4415
alpha_sweep,lasso,5,0.00039810717055349735,,10,0.1157208293094402,0.9877600244760489,0.6249140897133284,0.9425203179326366,0.8697970379980688,5296
alpha_sweep,lasso,5,0.00039810717055349735,,11,0.11916863899802,0.9878249256491425,0.6665082780878973,0.9300282525189953,0.9057671509981446,5197
alpha_sweep,lasso,5,0.00039810717055349735,,12,0.11481357751277364,0.9880191051778062,0.5571991310344738,0.9463661773767515,0.5756553210012498,3161
alpha_sweep,lasso,5,0.00039810717055349735,,13,0.12290567822344346,0.9873166680814053,0.5714324907455299,0.9424826408126951,1.1880029729982198,6647
alpha_sweep,lasso,5,0.00039810717055349735,,14,0.11888501885363287,0.9876615548930474,0.5949132392222777,0.9415063140321226,1.1008199369971408,4797
alpha_sweep,lasso,5,0.00039810717055349735,,15,0.12135754567902125,0.987887734852768,0.5618428103754187,0.9340789835414914,0.6785292450003908,3934
alpha_sweep,lasso,5,0.0005011872336272725,,1,0.11778702221426576,0.9882964241035052,0.5632457655531903,0.930319745180072,0.8433297389965446,4903
alpha_sweep,lasso,5,0.0005011872336272725,,2,0.13399475621957335,0.9864236183300552,0.5227754021713777,0.9433964824357165,0.5263984179982799,2914
alpha_sweep,lasso,5,0.0005011872336272725,,3,0.12368296127049874,0.9868534263113312,0.4948627472881485,0.9553477704096525,0.5499878259979596,3134
alpha_sweep,lasso,5,0.0005011872336272725,,4,0.12996674792420715,0.9866764010651333,0.5159401065070668,0.9456322996153204,0.552307596000901,3046
alpha_sweep,lasso,5,0.0005011872336272725,,5,0.1196535871432204,0.9875349813536379,0.4752335277805694,0.9539748371247706,0.7948387439973885,3994
alpha_sweep,lasso,5,0.0005011872336272725,,6,0.12862905604201605,0.9868491898427728,0.5139751125845554,0.9459647269017337,0.6462555769976461,3227
alpha_sweep,lasso,5,0.0005011872336272725,,7,0.13288602049275297,0.9866980652468316,0.4190926690476001,0.9521932626327323,0.7288875140002347,3474
alpha_sweep,lasso,5,0.0005011872336272725,,8,0.1183946694232635,0.9879969340570526,0.47506029366509267,0.948090914110739,0.7485115160015994,4014
alpha_sweep,lasso,5,0.0005011872336272725,,9,0.12479147382083329,0.987024028780391,0.5066235210436172,0.9497584772371988,0.6531299779999244,3390
alpha_sweep,lasso,5,0.0005011872336272725,,10,0.11976149890078304,0.9873326364492473,0.5756191077264614,0.9470544770094808,0.7096889539971016,4184
alpha_sweep,lasso,5,0.0005011872336272725,,11,0.12304756535069189,0.9874286282915292,0.5968797970632135,0.9373380289342593,0.8168518969978322,4589
alpha_sweep,lasso,5,0.0005011872336272725,,12,0.11830594572231977,0.987654673573937,0.5254961728270806,0.949417780910251,0.47496269299881533,2988
alpha_sweep,lasso,5,0.0005011872336272725,,13,0.12731308772785252,0.9868618425724979,0.5101036312453155,0.9486556780437763,0.8993556969981,5528
alpha_sweep,lasso,5,0.0005011872336272725,,14,0.12212956949892943,0.9873248202025058,0.5657112987960419,0.9443775379692094,0.6493758720025653,3920
alpha_sweep,lasso,5,0.0005011872336272725,,15,0.12447935954944343,0.9875761577099765,0.5260840275525112,0.9382745614993726,0.5866837020003004,3568
alpha_sweep,lasso,5,0.000630957344480193,,1,0.12147416794244464,0.9879300612473946,0.5207122574856394,0.9355816501277667,0.7050661280009081,3679
alpha_sweep,lasso,5,0.000630957344480193,,2,0.1378889733133706,0.9860290552959289,0.4666703773680514,0.9494712551654758,0.3951834549989144,2500
alpha_sweep,lasso,5,0.000630957344480193,,3,0.12828183261478876,0.9863646006849769,0.4566832287114079,0.9587927673072364,0.44786905399814714,2378
alpha_sweep,lasso,5,0.000630957344480193,,4,0.13381356541826775,0.9862820428597839,0.47956012723949487,0.9494658760089266,0.4481392439993215,2554
alpha_sweep,lasso,5,0.000630957344480193,,5,0.12380098132367412,0.9871029228836207,0.4505480519221926,0.9563655629061363,0.5404946290000225,3109
alpha_sweep,lasso,5,0.000630957344480193,,6,0.13268997516479702,0.9864340085603253,0.4775147115804997,0.949797884728422,0.4509954140012269,2521
alpha_sweep,lasso,5,0.000630957344480193,,7,0.13678185349244654,0.986308091070624,0.40405626830154845,0.9539084948820796,0.461208214997896,2657
alpha_sweep,lasso,5,0.000630957344480193,,8,0.12285071969609326,0.987545171612591,0.44738228251031814,0.9511152465532436,0.5045688740028709,3215
alpha_sweep,lasso,5,0.000630957344480193,,9,0.12835077641187362,0.9866539281110974,0.4809062831201263,0.9523088388782609,0.3870068579999497,1989
alpha_sweep,lasso,5,0.000630957344480193,,10,0.12446898991546136,0.986834717663643,0.5328462900287306,0.9509887265373138,0.4554365299991332,2867
alpha_sweep,lasso,5,0.000630957344480193,,11,0.12815603685769317,0.9869067122829223,0.5345842039611174,0.9438779799791651,0.670960888000991,3856
alpha_sweep,lasso,5,0.000630957344480193,,12,0.12226515057366338,0.9872415271679886,0.4940093059444799,0.9524485843327328,0.5380902200013225,2572
alpha_sweep,lasso,5,0.000630957344480193,,13,0.1319982201163073,0.9863783572687733,0.45949016842049045,0.9537501603634824,0.5693330619978951,3599
alpha_sweep,lasso,5,0.000630957344480193,,14,0.12529860573953938,0.9869959227512226,0.5317877667867478,0.9477130032059,0.487320134001493,2986
alpha_sweep,lasso,5,0.000630957344480193,,15,0.12784312991871266,0.9872404317493119,0.4938415350793261,0.9420575731135427,0.47659337100049015,2866
alpha_sweep,lasso,5,0.0007943282347242813,,1,0.125998648566965,0.9874804989663737,0.48442212421340813,0.9400711747518439,0.4784500220011978,2819
alpha_sweep,lasso,5,0.0007943282347242813,,2,0.14272641127852118,0.9855389248910349,0.4229672463323648,0.9542032125890995,0.29871450000064215,1774
alpha_sweep,lasso,5,0.0007943282347242813,,3,0.13364844416689914,0.9857941700168917,0.42662362707137247,0.961505091565186,0.33164270099950954,1773
alpha_sweep,lasso,5,0.0007943282347242813,,4,0.13831417096839138,0.9858206612812525,0.4489508447445821,0.9526913595072727,0.37177285199868493,2177
alpha_sweep,lasso,5,0.0007943282347242813,,5,0.128499886708115,0.9866134102444013,0.42781314607894827,0.95856738092448,0.4021755829999165,2472
alpha_sweep,lasso,5,0.0007943282347242813,,6,0.13743803116854741,0.9859485756026208,0.44891564744244516,0.9528045638520154,0.2727537980026682,1632
alpha_sweep,lasso,5,0.0007943282347242813,,7,0.14083985834416185,0.985901883438208,0.39008735481940343,0.9555019567282738,0.3908079770008044,2042
alpha_sweep,lasso,5,0.0007943282347242813,,8,0.12769638586026072,0.9870539092036554,0.4200878037734256,0.9540976710158842,0.3453725379986281,2260
alpha_sweep,lasso,5,0.0007943282347242813,,9,0.13288066733646214,0.9861829044708941,0.45666348526706213,0.9547129812632408,0.3277026889991248,1734
alpha_sweep,lasso,5,0.0007943282347242813,,10,0.12991659107438477,0.9862585162550688,0.49236046477604417,0.954712618192288,0.4284079089993611,2205
alpha_sweep,lasso,5,0.0007943282347242813,,11,0.1340665056203994,0.9863028588090602,0.4793852305040713,0.9496729097031102,0.4792330780001066,2878
alpha_sweep,lasso,5,0.0007943282347242813,,12,0.12723775455085032,0.986722631698187,0.46110748794613315,0.9556155854499628,0.3604673660011031,2175
alpha_sweep,lasso,5,0.0007943282347242813,,13,0.13747217451612334,0.9858134689612217,0.41536172811805144,0.9581918947631829,0.48521806099961395,2698
alpha_sweep,lasso,5,0.0007943282347242813,,14,0.1293000911949076,0.9865806298142873,0.49668787454276625,0.9511641317723273,0.4374022580013843,2429
alpha_sweep,lasso,5,0.0007943282347242813,,15,0.132045108196144,0.9868210472375835,0.4575493487129821,0.9463157353087168,0.3821438390004914,2163
alpha_sweep,lasso,5,0.0012589254117941675,,1,0.13827489610345622,0.9862607041870632,0.4253884461420199,0.947374348574965,0.2846732719990541,1847
alpha_sweep,lasso,5,0.0012589254117941675,,2,0.1549552431869199,0.9842998966331383,0.3579790455199693,0.9612398113863583,0.2018009040002653,1019
alpha_sweep,lasso,5,0.0012589254117941675,,3,0.14531504634538378,0.9845540974663939,0.38859043072937394,0.9649368855816567,0.20008046200018725,1072
alpha_sweep,lasso,5,0.0012589254117941675,,4,0.1503875455625974,0.9845829539180012,0.3736333253116081,0.9606280178104456,0.2888579099999333,1544
alpha_sweep,lasso,5,0.0012589254117941675,,5,0.14145733941669542,0.9852635561073206,0.3971280346814025,0.9615391562041247,0.22458399400056805,1251
alpha_sweep,lasso,5,0.0012589254117941675,,6,0.14865693900835578,0.9848015740485975,0.4001333288522592,0.9579331505147669,0.20548455099924468,1037
alpha_sweep,lasso,5,0.0012589254117941675,,7,0.1508132654321573,0.984903542078753,0.3641365521681495,0.958462216590699,0.27283568599887076,1373
alpha_sweep,lasso,5,0.0012589254117941675,,8,0.1385114615409439,0.9859574572501547,0.39074420575733726,0.9573039994967715,0.30011226699934923,1220
alpha_sweep,lasso,5,0.0012589254117941675,,9,0.14536949028951515,0.9848843012711412,0.4031877301345631,0.9600161368751495,0.21507958800066262,1197
alpha_sweep,lasso,5,0.0012589254117941675,,10,0.14229564318154972,0.9849491642939258,0.42693407630290187,0.9607305462085649,0.22470783199969446,1179
alpha_sweep,lasso,5,0.0012589254117941675,,11,0.14662828401928824,0.9850194625458201,0.41101135486480217,0.9568509744291085,0.26930196800094564,1519
alpha_sweep,lasso,5,0.0012589254117941675,,12,0.139572380314938,0.9854355029704526,0.3926845649319691,0.9622017100720395,0.2244855879980605,1222
alpha_sweep,lasso,5,0.0012589254117941675,,13,0.14873144738441352,0.9846515609272338,0.3682990120339523,0.9629289777767994,0.2498208760007401,1347
alpha_sweep,lasso,5,0.0012589254117941675,,14,0.141056502550135,0.9853604942786248,0.43962681750614263,0.9567745491092464,0.33285092300138786,1306
alpha_sweep,lasso,5,0.0012589254117941675,,15,0.1434007416657993,0.9856876818359542,0.39227621518777894,0.9539742320091342,0.34255659300106345,1363
alpha_sweep,lasso,5,0.001584893192461114,,1,0.1452502076629087,0.9855676219891855,0.40190276821221343,0.9502798085408476,0.26844643499862286,1242
alpha_sweep,lasso,5,0.001584893192461114,,2,0.16161450952051332,0.9836251781296879,0.33809167243537863,0.9633931171215276,0.19172689900005935,956
alpha_sweep,lasso,5,0.001584893192461114,,3,0.1523623308448948,0.9838050238346977,0.37575474574381756,0.9660950692519072,0.16952931099876878,852
alpha_sweep,lasso,5,0.001584893192461114,,4,0.1575981264018621,0.9838437580180943,0.3375957562124329,0.9644255123929865,0.22280434200001764,1295
alpha_sweep,lasso,5,0.001584893192461114,,5,0.14918014109761918,0.9844590263873747,0.3800764839305305,0.9631905556839746,0.19103618200097117,986
alpha_sweep,lasso,5,0.001584893192461114,,6,0.15535137603655916,0.9841171464925198,0.37018925371997496,0.9610812334429686,0.25719413900151267,863
alpha_sweep,lasso,5,0.001584893192461114,,7,0.15686803052649173,0.9842974580833714,0.351711987344614,0.9598795115025169,0.21727481899870327,958
alpha_sweep,lasso,5,0.001584893192461114,,8,0.14482028608704467,0.98531785719537,0.38025451816090167,0.9584501910468882,0.21624733399949037,986
alpha_sweep,lasso,5,0.001584893192461114,,9,0.15245274298579825,0.9841477759275897,0.37684245069008815,0.9626287809825043,0.23551733999920543,1078
alpha_sweep,lasso,5,0.001584893192461114,,10,0.14852272543559514,0.9842905159345078,0.403457307684223,0.9628899425454114,0.23331972300002235,911
alpha_sweep,lasso,5,0.001584893192461114,,11,0.15370205043832172,0.9842967587135327,0.38609243635196483,0.9594670263687516,0.20070440899871755,1013
alpha_sweep,lasso,5,0.001584893192461114,,12,0.14652004980659666,0.9847105077282333,0.36769931816698787,0.9646066928125961,0.15861538399985875,902
alpha_sweep,lasso,5,0.001584893192461114,,13,0.15574769698626406,0.9839275144567184,0.3436804209501978,0.9654069543864289,0.18707604100200115,1019
alpha_sweep,lasso,5,0.001584893192461114,,14,0.14804920374367925,0.9846347589365453,0.41453000277139407,0.9592421445552773,0.20289033700100845,1120
alpha_sweep,lasso,5,0.001584893192461114,,15,0.15041819913153048,0.9849872943568834,0.368938081083613,0.9567124952635195,0.24372143700020388,1269
alpha_sweep,lasso,5,0.001995262314968879,,1,0.1526907880777321,0.9848283096612072,0.3838822050828151,0.952509168276241,0.1463853100030974,820
alpha_sweep,lasso,5,0.001995262314968879,,2,0.16906435476004805,0.9828703579769633,0.3224563816815183,0.9650860285537275,0.1766215360003116,859
alpha_sweep,lasso,5,0.001995262314968879,,3,0.1593572131272405,0.9830615201667404,0.3630322709095087,0.9672430377954521,0.15006666500266874,846
alpha_sweep,lasso,5,0.001995262314968879,,4,0.16479855611521516,0.9831056027653726,0.31052720880598683,0.967277887420013,0.20390872999996645,1142
alpha_sweep,lasso,5,0.001995262314968879,,5,0.1564241327408331,0.9837043771281037,0.36475019305364353,0.964674868117014,0.17902593200051342,781
alpha_sweep,lasso,5,0.001995262314968879,,6,0.16230496556374,0.9834062236373186,0.354306174189758,0.9627510546445069,0.1657586760011327,626
alpha_sweep,lasso,5,0.001995262314968879,,7,0.16368238293322726,0.9836153391459288,0.33497097420685285,0.9617891922901998,0.1455630359996576,828
alpha_sweep,lasso,5,0.001995262314968879,,8,0.15274022572574908,0.9845149193755288,0.36949422549421385,0.9596259511844476,0.20638088499981677,668
alpha_sweep,lasso,5,0.001995262314968879,,9,0.15994219782425623,0.9833690131847607,0.3541700593984665,0.9648771871773424,0.19253191600000719,884
alpha_sweep,lasso,5,0.001995262314968879,,10,0.15605191033121646,0.983494142114966,0.3825923043809262,0.9648091083570802,0.14965181299703545,773
alpha_sweep,lasso,5,0.001995262314968879,,11,0.16102818563316196,0.9835482711798026,0.36648437171337506,0.9615255312554706,0.16464678699776414,839
alpha_sweep,lasso,5,0.001995262314968879,,12,0.15457434392737038,0.9838700352613139,0.3467092736373491,0.9666271129145921,0.16674322199833114,753
alpha_sweep,lasso,5,0.001995262314968879,,13,0.1638266656839368,0.9830937999934515,0.3234885402306894,0.9674393618445627,0.1341226779986755,743
alpha_sweep,lasso,5,0.001995262314968879,,14,0.15582422717031197,0.9838278305221848,0.38450027292456995,0.9621947592754618,0.1675139079998189,1019
alpha_sweep,lasso,5,0.001995262314968879,,15,0.15830240898923242,0.9842003994033097,0.3514322012432971,0.9587664601301396,0.21073533500020858,1097
alpha_sweep,lasso,5,0.002511886431509582,,1,0.1604703127825669,0.9840553190879667,0.3676963678700477,0.9545115504163921,0.15120803999889176,635
alpha_sweep,lasso,5,0.002511886431509582,,2,0.17632075027724636,0.9821351381977048,0.31236247580201215,0.9661789464231791,0.12483653500021319,650
alpha_sweep,lasso,5,0.002511886431509582,,3,0.16733162135965798,0.9822139002167158,0.349916383036734,0.9684265046047558,0.17302748400106793,783
alpha_sweep,lasso,5,0.002511886431509582,,4,0.1727848328502871,0.9822868860559032,0.29469362347077405,0.9689463671769909,0.16722270399986883,865
alpha_sweep,lasso,5,0.002511886431509582,,5,0.16371582563942538,0.9829447585482134,0.35571175924350645,0.9655502175272109,0.1188398310005141,646
alpha_sweep,lasso,5,0.002511886431509582,,6,0.16947386763735145,0.9826732876032158,0.33874589324496057,0.9643869393590603,0.12544000600246363,645
alpha_sweep,lasso,5,0.002511886431509582,,7,0.17138960108573323,0.9828438440510128,0.3164504770507211,0.963901862372133,0.1320795090032334,660
alpha_sweep,lasso,5,0.002511886431509582,,8,0.16012833754773964,0.983765899222635,0.3609082426268844,0.9605641279338986,0.10790804000134813,561
alpha_sweep,lasso,5,0.002511886431509582,,9,0.16781619937868783,0.982550264800555,0.3357511853213566,0.966703774855909,0.13166063300013775,649
alpha_sweep,lasso,5,0.002511886431509582,,10,0.1651189930401576,0.9825351024062692,0.35646684582281696,0.9672121315509933,0.16348146100062877,674
alpha_sweep,lasso,5,0.002511886431509582,,11,0.1676233646302352,0.9828744630762467,0.34847546355999126,0.9634161525952869,0.1585829659998126,578
alpha_sweep,lasso,5,0.002511886431509582,,12,0.1629886469281282,0.9829919955604525,0.3294592858732483,0.9682875296892474,0.12364613899990218,634
alpha_sweep,lasso,5,0.002511886431509582,,13,0.17183821070008853,0.9822670433611348,0.3021729925846621,0.9695848716468336,0.13471575999938068,602
alpha_sweep,lasso,5,0.002511886431509582,,14,0.16433434099868258,0.9829446109766293,0.3559211259590894,0.9650047482580806,0.14673394500277936,768
alpha_sweep,lasso,5,0.002511886431509582,,15,0.16629848006985712,0.9834023399787989,0.3343068105504301,0.9607757822054163,0.15191084199977922,745
alpha_sweep,lasso,5,0.0031622776601683794,,1,0.1675866588331323,0.9833482233948859,0.3520033502667409,0.9564529648616797,0.10195488099998329,567
alpha_sweep,lasso,5,0.0031622776601683794,,2,0.18298410882282187,0.9814600050703294,0.299247830196392,0.9675989349494253,0.1221428509998077,535
alpha_sweep,lasso,5,0.0031622776601683794,,3,0.17482844367381475,0.9814170440776687,0.33722815207933676,0.9695713832704258,0.1482283789991925,753
alpha_sweep,lasso,5,0.0031622776601683794,,4,0.1804774176232413,0.9814982773084789,0.28759218456580027,0.9696946883441503,0.13833757099928334,789
alpha_sweep,lasso,5,0.0031622776601683794,,5,0.1709001052954583,0.9821963298382079,0.34651532843847926,0.9664408685459825,0.11133607499868958,460
alpha_sweep,lasso,5,0.0031622776601683794,,6,0.17745997423554005,0.9818568020050175,0.32394624244904036,0.9659428574432942,0.12111903199911467,567
alpha_sweep,lasso,5,0.0031622776601683794,,7,0.1791367996643483,0.9820683469021746,0.300281496246375,0.9657462902896301,0.15301825200003805,660
alpha_sweep,lasso,5,0.0031622776601683794,,8,0.16688082249710334,0.9830813200729082,0.35136410397900364,0.9616070008479651,0.11099648600065848,448
alpha_sweep,lasso,5,0.0031622776601683794,,9,0.17512868763521086,0.9817899032609789,0.32242566905260256,0.9680252575765761,0.14096926300044288,628
alpha_sweep,lasso,5,0.0031622776601683794,,10,0.17471014013016484,0.9815206315773884,0.327435920527527,0.9698823999663848,0.126029507999192,561
alpha_sweep,lasso,5,0.0031622776601683794,,11,0.17446803820393575,0.9821751649188806,0.3374269761211315,0.9645760511269852,0.11781104799956665,497
alpha_sweep,lasso,5,0.0031622776601683794,,12,0.1717516871565395,0.9820775648321916,0.3118935719282956,0.9699783370389021,0.13846186000228045,572
alpha_sweep,lasso,5,0.0031622776601683794,,13,0.18002144408175005,0.9814225692355517,0.2838327036796822,0.9714309077081895,0.1139221119992726,498
alpha_sweep,lasso,5,0.0031622776601683794,,14,0.17327201465249917,0.9820170172661279,0.32968222586333257,0.9675846370236258,0.12817430999712087,537
alpha_sweep,lasso,5,0.0031622776601683794,,15,0.17470165603748763,0.9825636488629783,0.3180984915615789,0.962677504258449,0.15479512300225906,764
alpha_sweep,lasso,5,0.003981071705534973,,1,0.17504652891553782,0.9826069944033881,0.34086175576101574,0.9578313136957749,0.09078169300119043,495
alpha_sweep,lasso,5,0.003981071705534973,,2,0.1893355004114346,0.9808164805117938,0.29165618665040655,0.96842092031257,0.09078829099962604,363
alpha_sweep,lasso,5,0.003981071705534973,,3,0.1824991213488754,0.9806017084141195,0.32263607923497034,0.9708880485284521,0.1475890639994759,528
alpha_sweep,lasso,5,0.003981071705534973,,4,0.1883538327896494,0.9806908231065555,0.28561018126205584,0.9699035439078493,0.10974610600169399,612
alpha_sweep,lasso,5,0.003981071705534973,,5,0.17687701106851988,0.9815736803741381,0.33636893565607806,0.967423520974962,0.08720052699936787,394
alpha_sweep,lasso,5,0.003981071705534973,,6,0.18531552021569628,0.9810536646965025,0.3103047207811214,0.9673770190023924,0.09279076100210659,390
alpha_sweep,lasso,5,0.003981071705534973,,7,0.18609253459191422,0.9813720755274753,0.2875244921684034,0.9672015072108296,0.11845344500034116,535
alpha_sweep,lasso,5,0.003981071705534973,,8,0.17366158909855137,0.9823938736780883,0.3426594134527424,0.9625581485952986,0.10748175600019749,398
alpha_sweep,lasso,5,0.003981071705534973,,9,0.18286219493715183,0.9809857636422683,0.30961292728203343,0.969295888786106,0.12148459200034267,530
alpha_sweep,lasso,5,0.003981071705534973,,10,0.1830903799267307,0.9806342403321225,0.3103810661125793,0.9714511077705665,0.1141999229985231,457
alpha_sweep,lasso,5,0.003981071705534973,,11,0.18064826605576234,0.9815437510315198,0.3336855239515187,0.9649688383661407,0.10355834900110494,428
alpha_sweep,lasso,5,0.003981071705534973,,12,0.18047190385392461,0.9811676027759488,0.2994842262135351,0.9711728124245697,0.12688120399980107,462
alpha_sweep,lasso,5,0.003981071705534973,,13,0.18818932178154024,0.9805796797496112,0.26935002371548317,0.9728886573443869,0.09598224599903915,434
alpha_sweep,lasso,5,0.003981071705534973,,14,0.1809497884255869,0.9812201818771419,0.31203068526879546,0.9693201903855512,0.12825021599928732,387
alpha_sweep,lasso,5,0.003981071705534973,,15,0.18262658981297747,0.9817726893999642,0.3040577421773744,0.9643249053716313,0.15178491799815674,564
alpha_sweep,lasso,5,0.005011872336272725,,1,0.18192456721882955,0.9819235774887882,0.33178140230906605,0.9589546622961241,0.10184237499925075,376
alpha_sweep,lasso,5,0.005011872336272725,,2,0.19661430073370972,0.9800789906721721,0.2871966978503936,0.9689037715553231,0.09084957400045823,317
alpha_sweep,lasso,5,0.005011872336272725,,3,0.19033488283460864,0.9797688255762504,0.31322551110631897,0.9717371786174694,0.09058918899972923,400
alpha_sweep,lasso,5,0.005011872336272725,,4,0.1950333416137159,0.9800060702903531,0.2828159015526504,0.970197993903335,0.1568413060012972,528
alpha_sweep,lasso,5,0.005011872336272725,,5,0.18460742164523838,0.9807683579907189,0.32647348906445756,0.9683818699012876,0.1042938150021655,346
alpha_sweep,lasso,5,0.005011872336272725,,6,0.1920924361108895,0.9803608046450374,0.29919777008737947,0.9685447158408781,0.0809517509987927,331
alpha_sweep,lasso,5,0.005011872336272725,,7,0.1930790189673219,0.980672726122842,0.27821998705435347,0.9682628906832026,0.09310043400182622,397
alpha_sweep,lasso,5,0.005011872336272725,,8,0.18045630422748876,0.9817050131562973,0.3388212698081873,0.9629775364724951,0.09754090700153029,348
alpha_sweep,lasso,5,0.005011872336272725,,9,0.18963633267032812,0.9802813804534811,0.3028521155692963,0.9699663540555842,0.10443833600220387,426
alpha_sweep,lasso,5,0.005011872336272725,,10,0.19196272581797616,0.9796957982452751,0.29813335003074337,0.9725776543439654,0.09733445900201332,349
alpha_sweep,lasso,5,0.005011872336272725,,11,0.1874903864420257,0.9808447137250548,0.3337922663148882,0.9649576322792236,0.08256760600124835,365
alpha_sweep,lasso,5,0.005011872336272725,,12,0.18788528306240743,0.9803940103272335,0.29406848797308,0.9716941103376214,0.09582157800105051,353
alpha_sweep,lasso,5,0.005011872336272725,,13,0.19590732981463424,0.9797832148584111,0.2605021236827276,0.97377923996347,0.09238902499782853,382
alpha_sweep,lasso,5,0.005011872336272725,,14,0.18834303572282124,0.9804528759809182,0.2987512793764322,0.9706258621153034,0.08412191699972027,341
alpha_sweep,lasso,5,0.005011872336272725,,15,0.1899855325333617,0.9810382194917779,0.29517372725828506,0.9653672668344533,0.16640833299970836,404
alpha_sweep,lasso,5,0.00630957344480193,,1,0.1882375378810527,0.9812963069297,0.32394582847295794,0.9599240167324139,0.06790355900011491,330
alpha_sweep,lasso,5,0.00630957344480193,,2,0.20465239379596858,0.9792645691053092,0.2794948727787828,0.969737686825451,0.08516107600007672,283
alpha_sweep,lasso,5,0.00630957344480193,,3,0.1980239180246805,0.9789515386461617,0.30752062867085006,0.9722519389660519,0.10061249399950611,340
alpha_sweep,lasso,5,0.00630957344480193,,4,0.20172564847534807,0.979320005477641,0.2832160129412748,0.9701558317689655,0.10498724200078868,450
alpha_sweep,lasso,5,0.00630957344480193,,5,0.19223382880561551,0.9799738702555116,0.3199945742478769,0.9690093363830413,0.07513936499890406,311
alpha_sweep,lasso,5,0.00630957344480193,,6,0.1992982323629075,0.9796240966145361,0.2942780280662443,0.9690619385568736,0.10101064099944779,313
alpha_sweep,lasso,5,0.00630957344480193,,7,0.20005764264758777,0.979974163576401,0.2738707002092964,0.968759022515833,0.08079414600069867,328
alpha_sweep,lasso,5,0.00630957344480193,,8,0.1875873228502688,0.9809820575774139,0.33505352272911104,0.9633892322284756,0.06696276000002399,306
alpha_sweep,lasso,5,0.00630957344480193,,9,0.1971932136666288,0.9794956066556751,0.29999950524261776,0.9702492455533298,0.060702916998707224,256
alpha_sweep,lasso,5,0.00630957344480193,,10,0.1996635725961438,0.9788812674763465,0.28626904011967447,0.9736689351661817,0.07600208100120653,297
alpha_sweep,lasso,5,0.00630957344480193,,11,0.1941501368876697,0.9801643085654791,0.3366009933901492,0.9646627649113088,0.09800068399999873,329
alpha_sweep,lasso,5,0.00630957344480193,,12,0.1959568489203697,0.9795517355397947,0.29142476703971915,0.9719485846390117,0.07580894399870886,322
alpha_sweep,lasso,5,0.00630957344480193,,13,0.2035899425425101,0.9789904026089028,0.2554150081897524,0.9742912819872881,0.0784983759986062,356
alpha_sweep,lasso,5,0.00630957344480193,,14,0.19633102106674266,0.9796238453794893,0.28776308766590686,0.9717062546715534,0.07434911399832345,314
alpha_sweep,lasso,5,0.00630957344480193,,15,0.19741006757477217,0.9802972030472435,0.29084257465678964,0.9658754409654646,0.07263956599854282,297
alpha_sweep,lasso,5,0.007943282347242814,,1,0.19559147231593768,0.9805656039356133,0.31716231781738585,0.9607632183384655,0.06017358800090733,288
alpha_sweep,lasso,5,0.007943282347242814,,2,0.21315436380861946,0.9784031474116943,0.2767292238838425,0.9700371375171843,0.05070014399825595,262
alpha_sweep,lasso,5,0.007943282347242814,,3,0.20544318017643876,0.9781629265722616,0.30597838869050337,0.9723910976601812,0.07112515500193695,298
alpha_sweep,lasso,5,0.007943282347242814,,4,0.20911114825247468,0.9785628776850661,0.2840500708219624,0.9700679420926468,0.07793160100118257,403
alpha_sweep,lasso,5,0.007943282347242814,,5,0.20042365236794016,0.9791206881165374,0.31485327852751605,0.9695072578449896,0.06680176699956064,289
alpha_sweep,lasso,5,0.007943282347242814,,6,0.2075574814702692,0.9787796854029924,0.29093717558169696,0.9694131693304333,0.06643718299892498,268
alpha_sweep,lasso,5,0.007943282347242814,,7,0.20775590375142985,0.9792035650850289,0.2708960218400511,0.9690983500155809,0.08345637299862574,309
alpha_sweep,lasso,5,0.007943282347242814,,8,0.19632256195211703,0.9800964632218769,0.3338141765045806,0.963524653627556,0.0713543199999549,274
alpha_sweep,lasso,5,0.007943282347242814,,9,0.20584292207146504,0.9785961993173156,0.30092318853373906,0.9701576444863267,0.05636628399952315,215
alpha_sweep,lasso,5,0.007943282347242814,,10,0.20809449728232962,0.977989515209974,0.276667012736242,0.9745521309370676,0.0779075370010105,262
alpha_sweep,lasso,5,0.007943282347242814,,11,0.20051138311288966,0.9795144006164804,0.34086196445817846,0.9642154372465251,0.09177242999794544,300
alpha_sweep,lasso,5,0.007943282347242814,,12,0.20531304027076686,0.9785754089856208,0.2918899261552989,0.9719038102305335,0.07390650800152798,290
alpha_sweep,lasso,5,0.007943282347242814,,13,0.21093292381652012,0.9782326388495997,0.25377481921733136,0.9744563746969076,0.08151898900177912,325
alpha_sweep,lasso,5,0.007943282347242814,,14,0.20541852935633492,0.9786807011274102,0.28119177298643433,0.9723523663932553,0.0911660639976617,292
alpha_sweep,lasso,5,0.007943282347242814,,15,0.20650518724087,0.9793894514910861,0.29039023268925895,0.9659285142481262,0.05628477199934423,264
alpha_sweep,lasso,5,0.00794328234724282,,1,0.19559147231593774,0.9805656039356133,0.31716231781738524,0.9607632183384655,0.06472033099998953,288
alpha_sweep,lasso,5,0.00794328234724282,,2,0.21315436380861957,0.9784031474116943,0.2767292238838424,0.9700371375171845,0.060329205996822566,262
alpha_sweep,lasso,5,0.00794328234724282,,3,0.20544318017643876,0.9781629265722616,0.3059783886905035,0.9723910976601812,0.06755794199852971,298
alpha_sweep,lasso,5,0.00794328234724282,,4,0.20911114825247468,0.9785628776850661,0.284050070821962,0.9700679420926469,0.1143176969999331,403
alpha_sweep,lasso,5,0.00794328234724282,,5,0.20042365236794027,0.9791206881165374,0.3148532785275163,0.9695072578449896,0.06847375500001363,289
alpha_sweep,lasso,5,0.00794328234724282,,6,0.2075574814702692,0.9787796854029924,0.29093717558169685,0.9694131693304333,0.0598641510005109,268
alpha_sweep,lasso,5,0.00794328234724282,,7,0.2077559037514299,0.9792035650850289,0.27089602184005124,0.9690983500155809,0.06464335499913432,309
alpha_sweep,lasso,5,0.00794328234724282,,8,0.19632256195211695,0.9800964632218769,0.33381417650458084,0.963524653627556,0.06881544800125994,274
alpha_sweep,lasso,5,0.00794328234724282,,9,0.20584292207146512,0.9785961993173156,0.30092318853373884,0.9701576444863267,0.06839887800015276,215
alpha_sweep,lasso,5,0.00794328234724282,,10,0.20809449728232962,0.977989515209974,0.27666701273624206,0.9745521309370676,0.06992270199771156,262
alpha_sweep,lasso,5,0.00794328234724282,,11,0.20051138311288966,0.9795144006164804,0.34086196445817857,0.9642154372465251,0.06794543300202349,300
alpha_sweep,lasso,5,0.00794328234724282,,12,0.20531304027076694,0.9785754089856208,0.29188992615529885,0.9719038102305335,0.0676786149997497,290
alpha_sweep,lasso,5,0.00794328234724282,,13,0.2109329238165201,0.9782326388495997,0.2537748192173314,0.9744563746969076,0.07629615599944373,325
alpha_sweep,lasso,5,0.00794328234724282,,14,0.20541852935633492,0.9786807011274102,0.28119177298643466,0.9723523663932553,0.07098039599804906,292
alpha_sweep,lasso,5,0.00794328234724282,,15,0.20650518724087022,0.9793894514910861,0.2903902326892593,0.9659285142481262,0.06393586999911349,264
alpha_sweep,lasso,5,0.01,,1,0.20486561556095687,0.9796441047984197,0.31050783855983727,0.9615864572134253,0.06370994099779637,258
alpha_sweep,lasso,5,0.01,,2,0.22119498957731787,0.9775884692303918,0.28214826094306983,0.9694503911666686,0.09759968299840693,239
alpha_sweep,lasso,5,0.01,,3,0.21321081362528405,0.9773372852351458,0.3040174544704471,0.9725680357818832,0.07364727299864171,277
alpha_sweep,lasso,5,0.01,,4,0.2171037438528321,0.9777435131943131,0.28577440848659663,0.969886238301198,0.10398801100018318,329
alpha_sweep,lasso,5,0.01,,5,0.2100740739794603,0.9781153468793468,0.31319509660898875,0.9696678485617966,0.07740051500150003,265
alpha_sweep,lasso,5,0.01,,6,0.2169014094139299,0.9778243785206209,0.2941933731843831,0.9690708385007589,0.07784177400026238,252
alpha_sweep,lasso,5,0.01,,7,0.21607077060606447,0.9783712441533651,0.2700990096444288,0.9691892667877622,0.07024564200037275,282
alpha_sweep,lasso,5,0.01,,8,0.20547504674053566,0.9791685677432007,0.3374295615085915,0.9631296062342072,0.05421021700021811,240
alpha_sweep,lasso,5,0.01,,9,0.2155314833523925,0.977588770776795,0.3048536649453967,0.9697678617148948,0.04640359100085334,207
alpha_sweep,lasso,5,0.01,,10,0.21737200499640913,0.9770082185149777,0.2669952210388838,0.9754417436389367,0.052727567999681924,215
alpha_sweep,lasso,5,0.01,,11,0.20776553033206732,0.9787732678613515,0.34763592351106326,0.9635042896615995,0.0562130079997587,271
alpha_sweep,lasso,5,0.01,,12,0.21464349598340565,0.9776017679672158,0.2945229564408358,0.9716503649693502,0.057979171000624774,265
alpha_sweep,lasso,5,0.01,,13,0.21976657165843375,0.9773210447780282,0.2548027338053006,0.9743529102745522,0.06245331000172882,302
alpha_sweep,lasso,5,0.01,,14,0.21471904084663873,0.9777154504036755,0.27803599828829556,0.9726626517962489,0.06804341099996236,252
alpha_sweep,lasso,5,0.01,,15,0.2159952033520066,0.9784422867248045,0.2956139709816354,0.9653156130387709,0.07970420800120337,231
alpha_sweep,lasso,5,0.011,,1,0.20914657908354492,0.9792187389087413,0.30908588684594407,0.9617623696904031,0.07361491699703038,247
alpha_sweep,lasso,5,0.011,,2,0.22508715784236227,0.9771941137840988,0.2864664050779414,0.9689828440204791,0.08008649499970488,229
alpha_sweep,lasso,5,0.011,,3,0.21673735961189092,0.976962439773789,0.30343852904214985,0.9726202731169458,0.05780269500246504,263
alpha_sweep,lasso,5,0.011,,4,0.22093403325157587,0.977350849374002,0.28812541045451867,0.9696384991373227,0.06972527200196055,303
alpha_sweep,lasso,5,0.011,,5,0.21459284204070317,0.9776446002056632,0.313747708344813,0.9696143295155566,0.06559133200062206,256
alpha_sweep,lasso,5,0.011,,6,0.22087139830983601,0.9774184937858428,0.29626388081626137,0.968853161724975,0.05192021900074906,234
alpha_sweep,lasso,5,0.011,,7,0.22009007305477402,0.9779689106443342,0.27105089717733544,0.9690806830766887,0.06031643899768824,274
alpha_sweep,lasso,5,0.011,,8,0.20911621713786502,0.97879941929588,0.33909616253583313,0.9629474993795197,0.05298418700112961,221
alpha_sweep,lasso,5,0.011,,9,0.2196157293869445,0.9771640858413944,0.30832172579854966,0.9694239363915353,0.049089710002590436,215
alpha_sweep,lasso,5,0.011,,10,0.22153809878992148,0.9765675641715256,0.26296734796921417,0.9758122279459212,0.05202843699953519,236
alpha_sweep,lasso,5,0.011,,11,0.21148134580429237,0.9783936350147504,0.3515407358917605,0.9630943524487465,0.058423460002813954,233
alpha_sweep,lasso,5,0.011,,12,0.21856200460225014,0.9771928682478684,0.2973395267906217,0.9713792528549687,0.0545303850012715,257
alpha_sweep,lasso,5,0.011,,13,0.22361657046362582,0.9769237416311087,0.2555628741166707,0.9742763985885178,0.09891562900156714,289
alpha_sweep,lasso,5,0.011,,14,0.21888507025432033,0.977283080323271,0.27808860924411083,0.9726574789264504,0.07449290699878475,242
alpha_sweep,lasso,5,0.011,,15,0.22018280639290866,0.9780243369543228,0.29891241953719755,0.9649286060725815,0.055463410000811564,230
alpha_sweep,lasso,5,0.012,,1,0.213414118099951,0.9787947069073303,0.308323944183332,0.9618566311338723,0.06975881399921491,235
alpha_sweep,lasso,5,0.012,,2,0.2291369692625276,0.9767837858945404,0.29180201348923535,0.9684051309085568,0.05112356699828524,221
alpha_sweep,lasso,5,0.012,,3,0.22023994253197826,0.9765901414071702,0.30367889668576903,0.9725985843734147,0.050510892000602325,251
alpha_sweep,lasso,5,0.012,,4,0.22467618767875153,0.976967220749478,0.290544115757501,0.9693836256673736,0.0732485619992076,284
alpha_sweep,lasso,5,0.012,,5,0.21856852809227603,0.977230429582382,0.3152146765792606,0.9694722573594977,0.11602622700229404,250
alpha_sweep,lasso,5,0.012,,6,0.2248005449571275,0.9770167846912697,0.29923455399706034,0.968540848671911,0.06670905200007837,222
alpha_sweep,lasso,5,0.012,,7,0.22424535647147179,0.9775529653952789,0.2724661391056388,0.9689192436047664,0.058587896997778444,268
alpha_sweep,lasso,5,0.012,,8,0.21255869077238237,0.9784504150861191,0.34128455896033827,0.9627083767681919,0.04868137499943259,200
alpha_sweep,lasso,5,0.012,,9,0.22347938609116047,0.9767623380563787,0.3123899493771099,0.9690204933237808,0.07207346599898301,218
alpha_sweep,lasso,5,0.012,,10,0.22540355282421964,0.9761587089718946,0.26084284722889856,0.9760076398099123,0.0908810029977758,280
alpha_sweep,lasso,5,0.012,,11,0.21516170022910847,0.978017625108651,0.3555172694543508,0.9626768857623769,0.05808454199723201,217
alpha_sweep,lasso,5,0.012,,12,0.22251096126632777,0.9767807912490095,0.30062404425526906,0.9710630979701346,0.052832278997811954,251
alpha_sweep,lasso,5,0.012,,13,0.22739220481583455,0.976534112572594,0.25664466675993436,0.9741675110873055,0.06603699500192306,277
alpha_sweep,lasso,5,0.012,,14,0.22297218158113094,0.9768589007316107,0.27925229616602015,0.972543061675518,0.05240250399947399,236
alpha_sweep,lasso,5,0.012,,15,0.22388508764728057,0.9776548254257922,0.30211743687464027,0.9645525613911337,0.08016802599740913,241
alpha_sweep,lasso,5,0.013,,1,0.2174914906016874,0.9783895702663382,0.30767142104219786,0.9619373560705355,0.0842988639997202,232
alpha_sweep,lasso,5,0.013,,2,0.23294277124132093,0.976398181101621,0.2959564453773668,0.9679553097092948,0.09998981800163165,217
alpha_sweep,lasso,5,0.013,,3,0.22373450034419495,0.9762186960494935,0.30481472413559546,0.9724960969092793,0.08012464000057662,267
alpha_sweep,lasso,5,0.013,,4,0.22821697443984454,0.9766042354207521,0.2933290678382706,0.9690901585800056,0.08226568800091627,271
alpha_sweep,lasso,5,0.013,,5,0.22244064404187106,0.9768270484664042,0.31705532643912493,0.9692939950849647,0.054042165000282694,237
alpha_sweep,lasso,5,0.013,,6,0.22840499174079681,0.9766482723439632,0.3021243934522559,0.9682370338366237,0.04585897599827149,215
alpha_sweep,lasso,5,0.013,,7,0.22855208114453046,0.9771218608262019,0.2739095594328769,0.9687545897666269,0.11043288799919537,265
alpha_sweep,lasso,5,0.013,,8,0.21590956551754747,0.978110697337603,0.3441414557533531,0.9623962081803664,0.06805724000150803,197
alpha_sweep,lasso,5,0.013,,9,0.22738232591623408,0.9763565055640505,0.3171507655018214,0.9685483663068463,0.06481976199938799,211
alpha_sweep,lasso,5,0.013,,10,0.22948009731279964,0.9757275264003535,0.25921058617023807,0.9761577754017435,0.07871073899877956,270
alpha_sweep,lasso,5,0.013,,11,0.21873832037329685,0.9776522133984359,0.3595747892922057,0.9622509169292394,0.05351032899852726,202
alpha_sweep,lasso,5,0.013,,12,0.22628040110809636,0.9763874469838002,0.30378587713445265,0.970758752226645,0.045337002997257514,211
alpha_sweep,lasso,5,0.013,,13,0.23130553283524471,0.9761302741259579,0.2579952467129637,0.9740315688832347,0.06665909599905717,270
alpha_sweep,lasso,5,0.013,,14,0.22700749327482492,0.9764400971489374,0.28040497422528526,0.9724297268495712,0.051194118001149036,230
alpha_sweep,lasso,5,0.013,,15,0.22761497924381088,0.9772825582071794,0.3049393578360937,0.9642214654071515,0.048675456000637496,247
alpha_sweep,lasso,5,0.013999999999999999,,1,0.22170545300952482,0.9779708617538215,0.3071351434470225,0.9620037000393168,0.06780540399995516,227
alpha_sweep,lasso,5,0.013999999999999999,,2,0.23670004930045738,0.9760174927641808,0.2992650461567784,0.9675970708909556,0.05276591899746563,211
alpha_sweep,lasso,5,0.013999999999999999,,3,0.2273813606067597,0.9758310620805006,0.30638834162111006,0.9723541069744223,0.07035295899913763,270
alpha_sweep,lasso,5,0.013999999999999999,,4,0.2318880646783161,0.9762278919731219,0.2961142520165141,0.9687966670351361,0.1021764159995655,263
alpha_sweep,lasso,5,0.013999999999999999,,5,0.22632708629450712,0.976422174895091,0.31885957620986743,0.9691192580668215,0.07949107400054345,211
alpha_sweep,lasso,5,0.013999999999999999,,6,0.2320769146703233,0.9762728613532894,0.3049225040891736,0.9679428626428772,0.05873455099936109,213
alpha_sweep,lasso,5,0.013999999999999999,,7,0.23270516482195003,0.9767061357717783,0.2753976788131371,0.9685848370182791,0.05569780800215085,261
alpha_sweep,lasso,5,0.013999999999999999,,8,0.21942619794759266,0.9777541747748849,0.34740171771478645,0.9620399645194369,0.04972859700137633,195
alpha_sweep,lasso,5,0.013999999999999999,,9,0.23138559463884978,0.9759402407493276,0.3226325302551814,0.9680047432866026,0.060024229998816736,206
alpha_sweep,lasso,5,0.013999999999999999,,10,0.2333553738939459,0.9753176322543745,0.25820809372657083,0.9762499847916187,0.062104810000164434,260
alpha_sweep,lasso,5,0.013999999999999999,,11,0.22217058383913454,0.9773015501430722,0.3640018481704244,0.9617861529404125,0.04344926300109364,187
alpha_sweep,lasso,5,0.013999999999999999,,12,0.22994053669292217,0.9760055087111087,0.3068422952373603,0.9704645532997919,0.04716623599961167,207
alpha_sweep,lasso,5,0.013999999999999999,,13,0.23523720714038318,0.9757245424223565,0.2597363793055519,0.9738563157250009,0.06340598599854275,261
alpha_sweep,lasso,5,0.013999999999999999,,14,0.23098964496998645,0.9760268107603572,0.28136343639706923,0.9723354879226282,0.06088491499758675,224
alpha_sweep,lasso,5,0.013999999999999999,,15,0.23126768829332317,0.9769179943041617,0.3080009137275995,0.9638622530570321,0.046077107999735745,199
alpha_sweep,lasso,5,0.015,,1,0.22594362400264514,0.9775497478233744,0.3070279311480916,0.9620169634862279,0.05369832799988217,221
alpha_sweep,lasso,5,0.015,,2,0.24045609872145632,0.9756369289126589,0.30269684057401663,0.9672254932789136,0.10984205699787708,205
alpha_sweep,lasso,5,0.015,,3,0.2311434912835999,0.9754311757286424,0.3084438877431777,0.9721686318747526,0.09301858300023014,229
alpha_sweep,lasso,5,0.015,,4,0.2356760788383906,0.9758395620176946,0.2988415476298212,0.9685092755552053,0.06898947700028657,259
alpha_sweep,lasso,5,0.015,,5,0.23015615773442505,0.9760232779791156,0.32176194146150516,0.9688381713470905,0.04167357799815363,199
alpha_sweep,lasso,5,0.015,,6,0.23559671318411948,0.9759130032973342,0.30674060573706546,0.9677517218334123,0.0871952119996422,218
alpha_sweep,lasso,5,0.015,,7,0.2367314074974961,0.9763031075437378,0.27693227850502633,0.968409782167998,0.08554121799897985,261
alpha_sweep,lasso,5,0.015,,8,0.22316457381514376,0.9773751714609998,0.35084897924314284,0.9616632877119992,0.08950674399966374,196
alpha_sweep,lasso,5,0.015,,9,0.23554466758690853,0.9755077752192567,0.32853522680806974,0.9674193767354938,0.08025151500260108,202
alpha_sweep,lasso,5,0.015,,10,0.23736124947144652,0.9748939244455627,0.2574914255272544,0.9763159040290349,0.07732476399905863,259
alpha_sweep,lasso,5,0.015,,11,0.22578821862583978,0.9769319480995085,0.36856105206853357,0.9613075160286728,0.04814568499932648,173
alpha_sweep,lasso,5,0.015,,12,0.23389378518581203,0.9755929838562496,0.31009691952817464,0.9701512758156816,0.07168610600274405,203
alpha_sweep,lasso,5,0.015,,13,0.23911991438576635,0.9753238639065405,0.2618800407286282,0.9736405461528399,0.052595211996958824,256
alpha_sweep,lasso,5,0.015,,14,0.2350602082982013,0.9756043485976402,0.28165985839572455,0.9723063428067354,0.10625236799751292,221
alpha_sweep,lasso,5,0.015,,15,0.23511511641200536,0.9765339961831743,0.31119571239401816,0.9634874073322468,0.04580465000253753,182
alpha_sweep,lasso,5,0.016,,1,0.23023315868526717,0.9771235302845068,0.3071586327014913,0.9620007941368902,0.047659001997089945,219
alpha_sweep,lasso,5,0.016,,2,0.24434118311727673,0.9752432912057387,0.30666927942053746,0.9667953773800244,0.04967471599957207,202
alpha_sweep,lasso,5,0.016,,3,0.23489116013418646,0.9750328265607467,0.31143017933524353,0.9718991741745653,0.0441358530006255,194
alpha_sweep,lasso,5,0.016,,4,0.2396336149565859,0.9754338534433766,0.3014509454347724,0.9682343076737501,0.07061796399648301,256
alpha_sweep,lasso,5,0.016,,5,0.2339570417512066,0.9756273175129647,0.32462600978948053,0.9685607935873679,0.05388240100000985,193
alpha_sweep,lasso,5,0.016,,6,0.2390878669874711,0.9755560738265733,0.3085561555772231,0.9675608493008044,0.046287633002066286,218
alpha_sweep,lasso,5,0.016,,7,0.24075512369528704,0.9759003322169593,0.27925628743826186,0.9681446778297073,0.08389481499762041,259
alpha_sweep,lasso,5,0.016,,8,0.2268881218960135,0.9769976714149747,0.35423406395206747,0.9612934048671452,0.04474468400076148,194
alpha_sweep,lasso,5,0.016,,9,0.23962400189162253,0.975083601011577,0.3345788280148392,0.9668200367621469,0.04371282899955986,196
alpha_sweep,lasso,5,0.016,,10,0.24158078108633432,0.9744476178990492,0.25768264879416397,0.9762983152872113,0.0809139029988728,255
alpha_sweep,lasso,5,0.016,,11,0.22949431900814332,0.9765533078122174,0.37360162257095253,0.9607783440169353,0.0606807040021522,165
alpha_sweep,lasso,5,0.016,,12,0.23809780491785268,0.9751542908085183,0.3137417460780688,0.9698004389787566,0.08316207000098075,199
alpha_sweep,lasso,5,0.016,,13,0.24304328900113298,0.974918988694858,0.2640783721980713,0.9734192737842076,0.09500646000014967,251
alpha_sweep,lasso,5,0.016,,14,0.2391426680644384,0.975180651766763,0.2825398260595975,0.9722198216994564,0.05201635999765131,221
alpha_sweep,lasso,5,0.016,,15,0.2389010750164107,0.9761561331158518,0.31482050756569196,0.9630621101178694,0.03669379400162143,149
alpha_sweep,lasso,5,0.017,,1,0.23442896078200648,0.9767066262201819,0.3081387755969398,0.9618795387082804,0.05520010399777675,216
alpha_sweep,lasso,5,0.017,,2,0.24825660235684843,0.9748465799649856,0.3107482675823078,0.9663537248518063,0.050163946998509346,200
alpha_sweep,lasso,5,0.017,,3,0.2384913763115874,0.9746501505091294,0.31392463510803886,0.9716740955795806,0.054548300002352335,186
alpha_sweep,lasso,5,0.017,,4,0.24376271925343346,0.9750105564809604,0.30422682279548746,0.9679417968440073,0.07575108599849045,254
alpha_sweep,lasso,5,0.017,,5,0.23775638821298614,0.9752315172229711,0.3276237530998937,0.9682704697443423,0.05122319099973538,188
alpha_sweep,lasso,5,0.017,,6,0.242659824603291,0.9751908831150752,0.3103358825156493,0.9673737429043981,0.04634147800243227,221
alpha_sweep,lasso,5,0.017,,7,0.2447990578117066,0.975495533069816,0.28201337962178735,0.9678301708205184,0.06531314399762778,276
alpha_sweep,lasso,5,0.017,,8,0.23085218283961645,0.9765957877394705,0.35788333705631503,0.9608946545747554,0.05004610700052581,199
alpha_sweep,lasso,5,0.017,,9,0.24394342416476605,0.9746344621610965,0.34103330799861653,0.9661799502095941,0.06845968099878519,194
alpha_sweep,lasso,5,0.017,,10,0.24571684797917787,0.974010139548471,0.2588296770228151,0.9761928114763829,0.07588997399943764,253
alpha_sweep,lasso,5,0.017,,11,0.23321214537347587,0.9761734695191724,0.3787439808059354,0.9602384860681228,0.048211971999990055,159
alpha_sweep,lasso,5,0.017,,12,0.2421849144392086,0.9747277974410705,0.317266653099537,0.9694611451295327,0.10953623100067489,203
alpha_sweep,lasso,5,0.017,,13,0.2471758740744118,0.9744925238730219,0.26659888501542733,0.973165572352455,0.04921417600053246,249
alpha_sweep,lasso,5,0.017,,14,0.24297791295633162,0.9747826120555644,0.2840878721094052,0.9720676130856094,0.05253429000003962,225
alpha_sweep,lasso,5,0.017,,15,0.2427889148316909,0.9757681016471107,0.3187947540484985,0.9625958117814571,0.04403248100061319,140
alpha_sweep,lasso,5,0.018,,1,0.23885676682596668,0.9762666697367233,0.30938138305453056,0.9617258132662417,0.1233021309999458,211
alpha_sweep,lasso,5,0.018,,2,0.25182958754586493,0.9744845642264917,0.3141054831206426,0.9659902222694317,0.06172073200286832,195
alpha_sweep,lasso,5,0.018,,3,0.24226488079271222,0.9742490552069468,0.31644721202852794,0.97144647957003,0.04168758900050307,181
alpha_sweep,lasso,5,0.018,,4,0.24809956703399902,0.9745659626029669,0.30723075755046403,0.967625254240178,0.06507070699808537,250
alpha_sweep,lasso,5,0.018,,5,0.24176950510041562,0.9748134472091405,0.3308954059241138,0.9679536184590191,0.04059553600018262,185
alpha_sweep,lasso,5,0.018,,6,0.24624492485466887,0.9748243487234592,0.3124696987974381,0.9671494103585124,0.0577626810008951,228
alpha_sweep,lasso,5,0.018,,7,0.2490989364938936,0.9750651137866972,0.28504742611798906,0.9674840710800156,0.0933957549968909,301
alpha_sweep,lasso,5,0.018,,8,0.23505812652385535,0.9761693815537852,0.3617982110679678,0.9604668824918715,0.07814644199970644,331
alpha_sweep,lasso,5,0.018,,9,0.24831996097790246,0.9741793844703694,0.347553303922726,0.965533366484149,0.061771635999321006,190
alpha_sweep,lasso,5,0.018,,10,0.24980253740178063,0.9735779897027643,0.2602921136803693,0.976058296355819,0.08096715699866763,254
alpha_sweep,lasso,5,0.018,,11,0.23689186334369583,0.9757975246375802,0.3834314203240264,0.9597463866522937,0.03865753300124197,155
alpha_sweep,lasso,5,0.018,,12,0.2457571505471966,0.974355031553821,0.32012452748995424,0.9691860572487412,0.055450326999562094,195
alpha_sweep,lasso,5,0.018,,13,0.2514943827218567,0.9740468725462436,0.2695141943532372,0.972872132800031,0.061408722998749,236
alpha_sweep,lasso,5,0.018,,14,0.24693903944842127,0.9743715077612166,0.285990152777846,0.9718805750425696,0.04945689600208425,224
alpha_sweep,lasso,5,0.018,,15,0.24674160576197968,0.975373597619159,0.32304784881670273,0.9620967961759588,0.0345767889994022,139
alpha_sweep,lasso,5,0.019,,1,0.24342112062873741,0.975813145569587,0.31059984678095837,0.9615750746932443,0.06070679999902495,204
alpha_sweep,lasso,5,0.019,,2,0.2553442441987194,0.9741284583496336,0.3177505485129501,0.9655955527381196,0.04013134200067725,189
alpha_sweep,lasso,5,0.019,,3,0.2461755049738484,0.9738333851062483,0.3190014743554891,0.9712160045373417,0.05227192199890851,178
alpha_sweep,lasso,5,0.019,,4,0.2525248648118763,0.9741123012341821,0.3106465679664477,0.96726530983011,0.07654998200086993,247
alpha_sweep,lasso,5,0.019,,5,0.24596104297237428,0.9743767900308784,0.33423415778022303,0.9676302688024933,0.04091942199738696,186
alpha_sweep,lasso,5,0.019,,6,0.24986462433657763,0.9744542769669096,0.3149040278016397,0.9668934842847934,0.07299417600006564,237
alpha_sweep,lasso,5,0.019,,7,0.2529314287418004,0.9746814800407649,0.2873129870026002,0.9672256340273077,0.06302623900046456,317
alpha_sweep,lasso,5,0.019,,8,0.23946825847815853,0.9757222743915923,0.36593722470524837,0.9600146190270873,0.09543978399960906,412
alpha_sweep,lasso,5,0.019,,9,0.2526143088401032,0.9737328528880362,0.35422309144652714,0.9648719280238702,0.08328420399993774,181
alpha_sweep,lasso,5,0.019,,10,0.2541555970723458,0.9731175596821711,0.2621179897619644,0.9758903520281232,0.09863320699878386,240
alpha_sweep,lasso,5,0.019,,11,0.24080706259640125,0.9753975213951088,0.38861299118680265,0.9592024120613025,0.047346629999083234,144
alpha_sweep,lasso,5,0.019,,12,0.24929939789510835,0.9739853950192847,0.3227664555935176,0.9689317555181789,0.04323302199918544,202
alpha_sweep,lasso,5,0.019,,13,0.2558696398415422,0.9735953650237247,0.2728049172285674,0.9725409061150392,0.07271975500043482,226
alpha_sweep,lasso,5,0.019,,14,0.25104614985341234,0.9739452525713801,0.2880654004591245,0.9716765303547544,0.07088439699873561,278
alpha_sweep,lasso,5,0.019,,15,0.25082360487472466,0.9749661878012718,0.3274731384458925,0.961577576947569,0.03572149200044805,138
alpha_sweep,lasso,5,0.02,,1,0.24811661859696024,0.9753465906316163,0.31191749291709586,0.9614120660669151,0.05403247800131794,197
alpha_sweep,lasso,5,0.02,,2,0.25890701797204035,0.9737674772342904,0.3215812432848446,0.9651807841818645,0.05229321699880529,184
alpha_sweep,lasso,5,0.02,,3,0.25009455020325644,0.9734168199111043,0.3217268165865179,0.9709700927008194,0.04122656699837535,176
alpha_sweep,lasso,5,0.02,,4,0.25672684958708386,0.9736815328971309,0.31399581417100575,0.9669123796898333,0.07463011200161418,244
alpha_sweep,lasso,5,0.02,,5,0.2499290525727848,0.9739634191087108,0.3372039959077551,0.9673426475057151,0.08895998799926019,181
alpha_sweep,lasso,5,0.02,,6,0.2535642035654669,0.9740760384444652,0.3172769081388605,0.9666440184373004,0.1049642270008917,251
alpha_sweep,lasso,5,0.02,,7,0.25675119938290564,0.9742991197318954,0.29013674155788843,0.9669035227082977,0.0978951600009168,362
alpha_sweep,lasso,5,0.02,,8,0.24397188222208332,0.9752656888624981,0.37040363604952076,0.9595265813333917,0.09235615099896677,438
alpha_sweep,lasso,5,0.02,,9,0.2566542049146623,0.973312779516125,0.3607997973656259,0.9642197204053649,0.05461716599893407,172
alpha_sweep,lasso,5,0.02,,10,0.25873300700291535,0.9726333997790007,0.2640327022182741,0.9757142365187265,0.04686891300298157,229
alpha_sweep,lasso,5,0.02,,11,0.24489237288883928,0.9749801384579958,0.39416523645937107,0.958619523120629,0.045799333001923515,140
alpha_sweep,lasso,5,0.02,,12,0.2529483807130745,0.9736046205473353,0.32536218059722644,0.9686819011184256,0.04807998999967822,242
alpha_sweep,lasso,5,0.02,,13,0.26041153700091807,0.9731266609732271,0.2768280875016971,0.9721359551655939,0.061568034998344956,218
alpha_sweep,lasso,5,0.02,,14,0.2550179088629311,0.9735330447844821,0.2907663489132336,0.9714109648566717,0.05899278400102048,296
alpha_sweep,lasso,5,0.02,,15,0.2549110711712028,0.9745582323232147,0.33164806408812253,0.9610877329255539,0.035629326001071604,128
alpha_sweep,lasso,5,0.020999999999999998,,1,0.2528934045473461,0.9748719587421204,0.3137255054509791,0.9611883932374268,0.05114993199822493,202
alpha_sweep,lasso,5,0.020999999999999998,,2,0.26231579368209124,0.9734220992406094,0.3251459811624254,0.9647948121138834,0.073996499999339,180
alpha_sweep,lasso,5,0.020999999999999998,,3,0.2541144609056304,0.9729895334706136,0.32469946070279077,0.9707018664334399,0.06102794499747688,177
alpha_sweep,lasso,5,0.020999999999999998,,4,0.26101973563345743,0.9732414457758595,0.31773432142830593,0.9665184307800909,0.05202221500076121,240
alpha_sweep,lasso,5,0.020999999999999998,,5,0.2537782137751936,0.973562429323896,0.34040286190193103,0.9670328454404324,0.051722209002036834,179
alpha_sweep,lasso,5,0.020999999999999998,,6,0.2573038475774487,0.9736937037685338,0.319510658221273,0.9664091796430065,0.08309932799966191,272
alpha_sweep,lasso,5,0.020999999999999998,,7,0.26069016986439064,0.9739048274794442,0.29320586918625063,0.9665534211930191,0.14079374699940672,423
alpha_sweep,lasso,5,0.020999999999999998,,8,0.24856900452140707,0.9747996242805759,0.3750579480634552,0.959018012031119,0.08041816900004051,465
alpha_sweep,lasso,5,0.020999999999999998,,9,0.26042321691663634,0.9729208730038724,0.36737076906489863,0.963568081445684,0.041144171002088115,167
alpha_sweep,lasso,5,0.020999999999999998,,10,0.26336303067781636,0.9721436748367038,0.2661000122350105,0.9755240850651864,0.0516006110010494,242
alpha_sweep,lasso,5,0.020999999999999998,,11,0.24898241335873444,0.9745622722539535,0.3995363418401727,0.9580556507101055,0.04048488100306713,134
alpha_sweep,lasso,5,0.020999999999999998,,12,0.2567576106958685,0.9732071241469438,0.32818333891378115,0.9684103473841955,0.07045222300075693,301
alpha_sweep,lasso,5,0.020999999999999998,,13,0.26502783254800155,0.9726502793324086,0.281408918534724,0.9716748730462359,0.049806038001406705,234
alpha_sweep,lasso,5,0.020999999999999998,,14,0.2588915326536196,0.9731310219310791,0.2934036712863691,0.9711516552691226,0.05610314200021094,291
alpha_sweep,lasso,5,0.020999999999999998,,15,0.2587704649365829,0.9741730399535742,0.3358963281403993,0.9605892841079512,0.03852301000006264,127
alpha_sweep,lasso,5,0.022,,1,0.257688380809285,0.9743955194235221,0.3158518413198331,0.9609253399945338,0.043453434998809826,204
alpha_sweep,lasso,5,0.022,,2,0.2657738018522789,0.9730717330019536,0.3287821483288566,0.9644011060381635,0.04782703900127672,173
alpha_sweep,lasso,5,0.022,,3,0.2581734859089177,0.9725580894724936,0.3279763696073031,0.9704061858845346,0.04274599900236353,173
alpha_sweep,lasso,5,0.022,,4,0.26534097709517285,0.9727984517865801,0.32176940366286205,0.9660932299880046,0.09231831700162729,237
alpha_sweep,lasso,5,0.022,,5,0.25758475103938466,0.9731658799256785,0.34365756715389617,0.9667176354845353,0.05835521500193863,175
alpha_sweep,lasso,5,0.022,,6,0.26108245208532244,0.9733073858395112,0.3216042252533681,0.9661890785844943,0.048952926001220476,264
alpha_sweep,lasso,5,0.022,,7,0.2647388413619061,0.973499554118881,0.29638991514628077,0.9661902107142427,0.07974716500029899,468
alpha_sweep,lasso,5,0.022,,8,0.2528094590838542,0.974369719319575,0.3798446090704659,0.9584949811639869,0.10429427700000815,481
alpha_sweep,lasso,5,0.022,,9,0.26422245474560613,0.9725258235728838,0.373972556112062,0.9629133865481356,0.06128008099767612,163
alpha_sweep,lasso,5,0.022,,10,0.2676907111090038,0.9716859292184835,0.2676361930432033,0.9753827869477228,0.055156853999505984,282
alpha_sweep,lasso,5,0.022,,11,0.25293877249106006,0.9741580638397284,0.40474658410590825,0.9575086661217388,0.03400120099831838,129
alpha_sweep,lasso,5,0.022,,12,0.26061634337895995,0.972804462097519,0.3312820380975549,0.968112078644837,0.059468502000527224,322
alpha_sweep,lasso,5,0.022,,13,0.2698697765583763,0.9721506117507108,0.28628073218654876,0.9711845021621092,0.05428446299993084,268
alpha_sweep,lasso,5,0.022,,14,0.26294114192103235,0.972710734479116,0.296259528619634,0.9708708586570999,0.05749608399855788,271
alpha_sweep,lasso,5,0.022,,15,0.26249775061859465,0.9738010328220241,0.3400603452708846,0.9601007199816098,0.034306617999391165,127
alpha_sweep,lasso,5,0.023,,1,0.26247338728845654,0.9739200707243238,0.318353266004552,0.9606158837676009,0.04210725400116644,208
alpha_sweep,lasso,5,0.023,,2,0.2693072626627194,0.972713721883222,0.33243612981026927,0.9640054711171179,0.04209235400048783,166
alpha_sweep,lasso,5,0.023,,3,0.26222680908105933,0.9721272515363771,0.3314845633595184,0.9700896361467947,0.0511767800016969,172
alpha_sweep,lasso,5,0.023,,4,0.26966926011342063,0.9723547359290028,0.32561094779630984,0.9656884234652557,0.08926316699944437,235
alpha_sweep,lasso,5,0.023,,5,0.26156412406978113,0.9727513252081057,0.34706959765771217,0.9663871889766746,0.05031318700275733,165
alpha_sweep,lasso,5,0.023,,6,0.26499548692706204,0.9729073239878132,0.323900407796878,0.9659476761356518,0.0829631189990323,297
alpha_sweep,lasso,5,0.023,,7,0.2689657861862619,0.9730764355391363,0.2998220744352757,0.9657986974527378,0.09388553000098909,436
alpha_sweep,lasso,5,0.023,,8,0.25684783616431067,0.9739603013395651,0.3844193305810329,0.9579951085899618,0.09250844100097311,498
alpha_sweep,lasso,5,0.023,,9,0.26815514459954515,0.9721168976358953,0.38094975154019184,0.962221462647325,0.06034771299891872,160
alpha_sweep,lasso,5,0.023,,10,0.2716947379685673,0.971262416951498,0.2692610839615772,0.975233329262387,0.09569165499851806,330
alpha_sweep,lasso,5,0.023,,11,0.25700194083030614,0.9737429430743465,0.41038033364777315,0.9569172206539563,0.03600536999874748,124
alpha_sweep,lasso,5,0.023,,12,0.2644148603716363,0.9724080836067913,0.33420558086606106,0.9678306697812115,0.07009314499737229,317
alpha_sweep,lasso,5,0.023,,13,0.27441300503334654,0.9716817703142289,0.2910132342616764,0.9707081536412986,0.05826327500108164,316
alpha_sweep,lasso,5,0.023,,14,0.2670027097323947,0.9722892059133481,0.29932015444281546,0.9705699285819844,0.05129781399955391,251
alpha_sweep,lasso,5,0.023,,15,0.26621894945980384,0.9734296331964127,0.34419096070613475,0.9596160748761418,0.03570757700072136,132
alpha_sweep,lasso,5,0.024,,1,0.26727141743669747,0.9734433279649096,0.3211874101585721,0.9602652661528291,0.08150498500253889,224
alpha_sweep,lasso,5,0.024,,2,0.27274434730507296,0.9723654756215546,0.3357023260153727,0.9636518236549456,0.04046485399885569,152
alpha_sweep,lasso,5,0.024,,3,0.2664555522765219,0.9716777677638466,0.33524539269899944,0.9697502907100308,0.041034329999092733,172
alpha_sweep,lasso,5,0.024,,4,0.2740765743786472,0.9719029181480112,0.3297810219223347,0.9652489977687335,0.05891537800198421,234
alpha_sweep,lasso,5,0.024,,5,0.2657062083489635,0.9723198199017665,0.350582330213214,0.9660469897302975,0.03902720800033421,163
alpha_sweep,lasso,5,0.024,,6,0.26907207295717084,0.9724905409481083,0.3264403883901833,0.9656806426905237,0.06609180300074513,342
alpha_sweep,lasso,5,0.024,,7,0.2733316993490786,0.9726394061825911,0.3035001368094899,0.9653791335354207,0.07279138200101443,402
alpha_sweep,lasso,5,0.024,,8,0.26097760577718465,0.97354161781915,0.38877660162832867,0.9575189964836608,0.09236335399691598,512
alpha_sweep,lasso,5,0.024,,9,0.2720710506200076,0.9717097169025932,0.3878363864111914,0.9615385195776514,0.04731623999759904,155
alpha_sweep,lasso,5,0.024,,10,0.27560626019433243,0.9708486890462413,0.27065454695608593,0.975105158348632,0.06385532800049987,381
alpha_sweep,lasso,5,0.024,,11,0.2611262947908954,0.9733215711719598,0.4158226995118482,0.9563458671352382,0.0341726180013211,124
alpha_sweep,lasso,5,0.024,,12,0.2680502446182613,0.9720287281573695,0.3370217987418431,0.9675595915946075,0.057710199002031004,318
alpha_sweep,lasso,5,0.024,,13,0.2788704267266278,0.9712217837647528,0.29542914356225647,0.9702636716674986,0.07036496900036582,357
alpha_sweep,lasso,5,0.024,,14,0.2711957679279937,0.9718540306585051,0.30259738385786017,0.9702477013804198,0.10658202799822902,231
alpha_sweep,lasso,5,0.024,,15,0.2700121058925612,0.9730510517394344,0.34845521363996285,0.9591157500830804,0.07528921400080435,154
alpha_sweep,lasso,5,0.025,,1,0.27193947189066575,0.9729794998744804,0.3243772255903194,0.9598706477363118,0.054541405999771086,235
alpha_sweep,lasso,5,0.025,,2,0.2762080033894472,0.9720145371348438,0.3388029652682553,0.9633161018752252,0.03597278199958964,147
alpha_sweep,lasso,5,0.025,,3,0.27085978583935605,0.9712096306778556,0.3392237829050909,0.9693913144204316,0.04826013600177248,172
alpha_sweep,lasso,5,0.025,,4,0.2785824421811365,0.9714409971073393,0.33408085518260605,0.9647958985747569,0.05042301499997848,226
alpha_sweep,lasso,5,0.025,,5,0.26999010745741187,0.9718735409097123,0.35425865024202785,0.9656909474516775,0.043507446000148775,161
alpha_sweep,lasso,5,0.025,,6,0.27327775894160156,0.972060558954428,0.32906738053114426,0.9654044615403313,0.06773744500242174,398
alpha_sweep,lasso,5,0.025,,7,0.2777254127010451,0.9721995940178859,0.30745644575135045,0.9649278294766857,0.06487196299713105,369
alpha_sweep,lasso,5,0.025,,8,0.26454018964224324,0.973180436616754,0.3918757560936297,0.957180356783672,0.0905297969984531,492
alpha_sweep,lasso,5,0.025,,9,0.27608340564552963,0.9712925072828977,0.3947101678870179,0.9608568511707585,0.037591315998724895,153
alpha_sweep,lasso,5,0.025,,10,0.27962371851548157,0.9704237561122759,0.2722134835798945,0.9749617671481858,0.06936888900236227,380
alpha_sweep,lasso,5,0.025,,11,0.2653999021608002,0.9728849505315594,0.4214087809834474,0.9557594259836587,0.0339780710019113,125
alpha_sweep,lasso,5,0.025,,12,0.27183490925081344,0.9716337951722456,0.3400299599761374,0.9672700376863616,0.0580884139999398,317
alpha_sweep,lasso,5,0.025,,13,0.2833454909691091,0.970759976580863,0.29989524857371525,0.9698141372600707,0.06651458399937837,354
alpha_sweep,lasso,5,0.025,,14,0.2753776194638456,0.9714200184833961,0.3058578452693936,0.9699271228601537,0.04601498700139928,217
alpha_sweep,lasso,5,0.025,,15,0.27392482930015555,0.9726605367278182,0.352998072573591,0.9585827364483018,0.06984213900068426,185
alpha_sweep,lasso,5,0.026,,1,0.27629625703396826,0.9725466001828946,0.3280003093801153,0.9594224288287821,0.05788128899803269,260
alpha_sweep,lasso,5,0.026,,2,0.27971216233659446,0.9716594948881109,0.3417401468006448,0.9629980784835974,0.0361551909991249,146
alpha_sweep,lasso,5,0.026,,3,0.2752356229284423,0.9707445119246308,0.34309149311887666,0.9690423249573911,0.0462419260002207,171
alpha_sweep,lasso,5,0.026,,4,0.2827289862716848,0.9710159122967197,0.3383502280376975,0.9643460091761841,0.056638887002918636,221
alpha_sweep,lasso,5,0.026,,5,0.2743059178506937,0.9714239375312359,0.35818704337575885,0.9653104925316253,0.03932871299912222,160
alpha_sweep,lasso,5,0.026,,6,0.2775816072557603,0.9716205410155067,0.33173000294243465,0.9651245345056776,0.07773088899921277,411
alpha_sweep,lasso,5,0.026,,7,0.28211215455740635,0.9717604797022045,0.31161804785689845,0.9644531072169545,0.06670383999880869,336
alpha_sweep,lasso,5,0.026,,8,0.26805534904988737,0.9728240633917139,0.3948772958212541,0.9568523832914669,0.0814096049980435,446
alpha_sweep,lasso,5,0.026,,9,0.2800886550875481,0.9708760365105307,0.4014028894700188,0.9601931383548498,0.039422592002665624,149
alpha_sweep,lasso,5,0.026,,10,0.2837064441284722,0.9699919197534094,0.2739292879812013,0.9748039472284555,0.06769262400121079,377
alpha_sweep,lasso,5,0.026,,11,0.26962394669754547,0.9724533935654933,0.4267131461615339,0.95520256013069,0.0344220619990665,124
alpha_sweep,lasso,5,0.026,,12,0.2757381523543919,0.9712264884224474,0.34323565247344384,0.9669614701865056,0.05553607799811289,316
alpha_sweep,lasso,5,0.026,,13,0.2877591104430865,0.9703045102300809,0.30425150530939854,0.9693756595965911,0.07215610899947933,361
alpha_sweep,lasso,5,0.026,,14,0.27951652851677233,0.9709904630806664,0.3090230758031809,0.9696159077305302,0.047362274999613874,214
alpha_sweep,lasso,5,0.026,,15,0.2778091454940579,0.9722728569391985,0.3572149726573258,0.9580879675651012,0.08597469800224644,209
alpha_sweep,lasso,5,0.027,,1,0.28037223702416475,0.9721416019048918,0.3316466950818668,0.9589713271953412,0.06047240400221199,286
alpha_sweep,lasso,5,0.027,,2,0.2832526706945962,0.9713007697101264,0.344610422825951,0.9626872992871434,0.03540904699912062,142
alpha_sweep,lasso,5,0.027,,3,0.2793444827702031,0.9703077708559239,0.3468105391740697,0.968706749690868,0.0592536249969271,162
alpha_sweep,lasso,5,0.027,,4,0.28696917372401254,0.970581227595242,0.3426896944271286,0.9638887336019178,0.08001234499897691,220
alpha_sweep,lasso,5,0.027,,5,0.27882750558422614,0.9709528971156888,0.36236154750389565,0.9649062023854352,0.04621342700193054,155
alpha_sweep,lasso,5,0.027,,6,0.28191286109854713,0.971177721183177,0.334606274375287,0.9648221461048124,0.06940309699712088,399
alpha_sweep,lasso,5,0.027,,7,0.2866853494863215,0.9713027013720807,0.316128266818778,0.9639386175364993,0.06229256300139241,303
alpha_sweep,lasso,5,0.027,,8,0.2716896896797931,0.97245560735858,0.3980570140046103,0.9565049405216027,0.07840700199813,402
alpha_sweep,lasso,5,0.027,,9,0.2839707760770629,0.9704723687863774,0.40791680565333854,0.9595471575533168,0.03802489600275294,147
alpha_sweep,lasso,5,0.027,,10,0.2879377078381669,0.9695443722846339,0.2758250426371901,0.9746295754600834,0.06462097000257927,373
alpha_sweep,lasso,5,0.027,,11,0.2736834411675796,0.9720386481474443,0.4318065975713054,0.9546678365457502,0.03729693099739961,124
alpha_sweep,lasso,5,0.027,,12,0.27976282819675835,0.9708065100626977,0.34658747477374446,0.966638836799793,0.056986289000633406,315
alpha_sweep,lasso,5,0.027,,13,0.2922195557885221,0.9698442116528414,0.30883349492834244,0.9689144608601289,0.07285850599873811,362
alpha_sweep,lasso,5,0.027,,14,0.28357142668162394,0.9705696267221097,0.3118559006630863,0.969337375741607,0.053919915000733454,179
alpha_sweep,lasso,5,0.027,,15,0.28181971619589774,0.9718725761370399,0.3615142821181507,0.9575835295897573,0.05103965699890978,225
alpha_sweep,lasso,5,0.028,,1,0.28460818477176475,0.9717207088809775,0.33553462634827697,0.9584903434792901,0.05920677600079216,327
alpha_sweep,lasso,5,0.028,,2,0.28684653948045985,0.9709366380404614,0.34758365983989037,0.9623653719874995,0.033704117999150185,143
alpha_sweep,lasso,5,0.028,,3,0.28322642740487697,0.9698951491765039,0.35046392407576676,0.9683770991315837,0.041944979999243515,153
alpha_sweep,lasso,5,0.028,,4,0.29124432652443266,0.9701429584055621,0.34707966537861823,0.963426136059339,0.04692214099850389,217
alpha_sweep,lasso,5,0.028,,5,0.28344384575145104,0.9704719857812586,0.3665902467386002,0.96449666358051,0.043026380000810605,153
alpha_sweep,lasso,5,0.028,,6,0.28613845115763115,0.9707457042316483,0.33734566970884716,0.9645341477730864,0.10918699900139472,388
alpha_sweep,lasso,5,0.028,,7,0.29140052659757537,0.9708307105783843,0.32084974725338566,0.9634000288381216,0.06468548300108523,268
alpha_sweep,lasso,5,0.028,,8,0.2754570723107342,0.972073663286505,0.40149571529711686,0.9561291990775787,0.07327007700223476,356
alpha_sweep,lasso,5,0.028,,9,0.2879744141328999,0.9700560655679311,0.4146376299242137,0.9588806578122577,0.04246852900178055,145
alpha_sweep,lasso,5,0.028,,10,0.29199332680035944,0.9691154030391839,0.27802143492196413,0.9744275510021585,0.07885479400283657,372
alpha_sweep,lasso,5,0.028,,11,0.27783809216338845,0.9716141808949764,0.43699802820631944,0.9541228268505961,0.04184297099709511,125
alpha_sweep,lasso,5,0.028,,12,0.28387887559287384,0.9703769970033164,0.35003949235908927,0.9663065590043826,0.11015864999717451,310
alpha_sweep,lasso,5,0.028,,13,0.2966550707461479,0.9693864857832913,0.3136537840419535,0.9684292761623311,0.0592657679990225,360
alpha_sweep,lasso,5,0.028,,14,0.28733509043306577,0.970179016037551,0.3138617304407199,0.9691401564340131,0.03773600900240126,170
alpha_sweep,lasso,5,0.028,,15,0.28601284980262676,0.9714540743804471,0.3657883569006659,0.9570820523991979,0.06823702600013348,238
alpha_sweep,lasso,5,0.029,,1,0.2890051076941471,0.9712838210119598,0.33962389122092373,0.9579844523820488,0.06703241200011689,383
alpha_sweep,lasso,5,0.029,,2,0.2903997672686443,0.9705766241266811,0.35058135028770154,0.9620407969917935,0.03404135600067093,142
alpha_sweep,lasso,5,0.029,,3,0.28706689967143856,0.9694869356996191,0.3540492866765149,0.9680535863295178,0.03805414000089513,147
alpha_sweep,lasso,5,0.029,,4,0.2953468445417846,0.9697223869474062,0.35133590404192205,0.962977630689251,0.051740148999670055,217
alpha_sweep,lasso,5,0.029,,5,0.288190860246245,0.9699774613327661,0.3707860140603425,0.9640903141479024,0.035327279001649003,152
alpha_sweep,lasso,5,0.029,,6,0.2902728354495692,0.9703230119985455,0.3400417614625151,0.9642507020368234,0.06913071199960541,379
alpha_sweep,lasso,5,0.029,,7,0.2962257426879624,0.9703477048463572,0.3256627855167181,0.96285099595545,0.042788293001649436,233
alpha_sweep,lasso,5,0.029,,8,0.2793596055719039,0.9716780173988434,0.4050499591478893,0.9557408324812089,0.05611946699718828,316
alpha_sweep,lasso,5,0.029,,9,0.2919768024209393,0.9696398923018804,0.4214317523193266,0.9582068891442256,0.03805623999869567,141
alpha_sweep,lasso,5,0.029,,10,0.29608013337539807,0.9686831350304935,0.280389644142176,0.9742097227993902,0.06384960700233933,371
alpha_sweep,lasso,5,0.029,,11,0.2819781315204516,0.9711912064663722,0.44220865136526405,0.953575802275084,0.03330898600324872,124
alpha_sweep,lasso,5,0.029,,12,0.28808535779155064,0.9699380469950896,0.3537873980612376,0.9659458001689112,0.05493744399791467,301
alpha_sweep,lasso,5,0.029,,13,0.3012569054334922,0.9689115964403598,0.31871417282008474,0.9679199243076624,0.0892115089991421,360
alpha_sweep,lasso,5,0.029,,14,0.2912655709255081,0.9697710923288484,0.31613518224378967,0.9689166237118203,0.03889954099940951,161
alpha_sweep,lasso,5,0.029,,15,0.29028268577863,0.9710279172330923,0.37011270323648887,0.9565746768473321,0.050524389000202063,247
alpha_sweep,lasso,5,0.03,,1,0.2934518404966744,0.9708419839244142,0.34383187414947025,0.957463874437799,0.07558716399944387,419
alpha_sweep,lasso,5,0.03,,2,0.29403286948986385,0.9702085173156924,0.3536086008294393,0.9617130213763017,0.03502345900051296,143
alpha_sweep,lasso,5,0.03,,3,0.29098826187411947,0.969070124227546,0.357724131943664,0.9677219993683311,0.037790532001963584,140
alpha_sweep,lasso,5,0.03,,4,0.2995915942242617,0.9692872345468767,0.3557553286545874,0.9625119294379164,0.05056879299809225,214
alpha_sweep,lasso,5,0.03,,5,0.2930960309692744,0.969466460818816,0.3751527703147984,0.9636674048704649,0.03856120799900964,152
alpha_sweep,lasso,5,0.03,,6,0.2944517134133491,0.969895770810101,0.34297774913068624,0.9639420355438778,0.06934474800073076,369
alpha_sweep,lasso,5,0.03,,7,0.3012168860582718,0.9698480897385425,0.3308241217600337,0.9622622320269157,0.042052051998325624,200
alpha_sweep,lasso,5,0.03,,8,0.28332369246164096,0.9712761310928731,0.4085800315371445,0.9553551070621564,0.05092382899965742,285
alpha_sweep,lasso,5,0.03,,9,0.2961129011358301,0.9692098156608837,0.4284723425087421,0.9575086784264595,0.0420240819985338,138
alpha_sweep,lasso,5,0.03,,10,0.3002277043141147,0.9682444398787504,0.28278739787156054,0.9739891770886925,0.06219800100006978,361
alpha_sweep,lasso,5,0.03,,11,0.28604553289938023,0.9707756532250194,0.44772854558638686,0.952996309630716,0.03584028700061026,123
alpha_sweep,lasso,5,0.03,,12,0.29232066709652044,0.9694960888537133,0.3577667415312359,0.9655627640334624,0.04950232400005916,284
alpha_sweep,lasso,5,0.03,,13,0.30572866732456055,0.9684501300447859,0.3236156420985276,0.9674265684456849,0.0667384000007587,350
alpha_sweep,lasso,5,0.03,,14,0.2952949309341321,0.9693529064399791,0.31865843703982233,0.9686685295967036,0.053414658999827225,160
alpha_sweep,lasso,5,0.03,,15,0.29456976709762434,0.9706000388893695,0.37457421392769547,0.9560512078017669,0.053070974001457216,265
