candidate_key,model,degree,alpha,l1_ratio,fold,train_mse,train_r2,validation_mse,validation_r2,fit_seconds,iterations,n_splits,n_repeats,random_state
ridge|degree=1|alpha=1e-08|l1=none,ridge,1,1e-08,,1,35.58596927120239,0.26148868059691366,32.112311392918656,0.30164196103636554,0.003853095000522444,,5,3,2026
ridge|degree=1|alpha=1e-08|l1=none,ridge,1,1e-08,,2,36.30934888226961,0.25594883216643116,29.18844512591302,0.33143924805257696,0.0026197650004178286,,5,3,2026
ridge|degree=1|alpha=1e-08|l1=none,ridge,1,1e-08,,3,34.25800023468437,0.2819153977300558,37.48513970627845,0.2159978145473077,0.0026422650007589255,,5,3,2026
ridge|degree=1|alpha=1e-08|l1=none,ridge,1,1e-08,,4,34.209092538903064,0.27911138477979214,37.83035395061666,0.23123220742380013,0.0027210670014028437,,5,3,2026
ridge|degree=1|alpha=1e-08|l1=none,ridge,1,1e-08,,5,33.880901875821785,0.2762783238343006,39.124213247916636,0.23718403091046536,0.003137477997370297,,5,3,2026
ridge|degree=1|alpha=1e-08|l1=none,ridge,1,1e-08,,6,36.460697684011514,0.27677251814307324,28.7133268495346,0.23112945941968,0.0026307649968657643,,5,3,2026
ridge|degree=1|alpha=1e-08|l1=none,ridge,1,1e-08,,7,34.515858612719526,0.25795525706222444,36.60510381025028,0.30692402050851086,0.004210703998978715,,5,3,2026
ridge|degree=1|alpha=1e-08|l1=none,ridge,1,1e-08,,8,34.51814877443758,0.2751817085408633,36.417593608937814,0.24699449558767084,0.0026938669980154373,,5,3,2026
ridge|degree=1|alpha=1e-08|l1=none,ridge,1,1e-08,,9,36.05524240734224,0.2625463995142696,30.302359701189236,0.2955235542666964,0.0027745689985749777,,5,3,2026
ridge|degree=1|alpha=1e-08|l1=none,ridge,1,1e-08,,10,32.55534444265285,0.2851414848977589,44.95186621055307,0.20815384615601762,0.003095077001489699,,5,3,2026
ridge|degree=1|alpha=1e-08|l1=none,ridge,1,1e-08,,11,33.124286784543926,0.25936540913181505,42.239691769686395,0.2974519051277996,0.003538986999046756,,5,3,2026
ridge|degree=1|alpha=1e-08|l1=none,ridge,1,1e-08,,12,35.79277403905987,0.2561227040859425,31.3885053664517,0.3243550217218668,0.0038651960021525156,,5,3,2026
ridge|degree=1|alpha=1e-08|l1=none,ridge,1,1e-08,,13,36.010805198369574,0.28261116169861045,30.531255523360905,0.1941219738288411,0.003047674999834271,,5,3,2026
ridge|degree=1|alpha=1e-08|l1=none,ridge,1,1e-08,,14,33.29414493564734,0.2667053695394638,41.31480900910225,0.27782093299460897,0.002739067997026723,,5,3,2026
ridge|degree=1|alpha=1e-08|l1=none,ridge,1,1e-08,,15,35.9303767998843,0.28904788864316133,31.079387073524757,0.1499057838474298,0.0043801089996122755,,5,3,2026
lasso|degree=1|alpha=0.01|l1=none,lasso,1,0.01,,1,35.58630378290155,0.2614817385160496,32.11666553689402,0.3015472698940559,0.004676316002587555,4,5,3,2026
lasso|degree=1|alpha=0.01|l1=none,lasso,1,0.01,,2,36.309690204443896,0.25594183779252466,29.199558469906204,0.33118469713063914,0.003493886997603113,4,5,3,2026
lasso|degree=1|alpha=0.01|l1=none,lasso,1,0.01,,3,34.25832060915627,0.2819086823358804,37.46590035816572,0.21640020576380736,0.004223603998980252,4,5,3,2026
lasso|degree=1|alpha=0.01|l1=none,lasso,1,0.01,,4,34.209419271256046,0.2791044995450196,37.84246780996663,0.23098603618986957,0.003063775999180507,4,5,3,2026
lasso|degree=1|alpha=0.01|l1=none,lasso,1,0.01,,5,33.88121754235281,0.2762715809585715,39.12148791462883,0.23723716751259594,0.004057501002534991,4,5,3,2026
lasso|degree=1|alpha=0.01|l1=none,lasso,1,0.01,,6,36.461012230406595,0.2767662788604568,28.691883010754456,0.23170367138757242,0.005220930001087254,4,5,3,2026
lasso|degree=1|alpha=0.01|l1=none,lasso,1,0.01,,7,34.51619603207739,0.2579480029978398,36.641793973149355,0.30622933403198027,0.0033027820027200505,4,5,3,2026
lasso|degree=1|alpha=0.01|l1=none,lasso,1,0.01,,8,34.518480799015876,0.27517473662909775,36.40704391914139,0.24721263121112402,0.0034224840019305702,4,5,3,2026
lasso|degree=1|alpha=0.01|l1=none,lasso,1,0.01,,9,36.055570707476974,0.26253968464840727,30.316593484103734,0.2951926439053969,0.004032699998788303,4,5,3,2026
lasso|degree=1|alpha=0.01|l1=none,lasso,1,0.01,,10,32.555670929213726,0.2851343158230002,44.9387461329465,0.20838496187749267,0.005836244999954943,4,5,3,2026
lasso|degree=1|alpha=0.01|l1=none,lasso,1,0.01,,11,33.12461281233388,0.2593581193911968,42.269304852490976,0.2969593680368311,0.004382107999845175,4,5,3,2026
lasso|degree=1|alpha=0.01|l1=none,lasso,1,0.01,,12,35.793110201431475,0.25611571766025487,31.397773625057425,0.32415552027026107,0.003282481000496773,4,5,3,2026
lasso|degree=1|alpha=0.01|l1=none,lasso,1,0.01,,13,36.01112219474173,0.2826048466590573,30.532937286647655,0.19407758338191117,0.0036364900006446987,4,5,3,2026
lasso|degree=1|alpha=0.01|l1=none,lasso,1,0.01,,14,33.29446704063261,0.26669827526337997,41.323379805005516,0.277671116269387,0.004756217997055501,4,5,3,2026
lasso|degree=1|alpha=0.01|l1=none,lasso,1,0.01,,15,35.930714100018555,0.28904121450656806,31.030202488561173,0.15125109773996237,0.0032746809993113857,4,5,3,2026
elastic_net|degree=1|alpha=0.01|l1=0.1,elastic_net,1,0.01,0.1,1,35.58722487398271,0.26146262322416425,32.11271487158669,0.3016331864399834,0.0032345799991162494,4,5,3,2026
elastic_net|degree=1|alpha=0.01|l1=0.1,elastic_net,1,0.01,0.1,2,36.31059984613459,0.25592319741523595,29.212408180842132,0.33089037475859884,0.0035507880020304583,4,5,3,2026
elastic_net|degree=1|alpha=0.01|l1=0.1,elastic_net,1,0.01,0.1,3,34.25927123369626,0.2818887562211033,37.4675721228502,0.2163652407836455,0.0036729909988935106,4,5,3,2026
elastic_net|degree=1|alpha=0.01|l1=0.1,elastic_net,1,0.01,0.1,4,34.21037729674848,0.2790843110623872,37.82453688200537,0.23135041871522521,0.00420950400075526,4,5,3,2026
elastic_net|degree=1|alpha=0.01|l1=0.1,elastic_net,1,0.01,0.1,5,33.88211640577261,0.2762523805564333,39.127390427689726,0.2371220845282539,0.0035443879969534464,4,5,3,2026
elastic_net|degree=1|alpha=0.01|l1=0.1,elastic_net,1,0.01,0.1,6,36.46197220366195,0.2767472370130918,28.682213775815743,0.23196258913448775,0.0032255799997074064,4,5,3,2026
elastic_net|degree=1|alpha=0.01|l1=0.1,elastic_net,1,0.01,0.1,7,34.51705572831643,0.2579295206798462,36.645462656690604,0.30615987168454417,0.0039141970009950455,4,5,3,2026
elastic_net|degree=1|alpha=0.01|l1=0.1,elastic_net,1,0.01,0.1,8,34.51944762331498,0.2751544350787105,36.4054736060916,0.247245100527544,0.0040576010032964405,4,5,3,2026
elastic_net|degree=1|alpha=0.01|l1=0.1,elastic_net,1,0.01,0.1,9,36.05647281087417,0.26252123353412116,30.310102715514645,0.29534354283309794,0.003218579000531463,4,5,3,2026
elastic_net|degree=1|alpha=0.01|l1=0.1,elastic_net,1,0.01,0.1,10,32.55662770721729,0.28511330664878887,44.938772697558264,0.2083844939306102,0.003742292999959318,4,5,3,2026
elastic_net|degree=1|alpha=0.01|l1=0.1,elastic_net,1,0.01,0.1,11,33.1254034604274,0.2593404410837037,42.300601860117716,0.2964388232089177,0.004759618001116905,4,5,3,2026
elastic_net|degree=1|alpha=0.01|l1=0.1,elastic_net,1,0.01,0.1,12,35.79402240423689,0.25609675944943056,31.40858852392858,0.3239227270223006,0.005418333999841707,4,5,3,2026
elastic_net|degree=1|alpha=0.01|l1=0.1,elastic_net,1,0.01,0.1,13,36.012113771455155,0.28258509297505563,30.500977862179948,0.1949211581863569,0.004243505001795711,4,5,3,2026
elastic_net|degree=1|alpha=0.01|l1=0.1,elastic_net,1,0.01,0.1,14,33.295304258121405,0.2666798357722848,41.346103997247255,0.27727389947605807,0.0035203869992983527,4,5,3,2026
elastic_net|degree=1|alpha=0.01|l1=0.1,elastic_net,1,0.01,0.1,15,35.931847436633504,0.28901878924607705,30.98382537887358,0.15251962059126656,0.0033173820011143107,4,5,3,2026
elastic_net|degree=1|alpha=0.01|l1=0.5,elastic_net,1,0.01,0.5,1,35.58669554206313,0.2614736083855168,32.11433317310858,0.3015979926520479,0.005492935997608583,4,5,3,2026
elastic_net|degree=1|alpha=0.01|l1=0.5,elastic_net,1,0.01,0.5,2,36.31007725070701,0.2559339064406019,29.206617103099333,0.3310230192784973,0.0034763859985105228,4,5,3,2026
elastic_net|degree=1|alpha=0.01|l1=0.5,elastic_net,1,0.01,0.5,3,34.25872712876468,0.2819001612468115,37.46670925875515,0.21638328759743786,0.00436400800026604,4,5,3,2026
elastic_net|degree=1|alpha=0.01|l1=0.5,elastic_net,1,0.01,0.5,4,34.2098185438353,0.2790960856691933,37.83233824435874,0.23119188369006216,0.003753993001737399,4,5,3,2026
elastic_net|degree=1|alpha=0.01|l1=0.5,elastic_net,1,0.01,0.5,5,33.8815995067712,0.27626342190985054,39.12465254314667,0.23717546584579585,0.0033869830003823154,4,5,3,2026
elastic_net|degree=1|alpha=0.01|l1=0.5,elastic_net,1,0.01,0.5,6,36.46141838095534,0.27675822253522786,28.686356427181536,0.23185165936965269,0.0034606859990162775,4,5,3,2026
elastic_net|degree=1|alpha=0.01|l1=0.5,elastic_net,1,0.01,0.5,7,34.51655596317889,0.25794026496111055,36.643731242174574,0.30619265404784046,0.004334207998908823,4,5,3,2026
elastic_net|degree=1|alpha=0.01|l1=0.5,elastic_net,1,0.01,0.5,8,34.51889523488365,0.2751660342302652,36.40604749879762,0.2472332341650595,0.003707291998580331,4,5,3,2026
elastic_net|degree=1|alpha=0.01|l1=0.5,elastic_net,1,0.01,0.5,9,36.05594847899588,0.26253195792274464,30.31284654038378,0.295279753741734,0.003999398999440018,4,5,3,2026
elastic_net|degree=1|alpha=0.01|l1=0.5,elastic_net,1,0.01,0.5,10,32.55608085406504,0.2851253145890852,44.93863244346605,0.20838696456582162,0.004187203998299083,4,5,3,2026
elastic_net|degree=1|alpha=0.01|l1=0.5,elastic_net,1,0.01,0.5,11,33.1249455627853,0.25935067933683276,42.28664514693387,0.29667095705855495,0.0059928480004600715,4,5,3,2026
elastic_net|degree=1|alpha=0.01|l1=0.5,elastic_net,1,0.01,0.5,12,35.7935002927081,0.2561076104360508,31.40368836589476,0.32402820407925725,0.003294681002444122,4,5,3,2026
elastic_net|degree=1|alpha=0.01|l1=0.5,elastic_net,1,0.01,0.5,13,36.01153327631426,0.28259665730227557,30.514987780254728,0.1945513638581714,0.003161578999424819,4,5,3,2026
elastic_net|degree=1|alpha=0.01|l1=0.5,elastic_net,1,0.01,0.5,14,33.29482437737584,0.2666904050172577,41.335933611609526,0.2774516768829275,0.005874845999642275,4,5,3,2026
elastic_net|degree=1|alpha=0.01|l1=0.5,elastic_net,1,0.01,0.5,15,35.93120011738701,0.28903159771139264,31.004182912447703,0.15196279424505987,0.0046838159978506155,4,5,3,2026
elastic_net|degree=1|alpha=0.01|l1=0.9,elastic_net,1,0.01,0.9,1,35.58635775143762,0.2614806185135432,32.116171119313734,0.3015580221718216,0.0033912840008269995,4,5,3,2026
elastic_net|degree=1|alpha=0.01|l1=0.9,elastic_net,1,0.01,0.9,2,36.309743564736344,0.25594074433342584,29.200953869269547,0.3311527355361247,0.003534986997692613,4,5,3,2026
elastic_net|degree=1|alpha=0.01|l1=0.9,elastic_net,1,0.01,0.9,3,34.258377194133764,0.28190749625377465,37.466037774243574,0.21639733170474806,0.0036682909994851798,4,5,3,2026
elastic_net|degree=1|alpha=0.01|l1=0.9,elastic_net,1,0.01,0.9,4,34.20947209506324,0.27910338638830023,37.84040782663349,0.23102789804614055,0.0035001859978365246,4,5,3,2026
elastic_net|degree=1|alpha=0.01|l1=0.9,elastic_net,1,0.01,0.9,5,33.881270068037175,0.2762704589702468,39.12209753428135,0.23722528158397516,0.0030252750002546236,4,5,3,2026
elastic_net|degree=1|alpha=0.01|l1=0.9,elastic_net,1,0.01,0.9,6,36.461067608785825,0.27676518038543296,28.690746269158417,0.23173411046312875,0.0030692760010424536,4,5,3,2026
elastic_net|degree=1|alpha=0.01|l1=0.9,elastic_net,1,0.01,0.9,7,34.516244101365274,0.2579469695725157,36.642160906001045,0.3062223865760486,0.003382282997336006,4,5,3,2026
elastic_net|degree=1|alpha=0.01|l1=0.9,elastic_net,1,0.01,0.9,8,34.51853874626948,0.2751735198422526,36.406819429430364,0.24721727297822993,0.004205503999401117,4,5,3,2026
elastic_net|degree=1|alpha=0.01|l1=0.9,elastic_net,1,0.01,0.9,9,36.055621179680095,0.26253865231842055,30.3158154703331,0.2952107313540733,0.003758195001864806,4,5,3,2026
elastic_net|degree=1|alpha=0.01|l1=0.9,elastic_net,1,0.01,0.9,10,32.555728186937756,0.2851330585433651,44.93869728356696,0.2083858223799937,0.0031933810023474507,4,5,3,2026
elastic_net|degree=1|alpha=0.01|l1=0.9,elastic_net,1,0.01,0.9,11,33.12465771261503,0.25935711545406814,42.27276325944841,0.29690184637610284,0.002922073999798158,4,5,3,2026
elastic_net|degree=1|alpha=0.01|l1=0.9,elastic_net,1,0.01,0.9,12,35.79316449693743,0.2561145892427116,31.398937511642742,0.32413046733711004,0.0034140870011469815,4,5,3,2026
elastic_net|degree=1|alpha=0.01|l1=0.9,elastic_net,1,0.01,0.9,13,36.01117599752568,0.2826037748275204,30.529308022067926,0.19417337847863514,0.0037919960013823584,4,5,3,2026
elastic_net|degree=1|alpha=0.01|l1=0.9,elastic_net,1,0.01,0.9,14,33.29451659943226,0.26669718374408313,41.32587610751138,0.27762748113085234,0.0037400949986476917,4,5,3,2026
elastic_net|degree=1|alpha=0.01|l1=0.9,elastic_net,1,0.01,0.9,15,35.93078210326955,0.28903986893050737,31.02494699922986,0.1513948477139574,0.003812096001638565,4,5,3,2026
ridge|degree=2|alpha=1e-08|l1=none,ridge,2,1e-08,,1,21.128421746961283,0.5615244170437619,21.913219361269377,0.5234453006739752,0.0028405720004229806,,5,3,2026
ridge|degree=2|alpha=1e-08|l1=none,ridge,2,1e-08,,2,21.864385743988745,0.5519550130318511,18.751345709986452,0.5705008014707503,0.00260296600026777,,5,3,2026
ridge|degree=2|alpha=1e-08|l1=none,ridge,2,1e-08,,3,21.07231195449024,0.5583016333385308,22.1441507965583,0.5368547975135904,0.0027390690011088736,,5,3,2026
ridge|degree=2|alpha=1e-08|l1=none,ridge,2,1e-08,,4,20.990415217335567,0.5576687296889219,22.18129811977768,0.5492437735508384,0.002852072000678163,,5,3,2026
ridge|degree=2|alpha=1e-08|l1=none,ridge,2,1e-08,,5,20.14042252392588,0.5697853498373706,25.662034385475458,0.49965998026534597,0.003200381001079222,,5,3,2026
ridge|degree=2|alpha=1e-08|l1=none,ridge,2,1e-08,,6,20.994791166840706,0.5835513055921407,22.30787844982699,0.4026512269790655,0.0031751809983688872,,5,3,2026
ridge|degree=2|alpha=1e-08|l1=none,ridge,2,1e-08,,7,20.902399925748814,0.550626390213308,22.942318452102896,0.5656133113179618,0.003326984999148408,,5,3,2026
ridge|degree=2|alpha=1e-08|l1=none,ridge,2,1e-08,,8,20.961182539239598,0.5598533219630264,22.14759989594149,0.5420547329334566,0.00458641699879081,,5,3,2026
ridge|degree=2|alpha=1e-08|l1=none,ridge,2,1e-08,,9,21.724588460687574,0.5556575158085102,19.344494169013885,0.5502746112488168,0.0030896790012775455,,5,3,2026
ridge|degree=2|alpha=1e-08|l1=none,ridge,2,1e-08,,10,20.5870129522019,0.5479451450644084,24.16805373636329,0.574269501795652,0.003428785999858519,,5,3,2026
ridge|degree=2|alpha=1e-08|l1=none,ridge,2,1e-08,,11,20.583292183472604,0.5397727871339453,24.13103636274739,0.5986425820439685,0.0036869930008833762,,5,3,2026
ridge|degree=2|alpha=1e-08|l1=none,ridge,2,1e-08,,12,21.284676671710034,0.5576428999418075,20.899735873278974,0.5501282579318758,0.003135980001388816,,5,3,2026
ridge|degree=2|alpha=1e-08|l1=none,ridge,2,1e-08,,13,21.453301573313553,0.5726183014062236,20.285855850883262,0.4645511561162662,0.0028710719998343848,,5,3,2026
ridge|degree=2|alpha=1e-08|l1=none,ridge,2,1e-08,,14,20.12972952662255,0.5566480952423887,25.859619491870014,0.5479762263057133,0.0027532690000953153,,5,3,2026
ridge|degree=2|alpha=1e-08|l1=none,ridge,2,1e-08,,15,21.79732452024882,0.5686977073490921,19.016888467972514,0.4798434455094768,0.003222081999410875,,5,3,2026
lasso|degree=2|alpha=0.01|l1=none,lasso,2,0.01,,1,21.129406213546144,0.5615039865277078,21.869464895002228,0.5243968448616342,0.0056920440001704264,5,5,3,2026
lasso|degree=2|alpha=0.01|l1=none,lasso,2,0.01,,2,21.865401485617493,0.5519341984546595,18.72802096407167,0.5710350543095192,0.006232258001546143,5,5,3,2026
lasso|degree=2|alpha=0.01|l1=none,lasso,2,0.01,,3,21.073321634495606,0.5582804693575597,22.107203210287434,0.5376275567619362,0.007681994000449777,4,5,3,2026
lasso|degree=2|alpha=0.01|l1=none,lasso,2,0.01,,4,20.99138066854512,0.5576483847240642,22.22229226211141,0.5484107129785901,0.0041196040001523215,5,5,3,2026
lasso|degree=2|alpha=0.01|l1=none,lasso,2,0.01,,5,20.14136383462166,0.5697652427293296,25.700067295871005,0.49891844173991073,0.004994626000552671,4,5,3,2026
lasso|degree=2|alpha=0.01|l1=none,lasso,2,0.01,,6,20.995782494882278,0.583531641797185,22.230412104261614,0.40472558051196517,0.005014426998968702,5,5,3,2026
lasso|degree=2|alpha=0.01|l1=none,lasso,2,0.01,,7,20.903336144195315,0.5506062627703183,22.981135599734188,0.5648783528062995,0.0034400870026729535,5,5,3,2026
lasso|degree=2|alpha=0.01|l1=none,lasso,2,0.01,,8,20.962153234952574,0.5598329391199949,22.16651680224688,0.5416635886220732,0.003963900999224279,5,5,3,2026
lasso|degree=2|alpha=0.01|l1=none,lasso,2,0.01,,9,21.725569204755825,0.5556374562222753,19.337710047724585,0.5504323301096724,0.004100204001588281,4,5,3,2026
lasso|degree=2|alpha=0.01|l1=none,lasso,2,0.01,,10,20.588000791013812,0.5479234538490847,24.175947417950894,0.5741304512526659,0.003489188002276933,5,5,3,2026
lasso|degree=2|alpha=0.01|l1=none,lasso,2,0.01,,11,20.584303278047237,0.5397501798059299,24.164259548051668,0.5980900002290164,0.003083677998802159,4,5,3,2026
lasso|degree=2|alpha=0.01|l1=none,lasso,2,0.01,,12,21.28559357072642,0.5576238441301459,20.91252956673502,0.5498528706639478,0.005291934001434129,4,5,3,2026
lasso|degree=2|alpha=0.01|l1=none,lasso,2,0.01,,13,21.454260015899237,0.5725992078033637,20.271669078411012,0.46492561854834435,0.003967700999055523,4,5,3,2026
lasso|degree=2|alpha=0.01|l1=none,lasso,2,0.01,,14,20.130708943130518,0.5566265238559582,25.891418691082812,0.5474203792240058,0.005265534000500338,4,5,3,2026
lasso|degree=2|alpha=0.01|l1=none,lasso,2,0.01,,15,21.798273766202374,0.5686789246789677,18.96858260358662,0.4811647243308239,0.003625091998401331,5,5,3,2026
elastic_net|degree=2|alpha=0.01|l1=0.1,elastic_net,2,0.01,0.1,1,21.131064635524854,0.5614695694968188,21.857148310375045,0.5246646980778578,0.00425760799771524,5,5,3,2026
elastic_net|degree=2|alpha=0.01|l1=0.1,elastic_net,2,0.01,0.1,2,21.867151776398742,0.5518983314964263,18.70766656120869,0.5715012715000826,0.00320068100336357,5,5,3,2026
elastic_net|degree=2|alpha=0.01|l1=0.1,elastic_net,2,0.01,0.1,3,21.074897830757987,0.5582474305853483,22.126010674652445,0.5372341983996485,0.0035711900018213782,4,5,3,2026
elastic_net|degree=2|alpha=0.01|l1=0.1,elastic_net,2,0.01,0.1,4,20.992933300865353,0.5576156660846556,22.209733850067533,0.5486659181695814,0.004557815998850856,5,5,3,2026
elastic_net|degree=2|alpha=0.01|l1=0.1,elastic_net,2,0.01,0.1,5,20.142710398614437,0.5697364791045156,25.719989822570366,0.4985300065421322,0.0031424790031451266,4,5,3,2026
elastic_net|degree=2|alpha=0.01|l1=0.1,elastic_net,2,0.01,0.1,6,20.99752434228707,0.5834970908425307,22.186092075696884,0.4059123591983802,0.005920450003031874,5,5,3,2026
elastic_net|degree=2|alpha=0.01|l1=0.1,elastic_net,2,0.01,0.1,7,20.90474646607039,0.5505759427384457,23.026061732779954,0.5640277276085985,0.0046579180016124155,5,5,3,2026
elastic_net|degree=2|alpha=0.01|l1=0.1,elastic_net,2,0.01,0.1,8,20.963752091179302,0.5597993660496046,22.15917724177871,0.5418153484964856,0.003829797002254054,5,5,3,2026
elastic_net|degree=2|alpha=0.01|l1=0.1,elastic_net,2,0.01,0.1,9,21.72716163595026,0.5556048855324268,19.329098172989266,0.5506325410161649,0.003383685998414876,4,5,3,2026
elastic_net|degree=2|alpha=0.01|l1=0.1,elastic_net,2,0.01,0.1,10,20.589499394651895,0.547890547130087,24.220821149703305,0.5733399814703806,0.0035383890026423614,5,5,3,2026
elastic_net|degree=2|alpha=0.01|l1=0.1,elastic_net,2,0.01,0.1,11,20.5856706928339,0.5397196054211091,24.225213320205068,0.5970761917775926,0.004810221998923225,4,5,3,2026
elastic_net|degree=2|alpha=0.01|l1=0.1,elastic_net,2,0.01,0.1,12,21.287282246523382,0.5575887485663276,20.89351862501525,0.5502620856665529,0.00340678599968669,4,5,3,2026
elastic_net|degree=2|alpha=0.01|l1=0.1,elastic_net,2,0.01,0.1,13,21.455976080938544,0.5725650212335767,20.23467046248577,0.46590220372513413,0.0037883960030740127,4,5,3,2026
elastic_net|degree=2|alpha=0.01|l1=0.1,elastic_net,2,0.01,0.1,14,20.132153459040634,0.5565947087796872,25.906938335256836,0.5471490972692136,0.00409570400006487,4,5,3,2026
elastic_net|degree=2|alpha=0.01|l1=0.1,elastic_net,2,0.01,0.1,15,21.799995982860736,0.568644847286006,18.936316750376406,0.4820472711818393,0.003496088000247255,5,5,3,2026
elastic_net|degree=2|alpha=0.01|l1=0.5,elastic_net,2,0.01,0.5,1,21.130111900854864,0.5614893414842786,21.86234682169531,0.5245516441738044,0.003660193000541767,5,5,3,2026
elastic_net|degree=2|alpha=0.01|l1=0.5,elastic_net,2,0.01,0.5,2,21.86614637126725,0.5519189342581188,18.716443607768905,0.5713002334241295,0.00371339399862336,5,5,3,2026
elastic_net|degree=2|alpha=0.01|l1=0.5,elastic_net,2,0.01,0.5,3,21.07396628795735,0.5582669567263054,22.117472351014126,0.5374127775498129,0.004249907000485109,4,5,3,2026
elastic_net|degree=2|alpha=0.01|l1=0.5,elastic_net,2,0.01,0.5,4,20.992014666428904,0.5576350244790951,22.21505180180585,0.5485578496586647,0.004975626001396449,5,5,3,2026
elastic_net|degree=2|alpha=0.01|l1=0.5,elastic_net,2,0.01,0.5,5,20.141912128702323,0.5697535307532865,25.710983635523363,0.49870560274534603,0.0037204940017545596,4,5,3,2026
elastic_net|degree=2|alpha=0.01|l1=0.5,elastic_net,2,0.01,0.5,6,20.99651881664665,0.5835170362583635,22.205451931069362,0.40539395105487963,0.003982501002610661,5,5,3,2026
elastic_net|degree=2|alpha=0.01|l1=0.5,elastic_net,2,0.01,0.5,7,20.903887645687735,0.5505944062266996,23.005950732028097,0.5644085065190176,0.003505988002871163,5,5,3,2026
elastic_net|degree=2|alpha=0.01|l1=0.5,elastic_net,2,0.01,0.5,8,20.962819959147872,0.5598189391255204,22.162213294098443,0.5417525721325944,0.0031924809991323855,5,5,3,2026
elastic_net|degree=2|alpha=0.01|l1=0.5,elastic_net,2,0.01,0.5,9,21.72623847018873,0.5556237674444383,19.332702829915558,0.5505487390969559,0.00373309499991592,4,5,3,2026
elastic_net|degree=2|alpha=0.01|l1=0.5,elastic_net,2,0.01,0.5,10,20.58863413872696,0.5479095466392696,24.200748033740286,0.5736935779060999,0.004605317000823561,5,5,3,2026
elastic_net|degree=2|alpha=0.01|l1=0.5,elastic_net,2,0.01,0.5,11,20.584873399411237,0.5397374323132543,24.198033460274786,0.5975282584952436,0.004761821001011413,4,5,3,2026
elastic_net|degree=2|alpha=0.01|l1=0.5,elastic_net,2,0.01,0.5,12,21.2863205611563,0.5576087351678021,20.90238163811131,0.5500713072200848,0.0035870909996447153,4,5,3,2026
elastic_net|degree=2|alpha=0.01|l1=0.5,elastic_net,2,0.01,0.5,13,21.454973118899506,0.5725850017302104,20.25081905144508,0.46547595879111825,0.005196532001718879,4,5,3,2026
elastic_net|degree=2|alpha=0.01|l1=0.5,elastic_net,2,0.01,0.5,14,20.131310378620366,0.5566132774002788,25.899854124933313,0.547272928615034,0.0032136810004885774,4,5,3,2026
elastic_net|degree=2|alpha=0.01|l1=0.5,elastic_net,2,0.01,0.5,15,21.799003990296505,0.5686644757806336,18.950377241847583,0.48166268372367516,0.0031526799975836184,5,5,3,2026
elastic_net|degree=2|alpha=0.01|l1=0.9,elastic_net,2,0.01,0.9,1,21.129503529327405,0.5615019669450609,21.86798533198157,0.5244290214532532,0.003962899998441571,5,5,3,2026
elastic_net|degree=2|alpha=0.01|l1=0.9,elastic_net,2,0.01,0.9,2,21.865504231814867,0.5519320929796097,18.72565080761706,0.5710893426957175,0.004229907000990352,5,5,3,2026
elastic_net|degree=2|alpha=0.01|l1=0.9,elastic_net,2,0.01,0.9,3,21.07340357998829,0.5582787516917264,22.109220471905072,0.5375853657089149,0.003166880000208039,4,5,3,2026
elastic_net|degree=2|alpha=0.01|l1=0.9,elastic_net,2,0.01,0.9,4,20.99146101931829,0.5576466914912626,22.22079066566557,0.5484412276014909,0.003295631002401933,5,5,3,2026
elastic_net|degree=2|alpha=0.01|l1=0.9,elastic_net,2,0.01,0.9,5,20.14143291721076,0.5697637670730038,25.70221968613433,0.49887647597170026,0.004115281000849791,4,5,3,2026
elastic_net|degree=2|alpha=0.01|l1=0.9,elastic_net,2,0.01,0.9,6,20.99588275042251,0.5835296531473096,22.225351550844643,0.4048610893807817,0.0043317580020811874,5,5,3,2026
elastic_net|degree=2|alpha=0.01|l1=0.9,elastic_net,2,0.01,0.9,7,20.903399211540144,0.5506049069068526,22.986069116942577,0.5647849422729141,0.0033681559980323073,5,5,3,2026
elastic_net|degree=2|alpha=0.01|l1=0.9,elastic_net,2,0.01,0.9,8,20.962241576536925,0.5598310841075302,22.165610224579417,0.5416823339016517,0.0035932339997089002,5,5,3,2026
elastic_net|degree=2|alpha=0.01|l1=0.9,elastic_net,2,0.01,0.9,9,21.72565929685325,0.5556356135293079,19.33666335349307,0.5504566639054315,0.005495839999639429,4,5,3,2026
elastic_net|degree=2|alpha=0.01|l1=0.9,elastic_net,2,0.01,0.9,10,20.588086977889844,0.5479215613357884,24.180881128666297,0.5740435418497087,0.004057286001625471,5,5,3,2026
elastic_net|degree=2|alpha=0.01|l1=0.9,elastic_net,2,0.01,0.9,11,20.58437877850517,0.5397484916714461,24.170995958904037,0.5979779574462136,0.003750417999981437,4,5,3,2026
elastic_net|degree=2|alpha=0.01|l1=0.9,elastic_net,2,0.01,0.9,12,21.285694642844717,0.5576217435594002,20.910440568957156,0.5498978368336258,0.005001289999199798,4,5,3,2026
elastic_net|degree=2|alpha=0.01|l1=0.9,elastic_net,2,0.01,0.9,13,21.454353822707436,0.5725973390321215,20.26743922803609,0.4650372662160446,0.004274663999240147,4,5,3,2026
elastic_net|degree=2|alpha=0.01|l1=0.9,elastic_net,2,0.01,0.9,14,20.130788387787526,0.5566247741086523,25.893067827328572,0.5473915524738913,0.0034609469985298347,4,5,3,2026
elastic_net|degree=2|alpha=0.01|l1=0.9,elastic_net,2,0.01,0.9,15,21.79837378911536,0.5686769455318643,18.964884783521935,0.481265868392704,0.0036364289990160614,5,5,3,2026
ridge|degree=3|alpha=1e-08|l1=none,ridge,3,1e-08,,1,9.578409615847072,0.801220422878665,10.435340443372947,0.7730588807892886,0.00914126800125814,,5,3,2026
ridge|degree=3|alpha=1e-08|l1=none,ridge,3,1e-08,,2,10.034121418854806,0.794380786499632,8.78348254863575,0.7988145078608637,0.0067456129982019775,,5,3,2026
ridge|degree=3|alpha=1e-08|l1=none,ridge,3,1e-08,,3,9.626906587625188,0.7982096637075222,10.185831071398482,0.786963210402793,0.007796904999850085,,5,3,2026
ridge|degree=3|alpha=1e-08|l1=none,ridge,3,1e-08,,4,9.776117831300589,0.7939877523023636,9.816176899431046,0.8005210139888189,0.01699487299993052,,5,3,2026
ridge|degree=3|alpha=1e-08|l1=none,ridge,3,1e-08,,5,9.157204671749557,0.804395185868404,12.296476235938405,0.7602520879623498,0.020739897001476493,,5,3,2026
ridge|degree=3|alpha=1e-08|l1=none,ridge,3,1e-08,,6,9.993468436503083,0.8017714560761634,8.876416444810884,0.7623119345904563,0.006435147999582114,,5,3,2026
ridge|degree=3|alpha=1e-08|l1=none,ridge,3,1e-08,,7,9.681704352878642,0.7918563203557716,10.172121284302012,0.8074024606194488,0.01407727300102124,,5,3,2026
ridge|degree=3|alpha=1e-08|l1=none,ridge,3,1e-08,,8,9.355106618625356,0.803559789951668,11.318778697808424,0.7659619481122726,0.011767807001888286,,5,3,2026
ridge|degree=3|alpha=1e-08|l1=none,ridge,3,1e-08,,9,10.091565798869988,0.7935928027098818,8.42432362606004,0.8041493261806617,0.016251051998551702,,5,3,2026
ridge|degree=3|alpha=1e-08|l1=none,ridge,3,1e-08,,10,8.886305716647485,0.8048722439248893,14.432026246869432,0.7457737478076918,0.008597428997745737,,5,3,2026
ridge|degree=3|alpha=1e-08|l1=none,ridge,3,1e-08,,11,8.968137885356906,0.7994790596768396,13.892115818433728,0.7689405605703586,0.010656120000930969,,5,3,2026
ridge|degree=3|alpha=1e-08|l1=none,ridge,3,1e-08,,12,9.973615923576185,0.79271943449762,8.992740480039139,0.8064291410067934,0.00462253099976806,,5,3,2026
ridge|degree=3|alpha=1e-08|l1=none,ridge,3,1e-08,,13,10.062248421322595,0.799545034721983,8.440614823795444,0.7772084410787927,0.006157976000395138,,5,3,2026
ridge|degree=3|alpha=1e-08|l1=none,ridge,3,1e-08,,14,9.090047491480604,0.7997941371067563,12.881900797586786,0.7748255571698847,0.010530831998039503,,5,3,2026
ridge|degree=3|alpha=1e-08|l1=none,ridge,3,1e-08,,15,9.852662830605961,0.8050459787572026,9.548064507552175,0.7388380152375633,0.005923000000620959,,5,3,2026
lasso|degree=3|alpha=0.01|l1=none,lasso,3,0.01,,1,9.589348308612035,0.8009934135097525,10.376367141638852,0.7743413944908504,0.014429636998102069,71,5,3,2026
lasso|degree=3|alpha=0.01|l1=none,lasso,3,0.01,,2,10.045420330364207,0.7941492492079257,8.806018215776067,0.7982983288556453,0.01498158100002911,72,5,3,2026
lasso|degree=3|alpha=0.01|l1=none,lasso,3,0.01,,3,9.638214388266693,0.7979726400204834,10.175061996315579,0.7871884457484916,0.027784682999481447,72,5,3,2026
lasso|degree=3|alpha=0.01|l1=none,lasso,3,0.01,,4,9.787456689183403,0.7937488084149154,9.88671745252334,0.7990875273934077,0.008820005998131819,71,5,3,2026
lasso|degree=3|alpha=0.01|l1=none,lasso,3,0.01,,5,9.168649460798656,0.8041507165226842,12.3356478879227,0.759488347066657,0.009624024001823273,68,5,3,2026
lasso|degree=3|alpha=0.01|l1=none,lasso,3,0.01,,6,10.004689702935327,0.8015488731641366,8.860824365507305,0.7627294511849539,0.00717227299901424,72,5,3,2026
lasso|degree=3|alpha=0.01|l1=none,lasso,3,0.01,,7,9.693097175416495,0.7916113899263625,10.22455883987078,0.8064096151852068,0.012596623000717955,69,5,3,2026
lasso|degree=3|alpha=0.01|l1=none,lasso,3,0.01,,8,9.366175936132697,0.8033273544333058,11.394369089257143,0.7643989678271722,0.013325348998478148,69,5,3,2026
lasso|degree=3|alpha=0.01|l1=none,lasso,3,0.01,,9,10.10276369220998,0.7933637673128059,8.395059978905694,0.8048296543907343,0.014702510001370683,71,5,3,2026
lasso|degree=3|alpha=0.01|l1=none,lasso,3,0.01,,10,8.897424952752042,0.8046280849166878,14.401114624814923,0.7463182691167358,0.00837735000095563,73,5,3,2026
lasso|degree=3|alpha=0.01|l1=none,lasso,3,0.01,,11,8.978913621977334,0.7992381221636764,13.966350038977508,0.7677058661861826,0.010585626001557102,70,5,3,2026
lasso|degree=3|alpha=0.01|l1=none,lasso,3,0.01,,12,9.984969260950212,0.7924834793325866,9.014364416236518,0.805963680682009,0.006536138000228675,70,5,3,2026
lasso|degree=3|alpha=0.01|l1=none,lasso,3,0.01,,13,10.074151589210526,0.7993079059008918,8.402010305794057,0.7782274143321016,0.014736405999428825,75,5,3,2026
lasso|degree=3|alpha=0.01|l1=none,lasso,3,0.01,,14,9.100854389522237,0.7995561180700403,12.985728376861303,0.7730106606199967,0.013705409997783136,68,5,3,2026
lasso|degree=3|alpha=0.01|l1=none,lasso,3,0.01,,15,9.863820242712741,0.8048252077438962,9.465496420634071,0.7410964462986976,0.01099598500150023,74,5,3,2026
elastic_net|degree=3|alpha=0.01|l1=0.1,elastic_net,3,0.01,0.1,1,9.636638075769515,0.800012014687324,10.407247357997495,0.7736698312677885,0.008374051001737826,70,5,3,2026
elastic_net|degree=3|alpha=0.01|l1=0.1,elastic_net,3,0.01,0.1,2,10.09366178472526,0.7931606853377303,8.841637197723973,0.7974824767863773,0.010758110001916066,72,5,3,2026
elastic_net|degree=3|alpha=0.01|l1=0.1,elastic_net,3,0.01,0.1,3,9.689368580871339,0.7969003930183436,10.182021939977272,0.7870428784361072,0.013300751001224853,72,5,3,2026
elastic_net|degree=3|alpha=0.01|l1=0.1,elastic_net,3,0.01,0.1,4,9.832168248553751,0.7928066011908514,10.015980835150323,0.7964607075266732,0.011583624997001607,71,5,3,2026
elastic_net|degree=3|alpha=0.01|l1=0.1,elastic_net,3,0.01,0.1,5,9.21550710547347,0.8031498018106283,12.341034655691647,0.7593833197156943,0.015457932000572328,69,5,3,2026
elastic_net|degree=3|alpha=0.01|l1=0.1,elastic_net,3,0.01,0.1,6,10.052892736442042,0.800592726936682,8.896395506416905,0.7617769456643104,0.006978892000915948,73,5,3,2026
elastic_net|degree=3|alpha=0.01|l1=0.1,elastic_net,3,0.01,0.1,7,9.7400224986606,0.7906025583103032,10.291851167776066,0.8051355115433491,0.01572910500181024,68,5,3,2026
elastic_net|degree=3|alpha=0.01|l1=0.1,elastic_net,3,0.01,0.1,8,9.409110511543844,0.8024258065027552,11.520060721113664,0.7618000456780905,0.00804888399943593,68,5,3,2026
elastic_net|degree=3|alpha=0.01|l1=0.1,elastic_net,3,0.01,0.1,9,10.15345153192155,0.7923270268168238,8.382390964520146,0.8051241866421261,0.01637994799966691,71,5,3,2026
elastic_net|degree=3|alpha=0.01|l1=0.1,elastic_net,3,0.01,0.1,10,8.946756632308425,0.8035448473776934,14.44881270009635,0.7454780473274902,0.014362551999511197,72,5,3,2026
elastic_net|degree=3|alpha=0.01|l1=0.1,elastic_net,3,0.01,0.1,11,9.017976404133021,0.7983647072017714,14.195925641136428,0.7638874694325957,0.010559934999037068,70,5,3,2026
elastic_net|degree=3|alpha=0.01|l1=0.1,elastic_net,3,0.01,0.1,12,10.0344634031614,0.791454848005172,8.949263250068881,0.8073649986322489,0.01065392600139603,71,5,3,2026
elastic_net|degree=3|alpha=0.01|l1=0.1,elastic_net,3,0.01,0.1,13,10.128227613811385,0.7982306310036862,8.414527639174283,0.7778970170475988,0.015784908999194158,75,5,3,2026
elastic_net|degree=3|alpha=0.01|l1=0.1,elastic_net,3,0.01,0.1,14,9.14218051599679,0.7986459211960826,13.078688175992323,0.7713857318688881,0.008454347000224516,68,5,3,2026
elastic_net|degree=3|alpha=0.01|l1=0.1,elastic_net,3,0.01,0.1,15,9.920162906529864,0.803710358990059,9.334930746578232,0.7446677240745545,0.01250453899774584,72,5,3,2026
elastic_net|degree=3|alpha=0.01|l1=0.5,elastic_net,3,0.01,0.5,1,9.611774424357717,0.8005280070400786,10.38805578006952,0.7740871974474574,0.03549312199902488,67,5,3,2026
elastic_net|degree=3|alpha=0.01|l1=0.5,elastic_net,3,0.01,0.5,2,10.068115196584518,0.7936841860152531,8.821374177551023,0.7979466008582528,0.013086980001389747,67,5,3,2026
elastic_net|degree=3|alpha=0.01|l1=0.5,elastic_net,3,0.01,0.5,3,9.662395033631965,0.7974657876359075,10.171823314698358,0.7872561828167214,0.006122082999354461,68,5,3,2026
elastic_net|degree=3|alpha=0.01|l1=0.5,elastic_net,3,0.01,0.5,4,9.808842565850457,0.7932981435807561,9.958236902834818,0.7976341481833166,0.006593136000446975,67,5,3,2026
elastic_net|degree=3|alpha=0.01|l1=0.5,elastic_net,3,0.01,0.5,5,9.190795408799271,0.8036776623322726,12.333827171685648,0.7595238460915704,0.01367182199828676,65,5,3,2026
elastic_net|degree=3|alpha=0.01|l1=0.5,elastic_net,3,0.01,0.5,6,10.027520014218233,0.8010960154409453,8.875825692577841,0.7623277534466673,0.01867471700097667,68,5,3,2026
elastic_net|degree=3|alpha=0.01|l1=0.5,elastic_net,3,0.01,0.5,7,9.715327468084176,0.7911334684006919,10.258251425606236,0.8057716844206542,0.017820103003032273,64,5,3,2026
elastic_net|degree=3|alpha=0.01|l1=0.5,elastic_net,3,0.01,0.5,8,9.386553064717354,0.8028994718251715,11.463714462219354,0.7629651156043483,0.014297158999397652,65,5,3,2026
elastic_net|degree=3|alpha=0.01|l1=0.5,elastic_net,3,0.01,0.5,9,10.126615597285104,0.7928759138939501,8.38036747173317,0.8051712292823889,0.020670715002779616,67,5,3,2026
elastic_net|degree=3|alpha=0.01|l1=0.5,elastic_net,3,0.01,0.5,10,8.920897461924469,0.804112669603473,14.422821488588687,0.7459358935216769,0.014749711997865234,68,5,3,2026
elastic_net|degree=3|alpha=0.01|l1=0.5,elastic_net,3,0.01,0.5,11,8.997709222795311,0.798817866409568,14.09729088136303,0.765528003718329,0.007609733002027497,66,5,3,2026
elastic_net|degree=3|alpha=0.01|l1=0.5,elastic_net,3,0.01,0.5,12,10.008120100138528,0.7920023379816883,8.970849452670587,0.8069003505320076,0.009365455000079237,65,5,3,2026
elastic_net|degree=3|alpha=0.01|l1=0.5,elastic_net,3,0.01,0.5,13,10.099877818544396,0.7987954011214504,8.401756677596639,0.7782341088943663,0.010262465999403503,70,5,3,2026
elastic_net|degree=3|alpha=0.01|l1=0.5,elastic_net,3,0.01,0.5,14,9.120234963190489,0.799129266122539,13.034969332039088,0.7721499332459234,0.006034991001797607,65,5,3,2026
elastic_net|degree=3|alpha=0.01|l1=0.5,elastic_net,3,0.01,0.5,15,9.89048268167255,0.804297639737082,9.38038192550723,0.7434245276037408,0.006041991000529379,69,5,3,2026
elastic_net|degree=3|alpha=0.01|l1=0.9,elastic_net,3,0.01,0.9,1,9.592793114644808,0.80092192386649,10.377262334616944,0.7743219264056969,0.006885706003231462,70,5,3,2026
elastic_net|degree=3|alpha=0.01|l1=0.9,elastic_net,3,0.01,0.9,2,10.048842029526142,0.794079131749591,8.80791731765514,0.7982548299650802,0.006102383998950245,71,5,3,2026
elastic_net|degree=3|alpha=0.01|l1=0.9,elastic_net,3,0.01,0.9,3,9.641895831005742,0.7978954730134503,10.17258149382941,0.7872403254903151,0.006663627998932498,71,5,3,2026
elastic_net|degree=3|alpha=0.01|l1=0.9,elastic_net,3,0.01,0.9,4,9.790794071074435,0.7936784797265075,9.900789375102477,0.7988015654678972,0.007876406001741998,70,5,3,2026
elastic_net|degree=3|alpha=0.01|l1=0.9,elastic_net,3,0.01,0.9,5,9.17204314398122,0.8040782248844669,12.334053769468296,0.7595194280498306,0.010641527998814126,67,5,3,2026
elastic_net|degree=3|alpha=0.01|l1=0.9,elastic_net,3,0.01,0.9,6,10.008186339768873,0.8014795145392959,8.86256295734938,0.7626828960763637,0.00721727200289024,71,5,3,2026
elastic_net|degree=3|alpha=0.01|l1=0.9,elastic_net,3,0.01,0.9,7,9.696507797677338,0.7915380661146272,10.230279982479177,0.8063012918612878,0.012585930999193806,68,5,3,2026
elastic_net|degree=3|alpha=0.01|l1=0.9,elastic_net,3,0.01,0.9,8,9.369315227827993,0.8032614350221043,11.40798837112337,0.7641173623394089,0.007702627997787204,68,5,3,2026
elastic_net|degree=3|alpha=0.01|l1=0.9,elastic_net,3,0.01,0.9,9,10.106369532539627,0.7932900154876528,8.390181358501588,0.8049430737150463,0.01416557999982615,70,5,3,2026
elastic_net|degree=3|alpha=0.01|l1=0.9,elastic_net,3,0.01,0.9,10,8.901047933198045,0.8045485305926217,14.40418121571281,0.7462642498198164,0.007759621999866795,71,5,3,2026
elastic_net|degree=3|alpha=0.01|l1=0.9,elastic_net,3,0.01,0.9,11,8.981893418418336,0.7991714961157766,13.99323982806243,0.7672586240472927,0.014328564000607003,68,5,3,2026
elastic_net|degree=3|alpha=0.01|l1=0.9,elastic_net,3,0.01,0.9,12,9.988432070913039,0.7924115121330451,9.003843042189073,0.8061901557389366,0.011009196001396049,69,5,3,2026
elastic_net|degree=3|alpha=0.01|l1=0.9,elastic_net,3,0.01,0.9,13,10.078094263649811,0.7992293619577554,8.40003690994227,0.7782795024734713,0.007370961000560783,74,5,3,2026
elastic_net|degree=3|alpha=0.01|l1=0.9,elastic_net,3,0.01,0.9,14,9.103782960279744,0.7994916170829883,12.994910820057804,0.7728501523562645,0.005646633999276673,67,5,3,2026
elastic_net|degree=3|alpha=0.01|l1=0.9,elastic_net,3,0.01,0.9,15,9.867875274121516,0.804744971091836,9.445327912875868,0.7416481023449741,0.019769330996496137,73,5,3,2026
ridge|degree=4|alpha=1e-08|l1=none,ridge,4,1e-08,,1,3.2677285070479813,0.9321852252274049,2.727985542248366,0.9406735127130765,0.030816684000456007,,5,3,2026
ridge|degree=4|alpha=1e-08|l1=none,ridge,4,1e-08,,2,2.9572828054460434,0.9393993615214418,4.142970314777627,0.9051053477841965,0.005219198999839136,,5,3,2026
ridge|degree=4|alpha=1e-08|l1=none,ridge,4,1e-08,,3,3.154219910894658,0.9338841515946531,3.2615285016482947,0.9317850888846968,0.004473084998608101,,5,3,2026
ridge|degree=4|alpha=1e-08|l1=none,ridge,4,1e-08,,4,3.237892937195704,0.931767843503248,2.907094690969551,0.9409236093507335,0.011535219000506913,,5,3,2026
ridge|degree=4|alpha=1e-08|l1=none,ridge,4,1e-08,,5,2.840457491843693,0.9393256807445987,4.48459484472416,0.9125625724209456,0.005044695000833599,,5,3,2026
ridge|degree=4|alpha=1e-08|l1=none,ridge,4,1e-08,,6,3.155546994312998,0.9374071684980688,3.2381084261768285,0.9132916158013009,0.019941077996918466,,5,3,2026
ridge|degree=4|alpha=1e-08|l1=none,ridge,4,1e-08,,7,3.141800273768611,0.932455501030146,3.3829227619706344,0.9359482076884508,0.009552381998219062,,5,3,2026
ridge|degree=4|alpha=1e-08|l1=none,ridge,4,1e-08,,8,3.004419794007767,0.9369126532205172,3.7676411257312337,0.9220965960356701,0.010533599997870624,,5,3,2026
ridge|degree=4|alpha=1e-08|l1=none,ridge,4,1e-08,,9,3.166742275019783,0.9352292388956966,3.178186695589549,0.9261127618685772,0.023346843001490925,,5,3,2026
ridge|degree=4|alpha=1e-08|l1=none,ridge,4,1e-08,,10,2.971910387561075,0.9347420375044352,4.138945997423871,0.9270907140167048,0.022365024000464473,,5,3,2026
ridge|degree=4|alpha=1e-08|l1=none,ridge,4,1e-08,,11,3.042026677595791,0.9319825299658212,4.0107983033768395,0.9332907370082598,0.019130562999635004,,5,3,2026
ridge|degree=4|alpha=1e-08|l1=none,ridge,4,1e-08,,12,3.0824041764016177,0.9359387321822665,3.557879557865901,0.9234158036986434,0.015040784997836454,,5,3,2026
ridge|degree=4|alpha=1e-08|l1=none,ridge,4,1e-08,,13,3.0876017328200085,0.9384903778728783,3.5190821399910277,0.9071131887537273,0.015543295001407387,,5,3,2026
ridge|degree=4|alpha=1e-08|l1=none,ridge,4,1e-08,,14,2.9992171269918315,0.9339430455697443,3.9019367522557697,0.9317945039359302,0.01459937700201408,,5,3,2026
ridge|degree=4|alpha=1e-08|l1=none,ridge,4,1e-08,,15,3.195055929503403,0.936779628790563,3.0856379088103103,0.9156005575909426,0.010170893001486547,,5,3,2026
lasso|degree=4|alpha=0.01|l1=none,lasso,4,0.01,,1,3.302851139601205,0.9314563294789115,2.8310597191314435,0.9384319213447352,0.010374196997872787,163,5,3,2026
lasso|degree=4|alpha=0.01|l1=none,lasso,4,0.01,,2,2.9921722123941357,0.9386844078033534,4.106028548371274,0.9059514982050344,0.015037486002256628,172,5,3,2026
lasso|degree=4|alpha=0.01|l1=none,lasso,4,0.01,,3,3.188266960270659,0.9331704887497075,3.2928977303508224,0.9311290010575883,0.020664691997808404,161,5,3,2026
lasso|degree=4|alpha=0.01|l1=none,lasso,4,0.01,,4,3.27960322600219,0.9308888820895845,2.915747835864283,0.9407477648659516,0.016143107000971213,165,5,3,2026
lasso|degree=4|alpha=0.01|l1=none,lasso,4,0.01,,5,2.8753525452004682,0.9385802960261571,4.627960188989232,0.9097673373237839,0.014606977001676569,165,5,3,2026
lasso|degree=4|alpha=0.01|l1=none,lasso,4,0.01,,6,3.194036875922037,0.9366436905088563,3.2168316975418496,0.9138613529805935,0.01510009499907028,166,5,3,2026
lasso|degree=4|alpha=0.01|l1=none,lasso,4,0.01,,7,3.1758167613468196,0.931724192095785,3.5377499475960708,0.9330167311412045,0.019609482998930616,169,5,3,2026
lasso|degree=4|alpha=0.01|l1=none,lasso,4,0.01,,8,3.0413428102703777,0.9361373370893462,3.8700510516528777,0.9199790690306312,0.011741129001165973,170,5,3,2026
lasso|degree=4|alpha=0.01|l1=none,lasso,4,0.01,,9,3.2026006011684807,0.9344958129093451,3.1719962211115478,0.9262566794875571,0.01726233699810109,157,5,3,2026
lasso|degree=4|alpha=0.01|l1=none,lasso,4,0.01,,10,3.0087746303839498,0.9339325631051963,4.23115749650998,0.9254663694222109,0.02030239700252423,167,5,3,2026
lasso|degree=4|alpha=0.01|l1=none,lasso,4,0.01,,11,3.08307351793168,0.9310647529281949,4.215436473535499,0.9298871099797531,0.017660744000750128,165,5,3,2026
lasso|degree=4|alpha=0.01|l1=none,lasso,4,0.01,,12,3.1168165224886484,0.9352235441690283,3.652297973568258,0.92138342504023,0.013768769000307657,171,5,3,2026
lasso|degree=4|alpha=0.01|l1=none,lasso,4,0.01,,13,3.124241416549049,0.9377604608382184,3.4399881200295908,0.9092008897537629,0.014493183000013232,165,5,3,2026
lasso|degree=4|alpha=0.01|l1=none,lasso,4,0.01,,14,3.0392706513720067,0.9330608774162814,3.939483942911705,0.9311381824917091,0.01141992400152958,161,5,3,2026
lasso|degree=4|alpha=0.01|l1=none,lasso,4,0.01,,15,3.2288679225025647,0.9361105930065571,3.1022577757588046,0.9151459652036243,0.012679347000812413,162,5,3,2026
elastic_net|degree=4|alpha=0.01|l1=0.1,elastic_net,4,0.01,0.1,1,3.3793627444381378,0.9298684933908414,2.9373861545494777,0.9361196019348995,0.014216777999536134,137,5,3,2026
elastic_net|degree=4|alpha=0.01|l1=0.1,elastic_net,4,0.01,0.1,2,3.083732062699602,0.9368081633747535,4.094991432950028,0.9062043031130563,0.012967954000487225,141,5,3,2026
elastic_net|degree=4|alpha=0.01|l1=0.1,elastic_net,4,0.01,0.1,3,3.2679097727814757,0.9315010895742242,3.468718878067627,0.9274516994618393,0.012967653001396684,137,5,3,2026
elastic_net|degree=4|alpha=0.01|l1=0.1,elastic_net,4,0.01,0.1,4,3.3568656382756807,0.9292607303539291,3.0051494106531362,0.938930994888251,0.01122141900123097,141,5,3,2026
elastic_net|degree=4|alpha=0.01|l1=0.1,elastic_net,4,0.01,0.1,5,2.947503273937283,0.9370391019183566,4.7521433644412685,0.9073461024550648,0.01074680900273961,138,5,3,2026
elastic_net|degree=4|alpha=0.01|l1=0.1,elastic_net,4,0.01,0.1,6,3.275936222233311,0.9350191506135486,3.2506936737857974,0.9129546145829067,0.013171657999919262,141,5,3,2026
elastic_net|degree=4|alpha=0.01|l1=0.1,elastic_net,4,0.01,0.1,7,3.254237650688818,0.9300382479816413,3.6330628083387593,0.931212090600918,0.009695790002297144,141,5,3,2026
elastic_net|degree=4|alpha=0.01|l1=0.1,elastic_net,4,0.01,0.1,8,3.1231129561584594,0.934420312870514,3.9998597243675555,0.9172950189496665,0.015110395001102006,141,5,3,2026
elastic_net|degree=4|alpha=0.01|l1=0.1,elastic_net,4,0.01,0.1,9,3.2782704112163397,0.932948105276779,3.2626298435416015,0.924149607535964,0.019680083998537157,134,5,3,2026
elastic_net|degree=4|alpha=0.01|l1=0.1,elastic_net,4,0.01,0.1,10,3.0889702551882308,0.9321716072238581,4.297624030241368,0.9242955332916704,0.026535218999924837,135,5,3,2026
elastic_net|degree=4|alpha=0.01|l1=0.1,elastic_net,4,0.01,0.1,11,3.1491508844895373,0.9295873118087966,4.390223381771895,0.9269799815362115,0.016200715999730164,139,5,3,2026
elastic_net|degree=4|alpha=0.01|l1=0.1,elastic_net,4,0.01,0.1,12,3.1994653103043005,0.9335058634795185,3.693311436797639,0.920500600574738,0.012631346002308419,141,5,3,2026
elastic_net|degree=4|alpha=0.01|l1=0.1,elastic_net,4,0.01,0.1,13,3.2141843877369864,0.9359686629803685,3.4873241160096007,0.907951447555815,0.026633620000211522,140,5,3,2026
elastic_net|degree=4|alpha=0.01|l1=0.1,elastic_net,4,0.01,0.1,14,3.111189897402959,0.9314768752728655,4.074146804176127,0.9287842880446406,0.014475182000751374,133,5,3,2026
elastic_net|degree=4|alpha=0.01|l1=0.1,elastic_net,4,0.01,0.1,15,3.3101221710919777,0.9345028202878601,3.1927528192673846,0.9126707132658971,0.019673783997859573,138,5,3,2026
elastic_net|degree=4|alpha=0.01|l1=0.5,elastic_net,4,0.01,0.5,1,3.34238151604548,0.9306359603541625,2.8864867994108976,0.9372265286024994,0.014389580999704776,137,5,3,2026
elastic_net|degree=4|alpha=0.01|l1=0.5,elastic_net,4,0.01,0.5,2,3.0393096509868567,0.937718467423995,4.089785623207469,0.9063235420811127,0.013324766998266568,144,5,3,2026
elastic_net|degree=4|alpha=0.01|l1=0.5,elastic_net,4,0.01,0.5,3,3.2293280351882654,0.9323098043709056,3.387541892943203,0.9291495171635924,0.011034922001272207,137,5,3,2026
elastic_net|degree=4|alpha=0.01|l1=0.5,elastic_net,4,0.01,0.5,4,3.318325694674544,0.930072883045255,2.961943167735277,0.9398090085604687,0.013789577002171427,141,5,3,2026
elastic_net|degree=4|alpha=0.01|l1=0.5,elastic_net,4,0.01,0.5,5,2.9124730453680767,0.9377873740815207,4.699600945778619,0.9083705370106296,0.01580821799871046,140,5,3,2026
elastic_net|degree=4|alpha=0.01|l1=0.5,elastic_net,4,0.01,0.5,6,3.236708750078849,0.9357972593088828,3.2265144290910395,0.9136020738284585,0.011231526001211023,143,5,3,2026
elastic_net|degree=4|alpha=0.01|l1=0.5,elastic_net,4,0.01,0.5,7,3.2158462510063885,0.9308636116681721,3.584681602949729,0.9321281336611372,0.020815417999983765,143,5,3,2026
elastic_net|degree=4|alpha=0.01|l1=0.5,elastic_net,4,0.01,0.5,8,3.0837082466745276,0.9352477400419484,3.9396585582015455,0.9185397966794042,0.031225727001583437,143,5,3,2026
elastic_net|degree=4|alpha=0.01|l1=0.5,elastic_net,4,0.01,0.5,9,3.242178742401512,0.9336863039224664,3.2208557458002827,0.9251207816686295,0.01938738999888301,134,5,3,2026
elastic_net|degree=4|alpha=0.01|l1=0.5,elastic_net,4,0.01,0.5,10,3.050510439773975,0.9330161176109796,4.261942637025219,0.9249240761390276,0.016784336999990046,139,5,3,2026
elastic_net|degree=4|alpha=0.01|l1=0.5,elastic_net,4,0.01,0.5,11,3.1166562237149047,0.9303138684270496,4.315382506965295,0.928224766046019,0.023922581000078935,141,5,3,2026
elastic_net|degree=4|alpha=0.01|l1=0.5,elastic_net,4,0.01,0.5,12,3.159080856218616,0.9343451691580736,3.6672777416317444,0.9210609820009802,0.017276247002882883,143,5,3,2026
elastic_net|degree=4|alpha=0.01|l1=0.5,elastic_net,4,0.01,0.5,13,3.1706758209185524,0.9368354183898656,3.4588268321213094,0.9087036385318319,0.015030501999717671,139,5,3,2026
elastic_net|degree=4|alpha=0.01|l1=0.5,elastic_net,4,0.01,0.5,14,3.075724725213712,0.932257986197474,4.0117491366215745,0.9298749935427087,0.015200706002360675,134,5,3,2026
elastic_net|degree=4|alpha=0.01|l1=0.5,elastic_net,4,0.01,0.5,15,3.270598221770375,0.9352848781932324,3.1488861552414438,0.9138705695334013,0.01651243200103636,136,5,3,2026
elastic_net|degree=4|alpha=0.01|l1=0.9,elastic_net,4,0.01,0.9,1,3.3097670599219295,0.9313128042203463,2.8410295170727653,0.9382151045465305,0.012319446999754291,156,5,3,2026
elastic_net|degree=4|alpha=0.01|l1=0.9,elastic_net,4,0.01,0.9,2,3.000305618843884,0.9385177380405046,4.099692407887597,0.9060966273761135,0.014185784999426687,164,5,3,2026
elastic_net|degree=4|alpha=0.01|l1=0.9,elastic_net,4,0.01,0.9,3,3.1953950081512734,0.933021077184752,3.3099490989998785,0.9307723714600847,0.014895699001499452,154,5,3,2026
elastic_net|degree=4|alpha=0.01|l1=0.9,elastic_net,4,0.01,0.9,4,3.286018642225283,0.930753689946973,2.9238546682273125,0.9405830222460795,0.01208544299879577,159,5,3,2026
elastic_net|degree=4|alpha=0.01|l1=0.9,elastic_net,4,0.01,0.9,5,2.881895157689964,0.9384405408775263,4.642967627074272,0.909474733013664,0.017668855001829797,159,5,3,2026
elastic_net|degree=4|alpha=0.01|l1=0.9,elastic_net,4,0.01,0.9,6,3.2017119671022543,0.9364914488563405,3.2160613649401864,0.9138819805465656,0.011015621003025444,160,5,3,2026
elastic_net|degree=4|alpha=0.01|l1=0.9,elastic_net,4,0.01,0.9,7,3.182686239351981,0.9315765075170049,3.5454805235389535,0.9328703614840819,0.022516952998557827,163,5,3,2026
elastic_net|degree=4|alpha=0.01|l1=0.9,elastic_net,4,0.01,0.9,8,3.048753185672569,0.9359817326948816,3.8829482358203613,0.9197123943355971,0.037694156999350525,163,5,3,2026
elastic_net|degree=4|alpha=0.01|l1=0.9,elastic_net,4,0.01,0.9,9,3.2095362538094663,0.9343539549805028,3.1816119015727087,0.926033131867458,0.03289326099911705,151,5,3,2026
elastic_net|degree=4|alpha=0.01|l1=0.9,elastic_net,4,0.01,0.9,10,3.016008785232686,0.9337737136971583,4.235708464115768,0.9253862022011654,0.011546432000614004,160,5,3,2026
elastic_net|degree=4|alpha=0.01|l1=0.9,elastic_net,4,0.01,0.9,11,3.0894427408219474,0.9309223418079143,4.234184901534387,0.929575278339402,0.01509030500164954,161,5,3,2026
elastic_net|degree=4|alpha=0.01|l1=0.9,elastic_net,4,0.01,0.9,12,3.124025514050597,0.9350737204883178,3.6529005844381595,0.9213704536991816,0.012216251998324879,164,5,3,2026
elastic_net|degree=4|alpha=0.01|l1=0.9,elastic_net,4,0.01,0.9,13,3.132342325271691,0.9375990786790107,3.4422842702682384,0.9091402824518229,0.01717625400124234,159,5,3,2026
elastic_net|degree=4|alpha=0.01|l1=0.9,elastic_net,4,0.01,0.9,14,3.0458040219527174,0.9329169816780096,3.9514204933161783,0.9309295326869268,0.01634623800055124,155,5,3,2026
elastic_net|degree=4|alpha=0.01|l1=0.9,elastic_net,4,0.01,0.9,15,3.2361148964567836,0.9359671975876224,3.1105874875004527,0.9149181280279091,0.015921628000796773,156,5,3,2026
ridge|degree=5|alpha=1e-08|l1=none,ridge,5,1e-08,,1,1.2258771654239795,0.974559519344159,1.2702419613122025,0.9723755890923838,0.005439113003376406,,5,3,2026
ridge|degree=5|alpha=1e-08|l1=none,ridge,5,1e-08,,2,1.180834658525018,0.9758023364852205,1.4552104829521937,0.9666684329868408,0.009290691999922274,,5,3,2026
ridge|degree=5|alpha=1e-08|l1=none,ridge,5,1e-08,,3,1.1714509093903778,0.9754451265518795,1.521296268758629,0.9681820687138049,0.012520459000370465,,5,3,2026
ridge|degree=5|alpha=1e-08|l1=none,ridge,5,1e-08,,4,1.2419721542299706,0.9738279059759704,1.173694200776807,0.9761488274450585,0.007273549999808893,,5,3,2026
ridge|degree=5|alpha=1e-08|l1=none,ridge,5,1e-08,,5,1.1027536275894372,0.9764443488936059,1.8379868033074258,0.96416424591967,0.011358433999703266,,5,3,2026
ridge|degree=5|alpha=1e-08|l1=none,ridge,5,1e-08,,6,1.2366347100517,0.9754703485084502,1.2233468415452489,0.9672418541987458,0.010004105999541935,,5,3,2026
ridge|degree=5|alpha=1e-08|l1=none,ridge,5,1e-08,,7,1.177341883744868,0.9746887259773572,1.5522396978945676,0.9706101079619778,0.014866007000819081,,5,3,2026
ridge|degree=5|alpha=1e-08|l1=none,ridge,5,1e-08,,8,1.1322683178247481,0.976224426374603,1.649942443599035,0.9658841889627577,0.004866601000685478,,5,3,2026
ridge|degree=5|alpha=1e-08|l1=none,ridge,5,1e-08,,9,1.1809100188667565,0.9758463322635818,1.4961419317001392,0.9652173375027521,0.006116827000369085,,5,3,2026
ridge|degree=5|alpha=1e-08|l1=none,ridge,5,1e-08,,10,1.1635325449430878,0.9744508570991679,1.6971205012091293,0.9701045038887233,0.007449154003552394,,5,3,2026
ridge|degree=5|alpha=1e-08|l1=none,ridge,5,1e-08,,11,1.1972178325534448,0.9732310933859244,1.627788545555408,0.9729259449199993,0.013950788001238834,,5,3,2026
ridge|degree=5|alpha=1e-08|l1=none,ridge,5,1e-08,,12,1.1704304928430744,0.9756750714789154,1.5274269304631571,0.9671217752101945,0.009543996999127558,,5,3,2026
ridge|degree=5|alpha=1e-08|l1=none,ridge,5,1e-08,,13,1.1842163015234066,0.9764086486773168,1.445686660239402,0.961840838437703,0.006014124002831522,,5,3,2026
ridge|degree=5|alpha=1e-08|l1=none,ridge,5,1e-08,,14,1.0774322977603719,0.9762698420350023,2.1061140423994686,0.9631853199705727,0.005760618998465361,,5,3,2026
ridge|degree=5|alpha=1e-08|l1=none,ridge,5,1e-08,,15,1.2396253681410607,0.9754716106185053,1.1988633150693346,0.9672082731977006,0.005821320999530144,,5,3,2026
lasso|degree=5|alpha=0.01|l1=none,lasso,5,0.01,,1,1.4102520694937204,0.9707332092433533,1.459074007690308,0.9682689903493489,0.03516052499981015,844,5,3,2026
lasso|degree=5|alpha=0.01|l1=none,lasso,5,0.01,,2,1.3717106026091355,0.9718909066887894,1.7068942788081274,0.9609036206755114,0.027315363000525394,596,5,3,2026
lasso|degree=5|alpha=0.01|l1=none,lasso,5,0.01,,3,1.3579589767989326,0.9715357164728402,1.6584670267194672,0.9653131405234829,0.0440586099975917,746,5,3,2026
lasso|degree=5|alpha=0.01|l1=none,lasso,5,0.01,,4,1.4269461299955413,0.9699299471777422,1.3657414818207214,0.9722461474830597,0.07872142400083249,1091,5,3,2026
lasso|degree=5|alpha=0.01|l1=none,lasso,5,0.01,,5,1.282592178625145,0.9726028614954308,2.2183472223754648,0.9567482501056165,0.05902971800242085,607,5,3,2026
lasso|degree=5|alpha=0.01|l1=none,lasso,5,0.01,,6,1.4173333070442782,0.9718860454210375,1.2863665239747712,0.965554345901616,0.07116746899919235,871,5,3,2026
lasso|degree=5|alpha=0.01|l1=none,lasso,5,0.01,,7,1.3771877814414586,0.9703923067734385,1.6636321936615226,0.968501017833129,0.07136021100086509,1061,5,3,2026
lasso|degree=5|alpha=0.01|l1=none,lasso,5,0.01,,8,1.3267117585398518,0.9721414680617017,1.9609733989183735,0.9594530111119344,0.034328326997638214,571,5,3,2026
lasso|degree=5|alpha=0.01|l1=none,lasso,5,0.01,,9,1.358986973849017,0.9722040466250178,1.598584050906137,0.962835738817261,0.05611218899866799,1042,5,3,2026
lasso|degree=5|alpha=0.01|l1=none,lasso,5,0.01,,10,1.3396211304087189,0.9705842592521031,2.201841170292098,0.9612136356273944,0.05074227500153938,995,5,3,2026
lasso|degree=5|alpha=0.01|l1=none,lasso,5,0.01,,11,1.3715517118133738,0.969333116587813,2.157454574919031,0.9641163195591678,0.04038035600024159,1054,5,3,2026
lasso|degree=5|alpha=0.01|l1=none,lasso,5,0.01,,12,1.3752338813721503,0.9714186651247504,1.6542552567155664,0.9643917655861157,0.04709849799837684,945,5,3,2026
lasso|degree=5|alpha=0.01|l1=none,lasso,5,0.01,,13,1.3607010517772027,0.9728928097710483,1.5985400840761737,0.95780624459662,0.0314635670001735,670,5,3,2026
lasso|degree=5|alpha=0.01|l1=none,lasso,5,0.01,,14,1.2562868331900114,0.9723306187656386,2.3596585765613862,0.958753384799699,0.035223345999838784,869,5,3,2026
lasso|degree=5|alpha=0.01|l1=none,lasso,5,0.01,,15,1.4194522356557078,0.9719133876738844,1.370947578954934,0.9625013644972831,0.03296889900229871,752,5,3,2026
elastic_net|degree=5|alpha=0.01|l1=0.1,elastic_net,5,0.01,0.1,1,1.4822863178940282,0.9692382911922839,1.4711200701615075,0.9680070202761989,0.03441462900082115,633,5,3,2026
elastic_net|degree=5|alpha=0.01|l1=0.1,elastic_net,5,0.01,0.1,2,1.4335676304846552,0.9706233324896837,1.7391782744808484,0.9601641564001889,0.044125833999714814,622,5,3,2026
elastic_net|degree=5|alpha=0.01|l1=0.1,elastic_net,5,0.01,0.1,3,1.4216325456230419,0.9702010498539207,1.6996635740164925,0.9644515141999037,0.04077006399893435,614,5,3,2026
elastic_net|degree=5|alpha=0.01|l1=0.1,elastic_net,5,0.01,0.1,4,1.4889013756668756,0.9686243635465235,1.4005321399072255,0.9715391507297555,0.033758015000785235,646,5,3,2026
elastic_net|degree=5|alpha=0.01|l1=0.1,elastic_net,5,0.01,0.1,5,1.3277206701323407,0.9716388828021799,2.434851762685616,0.9525269991968134,0.043858929002453806,626,5,3,2026
elastic_net|degree=5|alpha=0.01|l1=0.1,elastic_net,5,0.01,0.1,6,1.496185734361183,0.970321943632834,1.2993668840960544,0.9652062290161514,0.03047494599741185,614,5,3,2026
elastic_net|degree=5|alpha=0.01|l1=0.1,elastic_net,5,0.01,0.1,7,1.4365661154094322,0.9691157521015781,1.7491401919064324,0.9668820212050864,0.043433520000689896,621,5,3,2026
elastic_net|degree=5|alpha=0.01|l1=0.1,elastic_net,5,0.01,0.1,8,1.377030601389264,0.971084863956405,2.068755541156415,0.9572244029492392,0.04909056700125802,644,5,3,2026
elastic_net|degree=5|alpha=0.01|l1=0.1,elastic_net,5,0.01,0.1,9,1.4283186383954536,0.9707859758471321,1.6420833178860794,0.961824457540944,0.07708417400135659,661,5,3,2026
elastic_net|degree=5|alpha=0.01|l1=0.1,elastic_net,5,0.01,0.1,10,1.3921364891456705,0.969431113677714,2.262670983183239,0.9601420927207822,0.03264620899790316,615,5,3,2026
elastic_net|degree=5|alpha=0.01|l1=0.1,elastic_net,5,0.01,0.1,11,1.4244114961768974,0.9681512108453555,2.2561904839805336,0.9624741029164693,0.0328513140011637,620,5,3,2026
elastic_net|degree=5|alpha=0.01|l1=0.1,elastic_net,5,0.01,0.1,12,1.435227048990069,0.9701718337041896,1.676860521670922,0.9639051819284543,0.029195034003350884,626,5,3,2026
elastic_net|degree=5|alpha=0.01|l1=0.1,elastic_net,5,0.01,0.1,13,1.4405450546032765,0.9713021983943462,1.6278214007130325,0.9570333589340259,0.03214979900076287,631,5,3,2026
elastic_net|degree=5|alpha=0.01|l1=0.1,elastic_net,5,0.01,0.1,14,1.3012729548075765,0.9713398114783164,2.576249053817619,0.9549674031495672,0.03136138100308017,614,5,3,2026
elastic_net|degree=5|alpha=0.01|l1=0.1,elastic_net,5,0.01,0.1,15,1.4880575510847758,0.9705558986019981,1.4603670324936722,0.9600555324708993,0.026770481999847107,646,5,3,2026
elastic_net|degree=5|alpha=0.01|l1=0.5,elastic_net,5,0.01,0.5,1,1.4563318477371434,0.9697769211746202,1.4756480231450786,0.9679085492465855,0.02856041999984882,627,5,3,2026
elastic_net|degree=5|alpha=0.01|l1=0.5,elastic_net,5,0.01,0.5,2,1.4040957627782975,0.9712272699950423,1.7249690777339077,0.9604896177675459,0.028444018000300275,676,5,3,2026
elastic_net|degree=5|alpha=0.01|l1=0.5,elastic_net,5,0.01,0.5,3,1.3913155547119807,0.9708365266538289,1.6842613416508003,0.9647736520905498,0.027574799001740757,680,5,3,2026
elastic_net|degree=5|alpha=0.01|l1=0.5,elastic_net,5,0.01,0.5,4,1.4583298125697537,0.9692685984604178,1.3879308957398717,0.971795226331768,0.02936253799998667,690,5,3,2026
elastic_net|degree=5|alpha=0.01|l1=0.5,elastic_net,5,0.01,0.5,5,1.308591416709584,0.9720474981159534,2.3466740771192574,0.9542462247373029,0.026007565000327304,635,5,3,2026
elastic_net|degree=5|alpha=0.01|l1=0.5,elastic_net,5,0.01,0.5,6,1.4642993462205212,0.970954435978437,1.2916601737147926,0.9654125953006292,0.027019786997698247,628,5,3,2026
elastic_net|degree=5|alpha=0.01|l1=0.5,elastic_net,5,0.01,0.5,7,1.409697673463152,0.9696933876261893,1.7171834553557526,0.9674870856409372,0.027440796002338175,568,5,3,2026
elastic_net|degree=5|alpha=0.01|l1=0.5,elastic_net,5,0.01,0.5,8,1.3531448209170163,0.9715864218674388,2.01951187718051,0.9582426127307385,0.030000652001035633,690,5,3,2026
elastic_net|degree=5|alpha=0.01|l1=0.5,elastic_net,5,0.01,0.5,9,1.3978229234350326,0.9714097180076443,1.6229086365748333,0.9622702350801,0.03511281600003713,664,5,3,2026
elastic_net|degree=5|alpha=0.01|l1=0.5,elastic_net,5,0.01,0.5,10,1.3663854041628303,0.9699965625368262,2.2376337400097914,0.9605831343588954,0.07318307999958051,700,5,3,2026
elastic_net|degree=5|alpha=0.01|l1=0.5,elastic_net,5,0.01,0.5,11,1.3975287263891127,0.9687522897254137,2.226864855202928,0.9629618589526869,0.03645894799774396,672,5,3,2026
elastic_net|degree=5|alpha=0.01|l1=0.5,elastic_net,5,0.01,0.5,12,1.4070635314710713,0.9707571529988773,1.667662269009773,0.9641031764855982,0.041941359002521494,676,5,3,2026
elastic_net|degree=5|alpha=0.01|l1=0.5,elastic_net,5,0.01,0.5,13,1.4095130448536395,0.9719204022168327,1.617256062409099,0.9573122329545092,0.026950198000122327,681,5,3,2026
elastic_net|degree=5|alpha=0.01|l1=0.5,elastic_net,5,0.01,0.5,14,1.281264085666715,0.9717805014654279,2.492002439113916,0.9564400262371308,0.028241626001545228,672,5,3,2026
elastic_net|degree=5|alpha=0.01|l1=0.5,elastic_net,5,0.01,0.5,15,1.459243206498177,0.9711260462304324,1.426429912614986,0.9609837923897161,0.02662891499858233,653,5,3,2026
elastic_net|degree=5|alpha=0.01|l1=0.9,elastic_net,5,0.01,0.9,1,1.4214198762223753,0.9705014451000427,1.4640876888879597,0.9681599560127564,0.03373681900120573,795,5,3,2026
elastic_net|degree=5|alpha=0.01|l1=0.9,elastic_net,5,0.01,0.9,2,1.3789561149776404,0.9717424316512221,1.7135187829403202,0.9607518865408292,0.030877778001013212,602,5,3,2026
elastic_net|degree=5|alpha=0.01|l1=0.9,elastic_net,5,0.01,0.9,3,1.3652612805713198,0.9713826523166103,1.66362907521553,0.9652051762119174,0.038505452997924294,769,5,3,2026
elastic_net|degree=5|alpha=0.01|l1=0.9,elastic_net,5,0.01,0.9,4,1.4318842563170862,0.9698258859828516,1.371073114335555,0.9721378009588743,0.03441748100158293,855,5,3,2026
elastic_net|degree=5|alpha=0.01|l1=0.9,elastic_net,5,0.01,0.9,5,1.2898866460728642,0.9724470461565314,2.2509767645977177,0.9561120625939726,0.029171873000450432,620,5,3,2026
elastic_net|degree=5|alpha=0.01|l1=0.9,elastic_net,5,0.01,0.9,6,1.4306086476899917,0.9716227182826157,1.290424429045182,0.9654456854290258,0.05014120399937383,756,5,3,2026
elastic_net|degree=5|alpha=0.01|l1=0.9,elastic_net,5,0.01,0.9,7,1.3840784564875919,0.9702441664866605,1.6750669865068775,0.968284513044817,0.05160202200204367,769,5,3,2026
elastic_net|degree=5|alpha=0.01|l1=0.9,elastic_net,5,0.01,0.9,8,1.3338867004896904,0.9719908073411809,1.9775263054990535,0.9591107471528403,0.03839315900040674,574,5,3,2026
elastic_net|degree=5|alpha=0.01|l1=0.9,elastic_net,5,0.01,0.9,9,1.367630567575626,0.9720272554321364,1.6035984148811604,0.9627191636942154,0.041112308001174824,761,5,3,2026
elastic_net|degree=5|alpha=0.01|l1=0.9,elastic_net,5,0.01,0.9,10,1.3448862591427782,0.9704686462191867,2.212686306123002,0.9610225939684031,0.03796108299866319,853,5,3,2026
elastic_net|degree=5|alpha=0.01|l1=0.9,elastic_net,5,0.01,0.9,11,1.3766808133365322,0.9692184336654958,2.176947978055487,0.9637920971829543,0.03976008300014655,831,5,3,2026
elastic_net|degree=5|alpha=0.01|l1=0.9,elastic_net,5,0.01,0.9,12,1.382350067927075,0.971270770200319,1.6563777218341846,0.9643460790240376,0.03597039500164101,746,5,3,2026
elastic_net|degree=5|alpha=0.01|l1=0.9,elastic_net,5,0.01,0.9,13,1.3713630481741672,0.9726804069334262,1.6044526776784291,0.9576501806162805,0.04050084100163076,685,5,3,2026
elastic_net|degree=5|alpha=0.01|l1=0.9,elastic_net,5,0.01,0.9,14,1.2620014110818183,0.9722047567171761,2.391007477349822,0.9582054088930925,0.036328774000139674,830,5,3,2026
elastic_net|degree=5|alpha=0.01|l1=0.9,elastic_net,5,0.01,0.9,15,1.4271219732147244,0.971761627058027,1.3826753530313913,0.9621805823374819,0.041686798002047,770,5,3,2026
ridge|degree=6|alpha=1e-08|l1=none,ridge,6,1e-08,,1,0.45375426638043703,0.9905832925500621,0.5301430573352418,0.9884707873761941,0.007542382998508401,,5,3,2026
ridge|degree=6|alpha=1e-08|l1=none,ridge,6,1e-08,,2,0.4350662613189886,0.9910846222864258,0.5857057060227859,0.9865844225155094,0.005368704001739388,,5,3,2026
ridge|degree=6|alpha=1e-08|l1=none,ridge,6,1e-08,,3,0.42941752559436774,0.9909989459115602,0.6585086078112061,0.9862272838861282,0.034076817999448394,,5,3,2026
ridge|degree=6|alpha=1e-08|l1=none,ridge,6,1e-08,,4,0.4495617032841295,0.9905263808629831,0.5422389004399604,0.9889809171998672,0.017485634998593014,,5,3,2026
ridge|degree=6|alpha=1e-08|l1=none,ridge,6,1e-08,,5,0.4271201524084633,0.9908763906652144,0.6392854237266793,0.9875356693581346,0.006903418998263078,,5,3,2026
ridge|degree=6|alpha=1e-08|l1=none,ridge,6,1e-08,,6,0.4475657395835324,0.9911221709027698,0.5399201557119296,0.9855422987322986,0.0046159449993865564,,5,3,2026
ridge|degree=6|alpha=1e-08|l1=none,ridge,6,1e-08,,7,0.44617356729851937,0.9904078657359648,0.5726722723044445,0.9891571022961045,0.01860427299834555,,5,3,2026
ridge|degree=6|alpha=1e-08|l1=none,ridge,6,1e-08,,8,0.44024751001359574,0.9907556036648321,0.575845159066345,0.9880932667017369,0.04270524199819192,,5,3,2026
ridge|degree=6|alpha=1e-08|l1=none,ridge,6,1e-08,,9,0.4377288601312219,0.9910469406835953,0.6417942698801582,0.9850794145869957,0.015755630000057863,,5,3,2026
ridge|degree=6|alpha=1e-08|l1=none,ridge,6,1e-08,,10,0.41750404821928444,0.9908323401558552,0.6846352659144455,0.9879398599479495,0.0049452260027464945,,5,3,2026
ridge|degree=6|alpha=1e-08|l1=none,ridge,6,1e-08,,11,0.4104627623931721,0.9908223557515646,0.7636065933326381,0.9872993780280684,0.004996523999579949,,5,3,2026
ridge|degree=6|alpha=1e-08|l1=none,ridge,6,1e-08,,12,0.4341007646122323,0.9909781314356474,0.6257707947722326,0.9865301361085875,0.011874543997691944,,5,3,2026
ridge|degree=6|alpha=1e-08|l1=none,ridge,6,1e-08,,13,0.42873915203468455,0.9914588779529314,0.6315669977099867,0.9833296745651375,0.0045722469985776115,,5,3,2026
ridge|degree=6|alpha=1e-08|l1=none,ridge,6,1e-08,,14,0.4520474909368471,0.9900437750103552,0.5332441413357095,0.9906789413841639,0.004878130999713903,,5,3,2026
ridge|degree=6|alpha=1e-08|l1=none,ridge,6,1e-08,,15,0.46354961694003677,0.9908277728141377,0.4699567054246192,0.9871455805682889,0.008096752997516887,,5,3,2026
lasso|degree=6|alpha=0.01|l1=none,lasso,6,0.01,,1,0.7550277558194713,0.9843310002353254,0.8317691632364328,0.9819112154649724,0.04923927999698208,990,5,3,2026
lasso|degree=6|alpha=0.01|l1=none,lasso,6,0.01,,2,0.7740510851044549,0.9841381453657505,0.9916952325161758,0.9772852405294765,0.03294748000189429,693,5,3,2026
lasso|degree=6|alpha=0.01|l1=none,lasso,6,0.01,,3,0.7513666670017004,0.9842505449665288,1.0482491013703763,0.9780758563843489,0.051809639000566676,945,5,3,2026
lasso|degree=6|alpha=0.01|l1=none,lasso,6,0.01,,4,0.7720459856448352,0.9837306657332433,0.8499842639109582,0.982727083993337,0.045935363003081875,921,5,3,2026
lasso|degree=6|alpha=0.01|l1=none,lasso,6,0.01,,5,0.7480552109299308,0.9840209752059451,1.2054490760118133,0.9764970147954348,0.04863931400177535,880,5,3,2026
lasso|degree=6|alpha=0.01|l1=none,lasso,6,0.01,,6,0.7559021004980244,0.9850060693459172,0.8883551233696623,0.9762120882922488,0.044029267999576405,926,5,3,2026
lasso|degree=6|alpha=0.01|l1=none,lasso,6,0.01,,7,0.7761882309858938,0.9833129923611112,0.8588253841982666,0.9837391188001852,0.07244050000008428,977,5,3,2026
lasso|degree=6|alpha=0.01|l1=none,lasso,6,0.01,,8,0.7780012451919279,0.9836633900335149,0.9991834480035238,0.9793399134400883,0.05812509099996532,654,5,3,2026
lasso|degree=6|alpha=0.01|l1=none,lasso,6,0.01,,9,0.732527244018968,0.9850173007449904,1.0463751743598728,0.9756736217573287,0.07523648500136915,925,5,3,2026
lasso|degree=6|alpha=0.01|l1=none,lasso,6,0.01,,10,0.7289642328209578,0.9839932183806264,1.1559659478957247,0.979637170445196,0.091843076999794,1044,5,3,2026
lasso|degree=6|alpha=0.01|l1=none,lasso,6,0.01,,11,0.7236385405191278,0.9838199766268201,1.3666033083894904,0.9772700862499165,0.04593228800149518,933,5,3,2026
lasso|degree=6|alpha=0.01|l1=none,lasso,6,0.01,,12,0.7572524300863285,0.9842621058261021,0.9862038973897189,0.9787717285977605,0.042644968001695815,884,5,3,2026
lasso|degree=6|alpha=0.01|l1=none,lasso,6,0.01,,13,0.7382107592277778,0.9852937429178068,0.9453866476625479,0.9750463479956164,0.056797293000272475,995,5,3,2026
lasso|degree=6|alpha=0.01|l1=none,lasso,6,0.01,,14,0.7636315133318158,0.9831812203178966,1.1337934527382558,0.9801813945770645,0.06208600399986608,919,5,3,2026
lasso|degree=6|alpha=0.01|l1=none,lasso,6,0.01,,15,0.7752257621039509,0.9846606564853004,0.8423131852004547,0.976960756490017,0.04899511199982953,973,5,3,2026
elastic_net|degree=6|alpha=0.01|l1=0.1,elastic_net,6,0.01,0.1,1,0.7676579383024851,0.9840688875847258,0.7866198669038489,0.9828930935260566,0.054960211000434356,866,5,3,2026
elastic_net|degree=6|alpha=0.01|l1=0.1,elastic_net,6,0.01,0.1,2,0.7589321781176698,0.9844479620037838,0.9667727432537461,0.9778560896476742,0.06004929499977152,877,5,3,2026
elastic_net|degree=6|alpha=0.01|l1=0.1,elastic_net,6,0.01,0.1,3,0.7361713695190862,0.9845690547766294,1.0528256469181358,0.9779801378745772,0.04417713200018625,749,5,3,2026
elastic_net|degree=6|alpha=0.01|l1=0.1,elastic_net,6,0.01,0.1,4,0.7662842767859608,0.9838520822927692,0.8281792505520018,0.9831701935663784,0.05870647299889242,850,5,3,2026
elastic_net|degree=6|alpha=0.01|l1=0.1,elastic_net,6,0.01,0.1,5,0.7272665443545887,0.9844650368390829,1.2297100905284926,0.9760239908605544,0.04619236500002444,803,5,3,2026
elastic_net|degree=6|alpha=0.01|l1=0.1,elastic_net,6,0.01,0.1,6,0.758476310668129,0.9849550078013677,0.8446831337936368,0.9773815141274889,0.05381869200209621,878,5,3,2026
elastic_net|degree=6|alpha=0.01|l1=0.1,elastic_net,6,0.01,0.1,7,0.7733854691872497,0.9833732479868433,0.9045684729981603,0.9828730254750769,0.05253987299875007,900,5,3,2026
elastic_net|degree=6|alpha=0.01|l1=0.1,elastic_net,6,0.01,0.1,8,0.7645248797262099,0.9839463691774941,0.9781641349693327,0.9797745291531327,0.053652417998819146,747,5,3,2026
elastic_net|degree=6|alpha=0.01|l1=0.1,elastic_net,6,0.01,0.1,9,0.736610903680141,0.9849337758726219,1.0217467592136071,0.9762461889942493,0.049703450000379235,901,5,3,2026
elastic_net|degree=6|alpha=0.01|l1=0.1,elastic_net,6,0.01,0.1,10,0.7189119176255409,0.9842139496687439,1.1319490951068598,0.9800602374746987,0.05441793000136386,738,5,3,2026
elastic_net|degree=6|alpha=0.01|l1=0.1,elastic_net,6,0.01,0.1,11,0.7242516764030423,0.9838062673612445,1.2368342568582589,0.9794284590056588,0.04954664799879538,848,5,3,2026
elastic_net|degree=6|alpha=0.01|l1=0.1,elastic_net,6,0.01,0.1,12,0.7456720504812709,0.9845027795849135,0.9993818571551805,0.9784880699069265,0.06009012800132041,892,5,3,2026
elastic_net|degree=6|alpha=0.01|l1=0.1,elastic_net,6,0.01,0.1,13,0.749108588418282,0.9850766419399221,0.9675117186433495,0.9744623527348495,0.0449131679997663,788,5,3,2026
elastic_net|degree=6|alpha=0.01|l1=0.1,elastic_net,6,0.01,0.1,14,0.744120178240149,0.9836109522507481,1.149423253488766,0.9799081870954326,0.05135307900127373,743,5,3,2026
elastic_net|degree=6|alpha=0.01|l1=0.1,elastic_net,6,0.01,0.1,15,0.7738135611681404,0.9846885996166115,0.8424756157388351,0.9769563136333778,0.061591753001266625,909,5,3,2026
elastic_net|degree=6|alpha=0.01|l1=0.5,elastic_net,6,0.01,0.5,1,0.7639800768405007,0.9841452137991439,0.8075717622700614,0.982437445087005,0.06599952900069184,610,5,3,2026
elastic_net|degree=6|alpha=0.01|l1=0.5,elastic_net,6,0.01,0.5,2,0.7609204940368347,0.9844072174344864,0.9755494718124667,0.977655058855539,0.05451023199930205,669,5,3,2026
elastic_net|degree=6|alpha=0.01|l1=0.5,elastic_net,6,0.01,0.5,3,0.736651744802121,0.9845589855930315,1.0445508347687127,0.9781532056785174,0.06432839999979478,690,5,3,2026
elastic_net|degree=6|alpha=0.01|l1=0.5,elastic_net,6,0.01,0.5,4,0.7640784797957859,0.9838985650790605,0.8306992918049292,0.9831189826643143,0.054377229997044196,714,5,3,2026
elastic_net|degree=6|alpha=0.01|l1=0.5,elastic_net,6,0.01,0.5,5,0.7331188451899158,0.9843400272692228,1.2140380110237003,0.9763295538744184,0.028229081999597838,526,5,3,2026
elastic_net|degree=6|alpha=0.01|l1=0.5,elastic_net,6,0.01,0.5,6,0.7585370139413979,0.9849538037027559,0.86264822972395,0.976900454127305,0.04456696299894247,552,5,3,2026
elastic_net|degree=6|alpha=0.01|l1=0.5,elastic_net,6,0.01,0.5,7,0.774575712956973,0.983347659339548,0.8864349555590934,0.9832163629895901,0.052551212000253145,643,5,3,2026
elastic_net|degree=6|alpha=0.01|l1=0.5,elastic_net,6,0.01,0.5,8,0.768980669760903,0.9838528056975651,0.987090289345756,0.979589963323472,0.05163691000052495,691,5,3,2026
elastic_net|degree=6|alpha=0.01|l1=0.5,elastic_net,6,0.01,0.5,9,0.7358078757673107,0.9849502005528089,1.0381893237595028,0.9758639283536835,0.034592610001709545,570,5,3,2026
elastic_net|degree=6|alpha=0.01|l1=0.5,elastic_net,6,0.01,0.5,10,0.7193369479465335,0.9842046167450921,1.1375606363724484,0.9799613877996378,0.044345482001517667,685,5,3,2026
elastic_net|degree=6|alpha=0.01|l1=0.5,elastic_net,6,0.01,0.5,11,0.7224084170250328,0.9838474812797261,1.2983174691514787,0.9784058446859628,0.03451110800233437,636,5,3,2026
elastic_net|degree=6|alpha=0.01|l1=0.5,elastic_net,6,0.01,0.5,12,0.7460026510051767,0.9844959087504963,0.9912259617073008,0.9786636274793049,0.039662799001234816,632,5,3,2026
elastic_net|degree=6|alpha=0.01|l1=0.5,elastic_net,6,0.01,0.5,13,0.7449621092313623,0.9851592459769759,0.9591171327708602,0.9746839293512539,0.0373620580030547,663,5,3,2026
elastic_net|degree=6|alpha=0.01|l1=0.5,elastic_net,6,0.01,0.5,14,0.7540966147231717,0.9833912239075733,1.1439311132211123,0.9800041892028969,0.04470398799821851,631,5,3,2026
elastic_net|degree=6|alpha=0.01|l1=0.5,elastic_net,6,0.01,0.5,15,0.7735367040790225,0.9846940777704629,0.83875738541848,0.9770580159636773,0.03693885000029695,669,5,3,2026
elastic_net|degree=6|alpha=0.01|l1=0.9,elastic_net,6,0.01,0.9,1,0.7595907959879525,0.984236304014193,0.8299395765924754,0.9819510041468008,0.044618986001296435,718,5,3,2026
elastic_net|degree=6|alpha=0.01|l1=0.9,elastic_net,6,0.01,0.9,2,0.7730278443749752,0.9841591136145124,0.9920927373720149,0.9772761356887021,0.034848814000724815,732,5,3,2026
elastic_net|degree=6|alpha=0.01|l1=0.9,elastic_net,6,0.01,0.9,3,0.7507145050326143,0.9842642149841883,1.0459873685474923,0.9781231605558137,0.048100847998284735,733,5,3,2026
elastic_net|degree=6|alpha=0.01|l1=0.9,elastic_net,6,0.01,0.9,4,0.7716676774910067,0.9837386378254825,0.845181214240829,0.982824688945629,0.04743863599651377,707,5,3,2026
elastic_net|degree=6|alpha=0.01|l1=0.9,elastic_net,6,0.01,0.9,5,0.7456167306180213,0.9840730629887645,1.2040004673825069,0.9765252587319555,0.043537367000681115,688,5,3,2026
elastic_net|degree=6|alpha=0.01|l1=0.9,elastic_net,6,0.01,0.9,6,0.758215361377445,0.9849601839419899,0.8857900801889085,0.9762807736851792,0.045405000000755535,683,5,3,2026
elastic_net|degree=6|alpha=0.01|l1=0.9,elastic_net,6,0.01,0.9,7,0.780044329483931,0.9832300914067753,0.867280299773821,0.9835790345965063,0.05833492800229578,730,5,3,2026
elastic_net|degree=6|alpha=0.01|l1=0.9,elastic_net,6,0.01,0.9,8,0.7791765884540632,0.9836387099644676,1.0018919372461037,0.9792839100882412,0.04438628199932282,728,5,3,2026
elastic_net|degree=6|alpha=0.01|l1=0.9,elastic_net,6,0.01,0.9,9,0.7356419572145945,0.9849535941573423,1.0469048217011245,0.9756613083903125,0.053456855002878,696,5,3,2026
elastic_net|degree=6|alpha=0.01|l1=0.9,elastic_net,6,0.01,0.9,10,0.7268655800185596,0.9840393011314533,1.1496010601633944,0.9797492906372007,0.04325438500018208,809,5,3,2026
elastic_net|degree=6|alpha=0.01|l1=0.9,elastic_net,6,0.01,0.9,11,0.7245445017683432,0.9837997200023222,1.3558374579178263,0.9774491483458189,0.03756208100094227,758,5,3,2026
elastic_net|degree=6|alpha=0.01|l1=0.9,elastic_net,6,0.01,0.9,12,0.7570061159832335,0.9842672249450828,0.9845758175004542,0.9788067734012188,0.03651416200227686,662,5,3,2026
elastic_net|degree=6|alpha=0.01|l1=0.9,elastic_net,6,0.01,0.9,13,0.7396550076327505,0.9852649713399497,0.9464287114723514,0.9750188425323856,0.03863709999859566,755,5,3,2026
elastic_net|degree=6|alpha=0.01|l1=0.9,elastic_net,6,0.01,0.9,14,0.7625361742096998,0.9832053448688749,1.139257600271155,0.9800858817800329,0.03283569599807379,676,5,3,2026
elastic_net|degree=6|alpha=0.01|l1=0.9,elastic_net,6,0.01,0.9,15,0.7761412671790672,0.9846425414438207,0.8403229137480003,0.9770151950877378,0.03641436100224382,713,5,3,2026
ridge|degree=7|alpha=1e-08|l1=none,ridge,7,1e-08,,1,0.22186209176687677,0.995395722823577,0.2779557912877329,0.9939551949734428,0.01685240599908866,,5,3,2026
ridge|degree=7|alpha=1e-08|l1=none,ridge,7,1e-08,,2,0.21107680819152713,0.995674614101544,0.3141696473215048,0.9928039505103391,0.005100193000544095,,5,3,2026
ridge|degree=7|alpha=1e-08|l1=none,ridge,7,1e-08,,3,0.2198294707237652,0.9953921373994251,0.29924883212837244,0.9937412067763078,0.006555217998538865,,5,3,2026
ridge|degree=7|alpha=1e-08|l1=none,ridge,7,1e-08,,4,0.2171599327651224,0.9954237861459103,0.30477529710218176,0.9938065228601652,0.005118692999531049,,5,3,2026
ridge|degree=7|alpha=1e-08|l1=none,ridge,7,1e-08,,5,0.2059337932971277,0.9956010985005533,0.36411100778122557,0.9929008236025911,0.02697979000004125,,5,3,2026
ridge|degree=7|alpha=1e-08|l1=none,ridge,7,1e-08,,6,0.22357719048606023,0.995565165267071,0.26311267159740886,0.9929545056515139,0.004974290000973269,,5,3,2026
ridge|degree=7|alpha=1e-08|l1=none,ridge,7,1e-08,,7,0.21289227247163056,0.995423101207703,0.33250530484101376,0.9937043904851796,0.005677902998286299,,5,3,2026
ridge|degree=7|alpha=1e-08|l1=none,ridge,7,1e-08,,8,0.20759090480473907,0.9956409688733234,0.33716189514842854,0.9930285134802935,0.00495168900306453,,5,3,2026
ridge|degree=7|alpha=1e-08|l1=none,ridge,7,1e-08,,9,0.21925134569725566,0.9955155565876086,0.29656998713847477,0.9931052705957324,0.005117493001307594,,5,3,2026
ridge|degree=7|alpha=1e-08|l1=none,ridge,7,1e-08,,10,0.20892947468297174,0.9954122735732054,0.3514566551772696,0.9938089422285284,0.0053731980005977675,,5,3,2026
ridge|degree=7|alpha=1e-08|l1=none,ridge,7,1e-08,,11,0.20209345040110613,0.9954813396910691,0.41867411656397224,0.9930364382257304,0.004918189999443712,,5,3,2026
ridge|degree=7|alpha=1e-08|l1=none,ridge,7,1e-08,,12,0.21164832790165014,0.995601336021835,0.3220861662454793,0.9930670193353901,0.0056658029971004,,5,3,2026
ridge|degree=7|alpha=1e-08|l1=none,ridge,7,1e-08,,13,0.21002057317739947,0.9958160775861256,0.35607008884951136,0.990601465433969,0.005140193999977782,,5,3,2026
ridge|degree=7|alpha=1e-08|l1=none,ridge,7,1e-08,,14,0.21152799578743184,0.9953411525118662,0.3532581142478443,0.9938250806072131,0.005160993001481984,,5,3,2026
ridge|degree=7|alpha=1e-08|l1=none,ridge,7,1e-08,,15,0.2319680896807283,0.9954100619638796,0.2238941559860016,0.9938759690921898,0.007138528999348637,,5,3,2026
lasso|degree=7|alpha=0.01|l1=none,lasso,7,0.01,,1,0.5006576979876509,0.9896099113026161,0.6080262960965811,0.9867770324413967,0.06818423699951381,1106,5,3,2026
lasso|degree=7|alpha=0.01|l1=none,lasso,7,0.01,,2,0.5147195814282722,0.9894523664715033,0.672199589555482,0.9846032818427527,0.0767683929989289,1111,5,3,2026
lasso|degree=7|alpha=0.01|l1=none,lasso,7,0.01,,3,0.5210964196754064,0.9890772574959569,0.7514169128696224,0.9842841054750764,0.09901599599834299,1256,5,3,2026
lasso|degree=7|alpha=0.01|l1=none,lasso,7,0.01,,4,0.5178914172982401,0.9890864679843235,0.5840612045674146,0.9881310271759335,0.10611816000164254,1673,5,3,2026
lasso|degree=7|alpha=0.01|l1=none,lasso,7,0.01,,5,0.5103858136734795,0.989097773196334,0.8256743157475016,0.9839015918523855,0.07547360700118588,1243,5,3,2026
lasso|degree=7|alpha=0.01|l1=none,lasso,7,0.01,,6,0.5189945000354504,0.9897053235620659,0.49149068912955696,0.9868391178137771,0.08365095999761252,1216,5,3,2026
lasso|degree=7|alpha=0.01|l1=none,lasso,7,0.01,,7,0.5097180291586316,0.9890417448929292,0.76631192495259,0.9854907558591924,0.0800435919991287,1080,5,3,2026
lasso|degree=7|alpha=0.01|l1=none,lasso,7,0.01,,8,0.5113930860231364,0.9892616760737238,0.7468695616258421,0.9845570001955248,0.09303653499955544,1439,5,3,2026
lasso|degree=7|alpha=0.01|l1=none,lasso,7,0.01,,9,0.49713885736311425,0.989831802095189,0.7062324789858243,0.9835813398176437,0.09111049899729551,1519,5,3,2026
lasso|degree=7|alpha=0.01|l1=none,lasso,7,0.01,,10,0.4993062759089088,0.98903610608064,0.8183228660770382,0.9855848962739269,0.07866406699758954,1369,5,3,2026
lasso|degree=7|alpha=0.01|l1=none,lasso,7,0.01,,11,0.4859716148984152,0.9891340335713497,0.9940831456071249,0.9834659962980115,0.12351250299980165,1964,5,3,2026
lasso|degree=7|alpha=0.01|l1=none,lasso,7,0.01,,12,0.5052544063522494,0.9894993531058582,0.7260576579776736,0.9843714377341041,0.07609482000043499,1183,5,3,2026
lasso|degree=7|alpha=0.01|l1=none,lasso,7,0.01,,13,0.5035619284775464,0.9899682968794136,0.6475083135512909,0.9829089006426589,0.08504838600129005,1217,5,3,2026
lasso|degree=7|alpha=0.01|l1=none,lasso,7,0.01,,14,0.5125366949862468,0.9887115164821367,0.941844103752114,0.983536651568149,0.0669357709994074,1042,5,3,2026
lasso|degree=7|alpha=0.01|l1=none,lasso,7,0.01,,15,0.5236266758236048,0.9896390318194282,0.5532310969193176,0.9848678304184615,0.09703285899740877,1274,5,3,2026
elastic_net|degree=7|alpha=0.01|l1=0.1,elastic_net,7,0.01,0.1,1,0.4697331389389236,0.9902516849390451,0.5350670370776218,0.988363703809561,0.1676412109991361,2308,5,3,2026
elastic_net|degree=7|alpha=0.01|l1=0.1,elastic_net,7,0.01,0.1,2,0.4644192483327826,0.9904831208841882,0.6015579619461071,0.9862213269105725,0.16589447800288326,2283,5,3,2026
elastic_net|degree=7|alpha=0.01|l1=0.1,elastic_net,7,0.01,0.1,3,0.46505129993236877,0.9902520236015133,0.6626430802875987,0.9861408113404052,0.1511840970015328,2133,5,3,2026
elastic_net|degree=7|alpha=0.01|l1=0.1,elastic_net,7,0.01,0.1,4,0.469491355062634,0.9901064030732745,0.5432983543702867,0.988959387555698,0.14923907499905908,2225,5,3,2026
elastic_net|degree=7|alpha=0.01|l1=0.1,elastic_net,7,0.01,0.1,5,0.45636338691284356,0.9902517330699241,0.7460491852689191,0.9854540657816379,0.17336093400081154,2107,5,3,2026
elastic_net|degree=7|alpha=0.01|l1=0.1,elastic_net,7,0.01,0.1,6,0.47728419377542564,0.9905326812836693,0.46731391729162347,0.9874865108424543,0.17496824900081265,1927,5,3,2026
elastic_net|degree=7|alpha=0.01|l1=0.1,elastic_net,7,0.01,0.1,7,0.46516592986941524,0.9899995553717398,0.6866017846729163,0.986999976645346,0.18230274099914823,2606,5,3,2026
elastic_net|degree=7|alpha=0.01|l1=0.1,elastic_net,7,0.01,0.1,8,0.46768293673711797,0.9901795096438826,0.6536129868505219,0.986485263630021,0.18055379100042046,2307,5,3,2026
elastic_net|degree=7|alpha=0.01|l1=0.1,elastic_net,7,0.01,0.1,9,0.45607878493436643,0.9906716216672415,0.6570383523502223,0.9847250165419961,0.1861239329991804,2470,5,3,2026
elastic_net|degree=7|alpha=0.01|l1=0.1,elastic_net,7,0.01,0.1,10,0.45330081870787,0.9900463055850337,0.6934136896661998,0.987785224297183,0.14994055699935416,2014,5,3,2026
elastic_net|degree=7|alpha=0.01|l1=0.1,elastic_net,7,0.01,0.1,11,0.4391014599118801,0.9901820156241611,0.8360926662130826,0.9860937595618023,0.15680093899936765,2140,5,3,2026
elastic_net|degree=7|alpha=0.01|l1=0.1,elastic_net,7,0.01,0.1,12,0.45637609704060833,0.9905151856456864,0.6534547887879447,0.9859342316105227,0.17512923200047226,2528,5,3,2026
elastic_net|degree=7|alpha=0.01|l1=0.1,elastic_net,7,0.01,0.1,13,0.4670773794090677,0.9906951234007314,0.639499344157588,0.9831202988421769,0.14525576300002285,2109,5,3,2026
elastic_net|degree=7|alpha=0.01|l1=0.1,elastic_net,7,0.01,0.1,14,0.46209927070381396,0.9898223872515185,0.7925769973859557,0.9861458268782988,0.13031247800245183,1992,5,3,2026
elastic_net|degree=7|alpha=0.01|l1=0.1,elastic_net,7,0.01,0.1,15,0.48409464101305255,0.9904212497118631,0.49725946073900723,0.9863987860989231,0.16570589399998426,2446,5,3,2026
elastic_net|degree=7|alpha=0.01|l1=0.5,elastic_net,7,0.01,0.5,1,0.4842765192006668,0.9899498679261706,0.565362647896999,0.9877048542143964,0.10694762800267199,1516,5,3,2026
elastic_net|degree=7|alpha=0.01|l1=0.5,elastic_net,7,0.01,0.5,2,0.48323453024697005,0.9900975581321058,0.6328772279276955,0.9855039597495344,0.10767524399852846,1366,5,3,2026
elastic_net|degree=7|alpha=0.01|l1=0.5,elastic_net,7,0.01,0.5,3,0.48594026149469066,0.989814168456655,0.6894670557681806,0.9855797875436663,0.13603458699799376,1213,5,3,2026
elastic_net|degree=7|alpha=0.01|l1=0.5,elastic_net,7,0.01,0.5,4,0.4871529788007591,0.9897342194655205,0.5616212181148817,0.9885870403254026,0.1631304469992756,1341,5,3,2026
elastic_net|degree=7|alpha=0.01|l1=0.5,elastic_net,7,0.01,0.5,5,0.47782454926424106,0.98979330641864,0.766815669526587,0.9850491757021054,0.1423882130002312,1441,5,3,2026
elastic_net|degree=7|alpha=0.01|l1=0.5,elastic_net,7,0.01,0.5,6,0.49454885780035296,0.9901902226835606,0.47758580793065525,0.987211455494469,0.1340793399976974,1322,5,3,2026
elastic_net|degree=7|alpha=0.01|l1=0.5,elastic_net,7,0.01,0.5,7,0.4838848130865642,0.9895971244474274,0.71199037067151,0.9865192726648275,0.13081022999904235,1477,5,3,2026
elastic_net|degree=7|alpha=0.01|l1=0.5,elastic_net,7,0.01,0.5,8,0.48970014901466413,0.9897171882636143,0.6853233662376812,0.9858295890546511,0.1301393489993643,1483,5,3,2026
elastic_net|degree=7|alpha=0.01|l1=0.5,elastic_net,7,0.01,0.5,9,0.474788833885446,0.9902889368746015,0.6766147575645686,0.9842698996302561,0.11907968299783533,1675,5,3,2026
elastic_net|degree=7|alpha=0.01|l1=0.5,elastic_net,7,0.01,0.5,10,0.47127793906953114,0.9896515594139346,0.7433131120593839,0.986906224846615,0.11570652699811035,1310,5,3,2026
elastic_net|degree=7|alpha=0.01|l1=0.5,elastic_net,7,0.01,0.5,11,0.45544471628745314,0.9898165924807767,0.8999523864675925,0.9850316181747746,0.1046566429977247,1316,5,3,2026
elastic_net|degree=7|alpha=0.01|l1=0.5,elastic_net,7,0.01,0.5,12,0.47438117952889003,0.9901409879917276,0.6861195247353187,0.9852311154681016,0.09386766299940064,1385,5,3,2026
elastic_net|degree=7|alpha=0.01|l1=0.5,elastic_net,7,0.01,0.5,13,0.4816807878443727,0.9904042017688786,0.6377827676861477,0.9831656081894299,0.11586102900037076,1323,5,3,2026
elastic_net|degree=7|alpha=0.01|l1=0.5,elastic_net,7,0.01,0.5,14,0.4862738280737277,0.9892899490961797,0.8565721862400935,0.985027196854635,0.1113892549983575,1288,5,3,2026
elastic_net|degree=7|alpha=0.01|l1=0.5,elastic_net,7,0.01,0.5,15,0.503306242857226,0.9900411109515674,0.5173965953440204,0.9858479881820559,0.11629093599913176,1738,5,3,2026
elastic_net|degree=7|alpha=0.01|l1=0.9,elastic_net,7,0.01,0.9,1,0.4956137949213118,0.9897145868133511,0.597608929478729,0.9870035826773293,0.09898169699954451,1389,5,3,2026
elastic_net|degree=7|alpha=0.01|l1=0.9,elastic_net,7,0.01,0.9,2,0.5050943888865131,0.9896496059145607,0.6651010116503886,0.9847658746277234,0.07242984200274805,1099,5,3,2026
elastic_net|degree=7|alpha=0.01|l1=0.9,elastic_net,7,0.01,0.9,3,0.5123616327352,0.9892603480430671,0.7357315758182679,0.9846121645039124,0.08103068900163635,1247,5,3,2026
elastic_net|degree=7|alpha=0.01|l1=0.9,elastic_net,7,0.01,0.9,4,0.5087200803234291,0.9892797356778167,0.575433272719467,0.9883063592949484,0.11308613900109776,1248,5,3,2026
elastic_net|degree=7|alpha=0.01|l1=0.9,elastic_net,7,0.01,0.9,5,0.502998382861838,0.989255574302962,0.8076081616839655,0.9842538328222517,0.09346890300002997,1332,5,3,2026
elastic_net|degree=7|alpha=0.01|l1=0.9,elastic_net,7,0.01,0.9,6,0.5124307218466658,0.9898355214209242,0.4860468102077176,0.9869848911737024,0.11519087400301942,1473,5,3,2026
elastic_net|degree=7|alpha=0.01|l1=0.9,elastic_net,7,0.01,0.9,7,0.504889746139008,0.9891455465127101,0.7597178319784615,0.9856156075047606,0.10672722899835207,1251,5,3,2026
elastic_net|degree=7|alpha=0.01|l1=0.9,elastic_net,7,0.01,0.9,8,0.5057749659135325,0.9893796463694562,0.7318136621683544,0.984868310582672,0.13157205500101554,1045,5,3,2026
elastic_net|degree=7|alpha=0.01|l1=0.9,elastic_net,7,0.01,0.9,9,0.49015862468159,0.9899745718390466,0.6964734699043214,0.9838082195755045,0.10063355599777424,1110,5,3,2026
elastic_net|degree=7|alpha=0.01|l1=0.9,elastic_net,7,0.01,0.9,10,0.49083122983534005,0.9892222032931037,0.793686026935367,0.9860188846255078,0.13682601199980127,1324,5,3,2026
elastic_net|degree=7|alpha=0.01|l1=0.9,elastic_net,7,0.01,0.9,11,0.47480715244639315,0.989383662707041,0.9597766511509545,0.9840365961606559,0.1377645280008437,1509,5,3,2026
elastic_net|degree=7|alpha=0.01|l1=0.9,elastic_net,7,0.01,0.9,12,0.4977735643729096,0.9896548266239678,0.7165270392260017,0.9845765865497063,0.1250361040001735,1334,5,3,2026
elastic_net|degree=7|alpha=0.01|l1=0.9,elastic_net,7,0.01,0.9,13,0.4973673390859865,0.9900917023201663,0.6413533082994417,0.9830713631224491,0.10444124000059674,1095,5,3,2026
elastic_net|degree=7|alpha=0.01|l1=0.9,elastic_net,7,0.01,0.9,14,0.5058320977043357,0.9888591834426708,0.9241746505238748,0.9838455119877639,0.0885685619978176,1178,5,3,2026
elastic_net|degree=7|alpha=0.01|l1=0.9,elastic_net,7,0.01,0.9,15,0.518075047699902,0.9897488815367858,0.5414760817867987,0.9851893576851125,0.09627399699820671,1097,5,3,2026
ridge|degree=8|alpha=1e-08|l1=none,ridge,8,1e-08,,1,0.16123097007145212,0.9966539931643097,0.2744826111006352,0.9940307274779314,0.05192231500041089,,5,3,2026
ridge|degree=8|alpha=1e-08|l1=none,ridge,8,1e-08,,2,0.15916000321656937,0.9967384932555617,0.26833387085597205,0.9938538180537351,0.053133448000153294,,5,3,2026
ridge|degree=8|alpha=1e-08|l1=none,ridge,8,1e-08,,3,0.16430602907237846,0.9965559685700061,0.25279225393009624,0.9947128467147339,0.03447122400029912,,5,3,2026
ridge|degree=8|alpha=1e-08|l1=none,ridge,8,1e-08,,4,0.1684939069079629,0.9964493258894316,0.23274217539036138,0.9952703406199214,0.03077795699937269,,5,3,2026
ridge|degree=8|alpha=1e-08|l1=none,ridge,8,1e-08,,5,0.15528917930035363,0.9966829057400668,0.2884597355027578,0.994375818082615,0.00955277300090529,,5,3,2026
ridge|degree=8|alpha=1e-08|l1=none,ridge,8,1e-08,,6,0.16121804186779706,0.9968021095081491,0.26145293235902395,0.9929989492860717,0.0101729840025655,,5,3,2026
ridge|degree=8|alpha=1e-08|l1=none,ridge,8,1e-08,,7,0.15657448795670934,0.9966338581644428,0.28563815619877964,0.9945917666040828,0.022319003997836262,,5,3,2026
ridge|degree=8|alpha=1e-08|l1=none,ridge,8,1e-08,,8,0.1594906966991731,0.9966509856875427,0.2645427301249805,0.9945300578046022,0.010643893001542892,,5,3,2026
ridge|degree=8|alpha=1e-08|l1=none,ridge,8,1e-08,,9,0.16994913568954792,0.9965239561948369,0.22073144442798182,0.9948683830247682,0.01729811300174333,,5,3,2026
ridge|degree=8|alpha=1e-08|l1=none,ridge,8,1e-08,,10,0.16027848337211922,0.9964805643869608,0.28157620760831037,0.9950399158966114,0.006591419998585479,,5,3,2026
ridge|degree=8|alpha=1e-08|l1=none,ridge,8,1e-08,,11,0.15166021759386403,0.9966089895326886,0.33198047671519604,0.9944783628459523,0.011094200999650639,,5,3,2026
ridge|degree=8|alpha=1e-08|l1=none,ridge,8,1e-08,,12,0.159398700588361,0.9966872342938133,0.2812537517486189,0.9939459466842298,0.017173311000078684,,5,3,2026
ridge|degree=8|alpha=1e-08|l1=none,ridge,8,1e-08,,13,0.1615220264742876,0.9967822408220486,0.2678757161144025,0.9929293718957517,0.008816760000627255,,5,3,2026
ridge|degree=8|alpha=1e-08|l1=none,ridge,8,1e-08,,14,0.1623619381664,0.9964240217708336,0.2895115394833891,0.9949393648794227,0.019936461001634598,,5,3,2026
ridge|degree=8|alpha=1e-08|l1=none,ridge,8,1e-08,,15,0.16920438930800583,0.9966519633651668,0.22835692359799098,0.9937539019186639,0.007759340001939563,,5,3,2026
lasso|degree=8|alpha=0.01|l1=none,lasso,8,0.01,,1,0.363979394707655,0.9924463796117923,0.4715700363338432,0.9897445960280289,0.08029175399860833,1094,5,3,2026
lasso|degree=8|alpha=0.01|l1=none,lasso,8,0.01,,2,0.36350978253725735,0.992550957630974,0.4639211265701034,0.989373895872629,0.1106379039993044,1196,5,3,2026
lasso|degree=8|alpha=0.01|l1=none,lasso,8,0.01,,3,0.37280790374631595,0.9921855445895605,0.5293837676699701,0.988927931600401,0.11632860700046876,1556,5,3,2026
lasso|degree=8|alpha=0.01|l1=none,lasso,8,0.01,,4,0.3664417980947862,0.9922779676167398,0.4114740186464998,0.9916382497126446,0.13929412299694377,1721,5,3,2026
lasso|degree=8|alpha=0.01|l1=none,lasso,8,0.01,,5,0.3649412872372328,0.9922045782290737,0.5251051871747967,0.9897618740678443,0.09981913199953851,1080,5,3,2026
lasso|degree=8|alpha=0.01|l1=none,lasso,8,0.01,,6,0.37158776203379856,0.9926292556507387,0.4128923645266927,0.9889437828929158,0.11135406899848022,1138,5,3,2026
lasso|degree=8|alpha=0.01|l1=none,lasso,8,0.01,,7,0.3658708817413623,0.9921342659489821,0.5506162758415168,0.989574707486666,0.14333276400066097,1233,5,3,2026
lasso|degree=8|alpha=0.01|l1=none,lasso,8,0.01,,8,0.37597521202635414,0.9921052049287841,0.476029584922973,0.9901571503718977,0.12554373300008592,1199,5,3,2026
lasso|degree=8|alpha=0.01|l1=none,lasso,8,0.01,,9,0.3549544557973622,0.9927399616821627,0.5912621817370793,0.9862541965578242,0.176541480999731,2175,5,3,2026
lasso|degree=8|alpha=0.01|l1=none,lasso,8,0.01,,10,0.35825669632410223,0.9921333085444446,0.5530949108966796,0.9902569989897017,0.16092434100210085,1818,5,3,2026
lasso|degree=8|alpha=0.01|l1=none,lasso,8,0.01,,11,0.346175189403162,0.9922597784085132,0.7233868760001354,0.9879683290692436,0.10815249600273091,1233,5,3,2026
lasso|degree=8|alpha=0.01|l1=none,lasso,8,0.01,,12,0.36628057714845175,0.9923876309509374,0.5203356104703196,0.9887996533084589,0.12525428500157432,1516,5,3,2026
lasso|degree=8|alpha=0.01|l1=none,lasso,8,0.01,,13,0.3549324393082972,0.9929292175249004,0.5129883868718267,0.9864595785016218,0.11105205100102467,1218,5,3,2026
lasso|degree=8|alpha=0.01|l1=none,lasso,8,0.01,,14,0.3735622433240588,0.9917723915811085,0.5662084237335855,0.9901027287553859,0.09787198399862973,1025,5,3,2026
lasso|degree=8|alpha=0.01|l1=none,lasso,8,0.01,,15,0.37451801161977,0.9925894356024928,0.37241415402313804,0.9898135983956353,0.13284593500065967,1440,5,3,2026
elastic_net|degree=8|alpha=0.01|l1=0.1,elastic_net,8,0.01,0.1,1,0.31849266675736965,0.9933903601794672,0.39994488853554094,0.9913022539974248,0.20304792800016003,2336,5,3,2026
elastic_net|degree=8|alpha=0.01|l1=0.1,elastic_net,8,0.01,0.1,2,0.31696587271409404,0.9935047354189414,0.3984767055920861,0.9908728990264827,0.19492930699925637,2561,5,3,2026
elastic_net|degree=8|alpha=0.01|l1=0.1,elastic_net,8,0.01,0.1,3,0.31582660669634466,0.9933799339803203,0.46533946652202823,0.9902674189935178,0.23240417300257832,2583,5,3,2026
elastic_net|degree=8|alpha=0.01|l1=0.1,elastic_net,8,0.01,0.1,4,0.32026947821667756,0.993250957464412,0.3915427069011447,0.9920432829447847,0.21192583599986392,2238,5,3,2026
elastic_net|degree=8|alpha=0.01|l1=0.1,elastic_net,8,0.01,0.1,5,0.3114921126537284,0.9933462930028133,0.450675310139845,0.9912130546556778,0.21661648399822298,2235,5,3,2026
elastic_net|degree=8|alpha=0.01|l1=0.1,elastic_net,8,0.01,0.1,6,0.3193469672372078,0.9936654941450862,0.3766821860921025,0.9899134002282182,0.235353184001724,2518,5,3,2026
elastic_net|degree=8|alpha=0.01|l1=0.1,elastic_net,8,0.01,0.1,7,0.3193901857051722,0.9931335386754335,0.4397903392161639,0.9916730704629833,0.21273200900031952,2666,5,3,2026
elastic_net|degree=8|alpha=0.01|l1=0.1,elastic_net,8,0.01,0.1,8,0.32184589646246253,0.9932418220249456,0.40309155388014856,0.9916652878794447,0.21144125099817757,2429,5,3,2026
elastic_net|degree=8|alpha=0.01|l1=0.1,elastic_net,8,0.01,0.1,9,0.31112320484194617,0.993636461377427,0.48265171014231173,0.9887791985627175,0.2329364639990672,2634,5,3,2026
elastic_net|degree=8|alpha=0.01|l1=0.1,elastic_net,8,0.01,0.1,10,0.30738429036489157,0.9932503777447947,0.4624274589623911,0.9918541445399379,0.20850368000174058,2282,5,3,2026
elastic_net|degree=8|alpha=0.01|l1=0.1,elastic_net,8,0.01,0.1,11,0.2948977477883228,0.993406304135639,0.5776614346376349,0.9903920951270515,0.1828454260030412,2061,5,3,2026
elastic_net|degree=8|alpha=0.01|l1=0.1,elastic_net,8,0.01,0.1,12,0.3119086738971811,0.9935176362508932,0.4606954602142842,0.9900834216036932,0.2191922970014275,2607,5,3,2026
elastic_net|degree=8|alpha=0.01|l1=0.1,elastic_net,8,0.01,0.1,13,0.3182916184616963,0.9936591572126345,0.44988089556057786,0.9881253121788893,0.201015415997972,2186,5,3,2026
elastic_net|degree=8|alpha=0.01|l1=0.1,elastic_net,8,0.01,0.1,14,0.3206049496167871,0.9929387618000861,0.42180285907970116,0.9926269247629035,0.20362025599752087,2136,5,3,2026
elastic_net|degree=8|alpha=0.01|l1=0.1,elastic_net,8,0.01,0.1,15,0.3299514508654458,0.9934712713438953,0.33811220762748034,0.9907518371763662,0.2575246429987601,2711,5,3,2026
elastic_net|degree=8|alpha=0.01|l1=0.5,elastic_net,8,0.01,0.5,1,0.34194108022856257,0.9929037380886498,0.4267378257094713,0.9907195783116444,0.13051558300139732,1489,5,3,2026
elastic_net|degree=8|alpha=0.01|l1=0.5,elastic_net,8,0.01,0.5,2,0.34197588344125296,0.9929922302856378,0.44192384841274157,0.9898777430889587,0.16557084200030658,1615,5,3,2026
elastic_net|degree=8|alpha=0.01|l1=0.5,elastic_net,8,0.01,0.5,3,0.34324254307470314,0.9928052664096727,0.5031734030472894,0.9894761217180505,0.12574600700099836,1488,5,3,2026
elastic_net|degree=8|alpha=0.01|l1=0.5,elastic_net,8,0.01,0.5,4,0.3440478303747861,0.9927498759656853,0.40425285458060145,0.991784994265075,0.13301192300059483,1461,5,3,2026
elastic_net|degree=8|alpha=0.01|l1=0.5,elastic_net,8,0.01,0.5,5,0.339576757761866,0.9927463837528566,0.48194909181719026,0.990603300794913,0.1290692600014154,1559,5,3,2026
elastic_net|degree=8|alpha=0.01|l1=0.5,elastic_net,8,0.01,0.5,6,0.3457511430231496,0.9931417459236541,0.39188684342349644,0.9895062578179016,0.12628222100101993,1352,5,3,2026
elastic_net|degree=8|alpha=0.01|l1=0.5,elastic_net,8,0.01,0.5,7,0.34024314023425783,0.992685228075467,0.491875188781993,0.9906869031154836,0.13580992899733246,1630,5,3,2026
elastic_net|degree=8|alpha=0.01|l1=0.5,elastic_net,8,0.01,0.5,8,0.3480378253793923,0.9926918391944165,0.4262274618873825,0.9911869073948333,0.12187400000038906,1427,5,3,2026
elastic_net|degree=8|alpha=0.01|l1=0.5,elastic_net,8,0.01,0.5,9,0.33583450597276043,0.9931310303561702,0.5389460716109962,0.9874704538948648,0.14335875299730105,1495,5,3,2026
elastic_net|degree=8|alpha=0.01|l1=0.5,elastic_net,8,0.01,0.5,10,0.33171496000566436,0.9927161187262338,0.4974917641013101,0.9912364719603076,0.115313692997006,1371,5,3,2026
elastic_net|degree=8|alpha=0.01|l1=0.5,elastic_net,8,0.01,0.5,11,0.31954662626195246,0.9928551734156805,0.6454356468628714,0.989264846283951,0.15637476699703257,1475,5,3,2026
elastic_net|degree=8|alpha=0.01|l1=0.5,elastic_net,8,0.01,0.5,12,0.337841857803229,0.9929786697349863,0.4934111396039299,0.9893792088916665,0.1174493269973027,1496,5,3,2026
elastic_net|degree=8|alpha=0.01|l1=0.5,elastic_net,8,0.01,0.5,13,0.3373676870740809,0.9932791335329136,0.47688291551268036,0.987412588965624,0.11836446699817316,1377,5,3,2026
elastic_net|degree=8|alpha=0.01|l1=0.5,elastic_net,8,0.01,0.5,14,0.34702876647702124,0.9923567843065259,0.48465477767174575,0.9915282789984198,0.11768398499771138,1354,5,3,2026
elastic_net|degree=8|alpha=0.01|l1=0.5,elastic_net,8,0.01,0.5,15,0.3529861533742703,0.9930154851306214,0.3586845269094028,0.9901891359366978,0.1549414129985962,1615,5,3,2026
elastic_net|degree=8|alpha=0.01|l1=0.9,elastic_net,8,0.01,0.9,1,0.3576178349939185,0.9925784002916802,0.45842696226819263,0.9900304232087053,0.1251627110032132,1226,5,3,2026
elastic_net|degree=8|alpha=0.01|l1=0.9,elastic_net,8,0.01,0.9,2,0.35797139867337013,0.9926644501916695,0.4633156030952885,0.9893877653757115,0.11024045900194324,1286,5,3,2026
elastic_net|degree=8|alpha=0.01|l1=0.9,elastic_net,8,0.01,0.9,3,0.3667403064490057,0.9923127279675197,0.5228222599853862,0.9890651656191318,0.11866630199801875,1450,5,3,2026
elastic_net|degree=8|alpha=0.01|l1=0.9,elastic_net,8,0.01,0.9,4,0.35978217861037165,0.9924183058575906,0.40594547248457,0.9917505978084252,0.11953761599943391,1280,5,3,2026
elastic_net|degree=8|alpha=0.01|l1=0.9,elastic_net,8,0.01,0.9,5,0.3607973036535479,0.9922930968510448,0.5115515668468364,0.9900261328775903,0.10321484399901237,1065,5,3,2026
elastic_net|degree=8|alpha=0.01|l1=0.9,elastic_net,8,0.01,0.9,6,0.3660844085591052,0.9927384191261545,0.4082291168108063,0.9890686529161967,0.11695992499880958,1384,5,3,2026
elastic_net|degree=8|alpha=0.01|l1=0.9,elastic_net,8,0.01,0.9,7,0.3598202600923783,0.9922643462125651,0.5353053288244594,0.9898646028426742,0.1117707360026543,1277,5,3,2026
elastic_net|degree=8|alpha=0.01|l1=0.9,elastic_net,8,0.01,0.9,8,0.36977335594155347,0.9922354326174309,0.4620347943450598,0.9904465202421705,0.13466823199996725,1163,5,3,2026
elastic_net|degree=8|alpha=0.01|l1=0.9,elastic_net,8,0.01,0.9,9,0.34944026433485903,0.992852745845471,0.5783047188767931,0.9865554347277736,0.1212599999998929,1271,5,3,2026
elastic_net|degree=8|alpha=0.01|l1=0.9,elastic_net,8,0.01,0.9,10,0.3525804430581018,0.9922579491541677,0.5394545844321337,0.9904972791150591,0.16617627699815785,1288,5,3,2026
elastic_net|degree=8|alpha=0.01|l1=0.9,elastic_net,8,0.01,0.9,11,0.33950472841099133,0.9924089249902939,0.7066315196822684,0.9882470111137104,0.10052634000021499,1381,5,3,2026
elastic_net|degree=8|alpha=0.01|l1=0.9,elastic_net,8,0.01,0.9,12,0.3590200218589028,0.9925385262749413,0.5146565459098824,0.9889218965120387,0.09230156400008127,1109,5,3,2026
elastic_net|degree=8|alpha=0.01|l1=0.9,elastic_net,8,0.01,0.9,13,0.3501766170930196,0.9930239605820298,0.5022483179148025,0.9867430645693797,0.08034636100273929,983,5,3,2026
elastic_net|degree=8|alpha=0.01|l1=0.9,elastic_net,8,0.01,0.9,14,0.367879438360615,0.9918975538393284,0.5473761527563162,0.9904319151224573,0.09756157800075016,1152,5,3,2026
elastic_net|degree=8|alpha=0.01|l1=0.9,elastic_net,8,0.01,0.9,15,0.36965711743409996,0.9926856178107573,0.3690730894232583,0.9899049843578305,0.1115459729990107,1445,5,3,2026
ridge|degree=9|alpha=1e-08|l1=none,ridge,9,1e-08,,1,0.14267554259662962,0.9970390717081056,0.2854937330401474,0.9937912646304778,0.10376372099926812,,5,3,2026
ridge|degree=9|alpha=1e-08|l1=none,ridge,9,1e-08,,2,0.1397407473031385,0.9971364326426793,0.3011060721708928,0.9931031714379404,0.13214058499943349,,5,3,2026
ridge|degree=9|alpha=1e-08|l1=none,ridge,9,1e-08,,3,0.14786837540748743,0.996900519504484,0.25381780515710656,0.9946913972974564,0.008332620000146562,,5,3,2026
ridge|degree=9|alpha=1e-08|l1=none,ridge,9,1e-08,,4,0.14831779349808658,0.9968744973680386,0.2525677848999657,0.9948674554108886,0.01817575300083263,,5,3,2026
ridge|degree=9|alpha=1e-08|l1=none,ridge,9,1e-08,,5,0.135702420917836,0.9971012937056294,0.2957500495604194,0.9942336767455452,0.03901705200041761,,5,3,2026
ridge|degree=9|alpha=1e-08|l1=none,ridge,9,1e-08,,6,0.14188146420450823,0.9971856661941003,0.29466318800621605,0.9921096623237466,0.013182139999116771,,5,3,2026
ridge|degree=9|alpha=1e-08|l1=none,ridge,9,1e-08,,7,0.13864880614706412,0.9970192363206021,0.3019708090600717,0.9942825264107422,0.019159195999236545,,5,3,2026
ridge|degree=9|alpha=1e-08|l1=none,ridge,9,1e-08,,8,0.13766696962881927,0.9971092442306578,0.2995103721719426,0.9938070329056913,0.01975066199884168,,5,3,2026
ridge|degree=9|alpha=1e-08|l1=none,ridge,9,1e-08,,9,0.14964560095956841,0.9969392332472015,0.23284037411960226,0.994586871755187,0.009111275001487229,,5,3,2026
ridge|degree=9|alpha=1e-08|l1=none,ridge,9,1e-08,,10,0.14351461273450805,0.9968486697127231,0.27861360801970486,0.9950921033425926,0.00895618399954401,,5,3,2026
ridge|degree=9|alpha=1e-08|l1=none,ridge,9,1e-08,,11,0.13446575448426512,0.9969934450300465,0.3577623798583881,0.9940495475261296,0.015953381000144873,,5,3,2026
ridge|degree=9|alpha=1e-08|l1=none,ridge,9,1e-08,,12,0.14181914919343216,0.9970525881817454,0.30114394110880965,0.9935178056688702,0.008073634999163914,,5,3,2026
ridge|degree=9|alpha=1e-08|l1=none,ridge,9,1e-08,,13,0.13807349075629902,0.9972493705545256,0.34970391624266994,0.9907695017143879,0.011408442998799728,,5,3,2026
ridge|degree=9|alpha=1e-08|l1=none,ridge,9,1e-08,,14,0.1424519886429641,0.9968625330798488,0.37362727993179085,0.9934690294618219,0.01931308699931833,,5,3,2026
ridge|degree=9|alpha=1e-08|l1=none,ridge,9,1e-08,,15,0.14920231912564866,0.9970477430728737,0.2592936781895537,0.9929077090358183,0.01982095800121897,,5,3,2026
lasso|degree=9|alpha=0.01|l1=none,lasso,9,0.01,,1,0.3010783659448687,0.9937517570595553,0.3962995776534895,0.9913815298903325,0.17408952899859287,2647,5,3,2026
lasso|degree=9|alpha=0.01|l1=none,lasso,9,0.01,,2,0.30321767470712535,0.9937864634889175,0.37695281740205216,0.9913659032550768,0.2607023919990752,3900,5,3,2026
lasso|degree=9|alpha=0.01|l1=none,lasso,9,0.01,,3,0.31016689019023774,0.9934985677373525,0.435272939455547,0.9908962607989318,0.26760519800154725,2833,5,3,2026
lasso|degree=9|alpha=0.01|l1=none,lasso,9,0.01,,4,0.3116754431134657,0.9934320596686773,0.3534252803361124,0.9928178844702512,0.2222928890005278,3500,5,3,2026
lasso|degree=9|alpha=0.01|l1=none,lasso,9,0.01,,5,0.3075450641851363,0.993430604941854,0.41969350184528265,0.9918171158279396,0.17916782999964198,2803,5,3,2026
lasso|degree=9|alpha=0.01|l1=none,lasso,9,0.01,,6,0.31012135414281083,0.9938484916561232,0.3508020667240367,0.9906064046116211,0.20939399100097944,2905,5,3,2026
lasso|degree=9|alpha=0.01|l1=none,lasso,9,0.01,,7,0.305817548106142,0.993425332209854,0.4599399227315817,0.991291561031848,0.16934531500010053,2269,5,3,2026
lasso|degree=9|alpha=0.01|l1=none,lasso,9,0.01,,8,0.3081918867676483,0.9935285313743731,0.3785893954491598,0.9921719182836016,0.2104266030000872,2785,5,3,2026
lasso|degree=9|alpha=0.01|l1=none,lasso,9,0.01,,9,0.30019696780476024,0.9938599404696434,0.45327129236349323,0.9894622414839646,0.20725456599757308,3474,5,3,2026
lasso|degree=9|alpha=0.01|l1=none,lasso,9,0.01,,10,0.3044081034480858,0.9933157296124048,0.4493848174232693,0.9920838961923019,0.17362553999919328,2675,5,3,2026
lasso|degree=9|alpha=0.01|l1=none,lasso,9,0.01,,11,0.29322471844521103,0.9934437118362518,0.5546812819553528,0.9907743105696935,0.26774970200131065,3921,5,3,2026
lasso|degree=9|alpha=0.01|l1=none,lasso,9,0.01,,12,0.3064274564834881,0.99363155179104,0.4318599786167913,0.9907041121434346,0.18508298300002934,2528,5,3,2026
lasso|degree=9|alpha=0.01|l1=none,lasso,9,0.01,,13,0.2951979049353814,0.9941192183589334,0.45087000797940413,0.9880992043772258,0.18808231900038663,2370,5,3,2026
lasso|degree=9|alpha=0.01|l1=none,lasso,9,0.01,,14,0.30728867877010957,0.9932320491011567,0.45100454072436946,0.9921164820497231,0.3415719039985561,6220,5,3,2026
lasso|degree=9|alpha=0.01|l1=none,lasso,9,0.01,,15,0.3169137929613462,0.993729246662821,0.3217021761318447,0.9912006900713193,0.2204117130022496,3425,5,3,2026
elastic_net|degree=9|alpha=0.01|l1=0.1,elastic_net,9,0.01,0.1,1,0.25433036673265713,0.9947219126372933,0.3504845914731046,0.9923778849490696,0.42440891599835595,5071,5,3,2026
elastic_net|degree=9|alpha=0.01|l1=0.1,elastic_net,9,0.01,0.1,2,0.2550353553969579,0.9947738155636655,0.3349202720809703,0.9923286578651598,0.4449641259998316,4966,5,3,2026
elastic_net|degree=9|alpha=0.01|l1=0.1,elastic_net,9,0.01,0.1,3,0.26011059026096933,0.9945478017258975,0.36433139774947504,0.9923800040682046,0.4312946889986051,5205,5,3,2026
elastic_net|degree=9|alpha=0.01|l1=0.1,elastic_net,9,0.01,0.1,4,0.26455637103866353,0.9944250004366862,0.30915246383828515,0.9937175724682699,0.46212290399853373,5177,5,3,2026
elastic_net|degree=9|alpha=0.01|l1=0.1,elastic_net,9,0.01,0.1,5,0.2522867336766257,0.9946109646537741,0.3570561166506505,0.9930383748315574,0.4273338179991697,4719,5,3,2026
elastic_net|degree=9|alpha=0.01|l1=0.1,elastic_net,9,0.01,0.1,6,0.26170916517484644,0.9948087866516256,0.291974189820657,0.9921816669193613,0.3594609200008563,4224,5,3,2026
elastic_net|degree=9|alpha=0.01|l1=0.1,elastic_net,9,0.01,0.1,7,0.2539255270882553,0.9945409411775691,0.39450710092550295,0.9925304570420662,0.47070940699995845,5709,5,3,2026
elastic_net|degree=9|alpha=0.01|l1=0.1,elastic_net,9,0.01,0.1,8,0.25746061345072535,0.9945937957687473,0.3522140703951105,0.9927172800985429,0.46729626300293603,5684,5,3,2026
elastic_net|degree=9|alpha=0.01|l1=0.1,elastic_net,9,0.01,0.1,9,0.25697643604954323,0.9947439488587064,0.3702237311312882,0.9913929508854964,0.45914551700116135,5548,5,3,2026
elastic_net|degree=9|alpha=0.01|l1=0.1,elastic_net,9,0.01,0.1,10,0.2535580303700645,0.9944323084216822,0.3483297588464113,0.9938640238311801,0.42220849100340274,4780,5,3,2026
elastic_net|degree=9|alpha=0.01|l1=0.1,elastic_net,9,0.01,0.1,11,0.24072261336429016,0.9946176201340893,0.46710807771758683,0.9922308644700998,0.406742438000947,4748,5,3,2026
elastic_net|degree=9|alpha=0.01|l1=0.1,elastic_net,9,0.01,0.1,12,0.2540927974937503,0.994719217267021,0.3881925791998484,0.9916440632110651,0.44353310500082443,5241,5,3,2026
elastic_net|degree=9|alpha=0.01|l1=0.1,elastic_net,9,0.01,0.1,13,0.25819341077355257,0.9948564029604009,0.3747475488122719,0.9901084704912237,0.3933005580001918,4741,5,3,2026
elastic_net|degree=9|alpha=0.01|l1=0.1,elastic_net,9,0.01,0.1,14,0.25578486156212005,0.9943664068892855,0.3707759005176923,0.9935188713121013,0.39460224699723767,4383,5,3,2026
elastic_net|degree=9|alpha=0.01|l1=0.1,elastic_net,9,0.01,0.1,15,0.26932276774993164,0.9946709272926718,0.2671111379737624,0.9926938831539938,0.46325815900127054,5314,5,3,2026
elastic_net|degree=9|alpha=0.01|l1=0.5,elastic_net,9,0.01,0.5,1,0.2787510624766961,0.9942151128899763,0.36713649373796053,0.9920157500137046,0.26506465400234447,3442,5,3,2026
elastic_net|degree=9|alpha=0.01|l1=0.5,elastic_net,9,0.01,0.5,2,0.28101836316836304,0.9942413717751848,0.3664959097023418,0.9916054185168389,0.22220023699992453,2803,5,3,2026
elastic_net|degree=9|alpha=0.01|l1=0.5,elastic_net,9,0.01,0.5,3,0.2867402801507697,0.9939896147289307,0.41129779968056057,0.9913977011597629,0.21386137599984067,2715,5,3,2026
elastic_net|degree=9|alpha=0.01|l1=0.5,elastic_net,9,0.01,0.5,4,0.2912957764450796,0.9938615206275295,0.3299559071665517,0.9932948162544016,0.27933760300220456,3486,5,3,2026
elastic_net|degree=9|alpha=0.01|l1=0.5,elastic_net,9,0.01,0.5,5,0.2805104108801353,0.9940080855731596,0.3842650349752395,0.9925078747734954,0.20664410600147676,2704,5,3,2026
elastic_net|degree=9|alpha=0.01|l1=0.5,elastic_net,9,0.01,0.5,6,0.28849503454865494,0.9942774672286003,0.3146934094095431,0.9915733034671425,0.2074449130013818,2398,5,3,2026
elastic_net|degree=9|alpha=0.01|l1=0.5,elastic_net,9,0.01,0.5,7,0.27883865272086145,0.994005342335505,0.4387808358714302,0.9916921842598756,0.28868394500022987,3688,5,3,2026
elastic_net|degree=9|alpha=0.01|l1=0.5,elastic_net,9,0.01,0.5,8,0.28319893440577537,0.9940533378797227,0.3681447948061452,0.9923878809817424,0.276508200000535,3705,5,3,2026
elastic_net|degree=9|alpha=0.01|l1=0.5,elastic_net,9,0.01,0.5,9,0.281025151319129,0.9942520699950935,0.42413457328229803,0.9901396188400866,0.29843004000213114,2946,5,3,2026
elastic_net|degree=9|alpha=0.01|l1=0.5,elastic_net,9,0.01,0.5,10,0.2819144375933064,0.9938096512356417,0.3830344668026619,0.9932526857081595,0.3192813109999406,3561,5,3,2026
elastic_net|degree=9|alpha=0.01|l1=0.5,elastic_net,9,0.01,0.5,11,0.26664877288713823,0.9940379303531173,0.521130417893792,0.9913323424738155,0.2616332540019357,3280,5,3,2026
elastic_net|degree=9|alpha=0.01|l1=0.5,elastic_net,9,0.01,0.5,12,0.2813252436484026,0.9941532483263475,0.42020341385950855,0.9909550224480281,0.2641031639977882,2955,5,3,2026
elastic_net|degree=9|alpha=0.01|l1=0.5,elastic_net,9,0.01,0.5,13,0.2785499944200566,0.9944508695152723,0.40446725769046454,0.9893240133859201,0.23539671899925452,2782,5,3,2026
elastic_net|degree=9|alpha=0.01|l1=0.5,elastic_net,9,0.01,0.5,14,0.2838106530114734,0.9937491463341956,0.41743786413547085,0.9927032244736346,0.2374391369994555,2707,5,3,2026
elastic_net|degree=9|alpha=0.01|l1=0.5,elastic_net,9,0.01,0.5,15,0.29271113371325735,0.9942081431628136,0.2938462488624091,0.9919626150925976,0.23244291100127157,2988,5,3,2026
elastic_net|degree=9|alpha=0.01|l1=0.9,elastic_net,9,0.01,0.9,1,0.296634877343053,0.9938439722414736,0.3892594869370861,0.9915346332869294,0.24030675599715323,3695,5,3,2026
elastic_net|degree=9|alpha=0.01|l1=0.9,elastic_net,9,0.01,0.9,2,0.2982778010864601,0.9938876913778648,0.3754127072076103,0.9914011794482839,0.21091689199965913,3323,5,3,2026
elastic_net|degree=9|alpha=0.01|l1=0.9,elastic_net,9,0.01,0.9,3,0.30557220616204833,0.9935948772659395,0.42876279801350825,0.9910324204920303,0.23301229100252385,3300,5,3,2026
elastic_net|degree=9|alpha=0.01|l1=0.9,elastic_net,9,0.01,0.9,4,0.3072865823064606,0.9935245461848268,0.3451226186596746,0.9929866066264814,0.20928776000073412,3123,5,3,2026
elastic_net|degree=9|alpha=0.01|l1=0.9,elastic_net,9,0.01,0.9,5,0.3014372582447696,0.9935610722939056,0.40999020342775766,0.9920063038108091,0.2634623379999539,3797,5,3,2026
elastic_net|degree=9|alpha=0.01|l1=0.9,elastic_net,9,0.01,0.9,6,0.3063072606275232,0.9939241472914744,0.34355675991228496,0.9908004156711621,0.22503073400002904,3380,5,3,2026
elastic_net|degree=9|alpha=0.01|l1=0.9,elastic_net,9,0.01,0.9,7,0.30086138475799357,0.9935318830854645,0.4551530148824833,0.9913821956838749,0.23937347500032047,3630,5,3,2026
elastic_net|degree=9|alpha=0.01|l1=0.9,elastic_net,9,0.01,0.9,8,0.3036022770473207,0.9936249048241108,0.3733052498529956,0.9922811784055843,0.2890776280000864,3924,5,3,2026
elastic_net|degree=9|alpha=0.01|l1=0.9,elastic_net,9,0.01,0.9,9,0.2951273407567077,0.9939636317630611,0.4460076971248801,0.98963110726892,0.23627175799992983,3395,5,3,2026
elastic_net|degree=9|alpha=0.01|l1=0.9,elastic_net,9,0.01,0.9,10,0.3009873259355742,0.9933908439131426,0.4328224513165981,0.9923756492830121,0.20079594400158385,2987,5,3,2026
elastic_net|degree=9|alpha=0.01|l1=0.9,elastic_net,9,0.01,0.9,11,0.2871560444329737,0.993579402905569,0.5478543012629946,0.9908878597476869,0.25503301799835754,2944,5,3,2026
elastic_net|degree=9|alpha=0.01|l1=0.9,elastic_net,9,0.01,0.9,12,0.30151961331863236,0.99373355095708,0.4283956973097176,0.9907786816153206,0.27405489800003124,3615,5,3,2026
elastic_net|degree=9|alpha=0.01|l1=0.9,elastic_net,9,0.01,0.9,13,0.291224776102328,0.9941983689989223,0.43453291469542904,0.9885304249170751,0.2179578830000537,3302,5,3,2026
elastic_net|degree=9|alpha=0.01|l1=0.9,elastic_net,9,0.01,0.9,14,0.30380595592795373,0.9933087551395449,0.4405609593520283,0.9922990348929424,0.24405007699897396,3757,5,3,2026
elastic_net|degree=9|alpha=0.01|l1=0.9,elastic_net,9,0.01,0.9,15,0.3122985013193047,0.9938205691489644,0.31214896634823946,0.9914619927914637,0.2676594619988464,3399,5,3,2026
ridge|degree=10|alpha=1e-08|l1=none,ridge,10,1e-08,,1,0.1232230886911137,0.997442766133004,0.3943958385269957,0.991422931192992,0.012348844000371173,,5,3,2026
ridge|degree=10|alpha=1e-08|l1=none,ridge,10,1e-08,,2,0.1183341983358699,0.9975750956385382,0.41989262452264514,0.9903823678316179,0.03774353599874303,,5,3,2026
ridge|degree=10|alpha=1e-08|l1=none,ridge,10,1e-08,,3,0.12530365713899677,0.9973735003157445,0.2900002042532163,0.9939346419488423,0.17858360100217396,,5,3,2026
ridge|degree=10|alpha=1e-08|l1=none,ridge,10,1e-08,,4,0.1284735110069755,0.9972926761697355,0.29247257845568414,0.9940565319895777,0.15582591900238185,,5,3,2026
ridge|degree=10|alpha=1e-08|l1=none,ridge,10,1e-08,,5,0.11446013777449549,0.9975550449315687,0.3556647730541292,0.993065502255365,0.05335721200026455,,5,3,2026
ridge|degree=10|alpha=1e-08|l1=none,ridge,10,1e-08,,6,0.12326410673070701,0.997554956564825,0.31685621415082965,0.9915153890060521,0.06553476100089028,,5,3,2026
ridge|degree=10|alpha=1e-08|l1=none,ridge,10,1e-08,,7,0.1172482359663667,0.997479319923813,0.36423233744520045,0.9931036752321238,0.047909790999256074,,5,3,2026
ridge|degree=10|alpha=1e-08|l1=none,ridge,10,1e-08,,8,0.1208555122704332,0.9974622542335716,0.3122814223893541,0.993542966278607,0.08236012699853745,,5,3,2026
ridge|degree=10|alpha=1e-08|l1=none,ridge,10,1e-08,,9,0.1294941677154539,0.9973513993015279,0.2747230482844248,0.9936131734120748,0.038345353001204785,,5,3,2026
ridge|degree=10|alpha=1e-08|l1=none,ridge,10,1e-08,,10,0.12283790755950505,0.9973026940522489,0.3245194025093652,0.994283453338263,0.11331275100019411,,5,3,2026
ridge|degree=10|alpha=1e-08|l1=none,ridge,10,1e-08,,11,0.11598178059639515,0.9974067330361281,0.3425669266406403,0.9943022846144364,0.025408100998902228,,5,3,2026
ridge|degree=10|alpha=1e-08|l1=none,ridge,10,1e-08,,12,0.12328013503326611,0.9974378824790615,0.34108175988808176,0.9926581347037646,0.13080296499902033,,5,3,2026
ridge|degree=10|alpha=1e-08|l1=none,ridge,10,1e-08,,13,0.1209889628133645,0.9975897197798871,0.3629971842608931,0.9904186234944047,0.05975756000043475,,5,3,2026
ridge|degree=10|alpha=1e-08|l1=none,ridge,10,1e-08,,14,0.12275253803397107,0.9972964082066172,0.33289357038298356,0.9941810509636312,0.022111195998149924,,5,3,2026
ridge|degree=10|alpha=1e-08|l1=none,ridge,10,1e-08,,15,0.12968197406260987,0.9974339909158695,0.3159672078527636,0.991357554920434,0.030934134003473446,,5,3,2026
lasso|degree=10|alpha=0.01|l1=none,lasso,10,0.01,,1,0.2733295264755557,0.994327625371367,0.35177241490906014,0.9923498781874802,0.3200228940004308,4630,5,3,2026
lasso|degree=10|alpha=0.01|l1=none,lasso,10,0.01,,2,0.27651900277724684,0.9943335726671471,0.3361088273546427,0.9923014340303831,0.22614528600024641,3114,5,3,2026
lasso|degree=10|alpha=0.01|l1=none,lasso,10,0.01,,3,0.2788021652798256,0.9941560061709537,0.3960925360171146,0.9917157194474346,0.3470465159989544,4273,5,3,2026
lasso|degree=10|alpha=0.01|l1=none,lasso,10,0.01,,4,0.28519420905849985,0.9939900990298646,0.30871117823823213,0.9937265400332335,0.25377960200057714,3311,5,3,2026
lasso|degree=10|alpha=0.01|l1=none,lasso,10,0.01,,5,0.2753890912059504,0.9941174808328361,0.38457705881471715,0.9925017911555072,0.27553740500297863,4146,5,3,2026
lasso|degree=10|alpha=0.01|l1=none,lasso,10,0.01,,6,0.28045676844470807,0.9944369127500009,0.32264349857257996,0.9913604201121596,0.25248282900065533,3207,5,3,2026
lasso|degree=10|alpha=0.01|l1=none,lasso,10,0.01,,7,0.2799688917738788,0.9939810437092715,0.3933869152595768,0.9925516664827401,0.259801027001231,3648,5,3,2026
lasso|degree=10|alpha=0.01|l1=none,lasso,10,0.01,,8,0.2822180180994114,0.994073935336611,0.3372081262830315,0.9930275575604927,0.2734349820020725,4047,5,3,2026
lasso|degree=10|alpha=0.01|l1=none,lasso,10,0.01,,9,0.2746106963674094,0.9943832676402475,0.3969589229910845,0.9907714048038343,0.2709358190004423,3977,5,3,2026
lasso|degree=10|alpha=0.01|l1=none,lasso,10,0.01,,10,0.27404145735682406,0.9939825281336636,0.4056300212247439,0.9928546554510999,0.35061156899973867,4799,5,3,2026
lasso|degree=10|alpha=0.01|l1=none,lasso,10,0.01,,11,0.2654340376459153,0.9940650909360529,0.4798305144395936,0.9920192596191478,0.3082465139996202,3416,5,3,2026
lasso|degree=10|alpha=0.01|l1=none,lasso,10,0.01,,12,0.2787099948773754,0.9942076007546286,0.3650538442463713,0.9921421299362089,0.3373159270013275,4368,5,3,2026
lasso|degree=10|alpha=0.01|l1=none,lasso,10,0.01,,13,0.2738659851258852,0.9945441819521265,0.3811446483589754,0.9899396178886187,0.2869556170007854,3068,5,3,2026
lasso|degree=10|alpha=0.01|l1=none,lasso,10,0.01,,14,0.2791648982240486,0.993851467839873,0.3641617388777316,0.9936344862501036,0.3343349259994284,3234,5,3,2026
lasso|degree=10|alpha=0.01|l1=none,lasso,10,0.01,,15,0.28382420859459495,0.9943839881925435,0.31186177215781047,0.9914698482269528,0.26187298300283146,3279,5,3,2026
elastic_net|degree=10|alpha=0.01|l1=0.1,elastic_net,10,0.01,0.1,1,0.21893202803774264,0.9954565300820234,0.3035886481895509,0.9933977479725103,0.609127953001007,5278,5,3,2026
elastic_net|degree=10|alpha=0.01|l1=0.1,elastic_net,10,0.01,0.1,2,0.22165083976328398,0.9954579310493311,0.286686434967468,0.993433452939745,0.6362348940019729,5405,5,3,2026
elastic_net|degree=10|alpha=0.01|l1=0.1,elastic_net,10,0.01,0.1,3,0.22176569124827014,0.9953515521307077,0.306596794681765,0.9935875240437471,0.7413135700007842,5821,5,3,2026
elastic_net|degree=10|alpha=0.01|l1=0.1,elastic_net,10,0.01,0.1,4,0.2292541312597701,0.995168924956737,0.2587801592038223,0.9947412109330688,0.5901138199988054,5399,5,3,2026
elastic_net|degree=10|alpha=0.01|l1=0.1,elastic_net,10,0.01,0.1,5,0.21557686272088483,0.9953951152480318,0.29737366753204314,0.9942020206018521,0.5568275500008895,4680,5,3,2026
elastic_net|degree=10|alpha=0.01|l1=0.1,elastic_net,10,0.01,0.1,6,0.22496648700122904,0.9955376074449764,0.2618737051428047,0.9929876820511941,0.5278597169999557,4843,5,3,2026
elastic_net|degree=10|alpha=0.01|l1=0.1,elastic_net,10,0.01,0.1,7,0.21731719342009037,0.9953279713323445,0.31603787890343105,0.9940161824533312,0.6508025690018258,6174,5,3,2026
elastic_net|degree=10|alpha=0.01|l1=0.1,elastic_net,10,0.01,0.1,8,0.22154201401968288,0.9953480209747784,0.29199286605470015,0.9939624721570192,0.7328034279998974,6271,5,3,2026
elastic_net|degree=10|alpha=0.01|l1=0.1,elastic_net,10,0.01,0.1,9,0.22391463201977274,0.9954201763582986,0.3128069244968986,0.9927277904247934,0.6757876619994931,5996,5,3,2026
elastic_net|degree=10|alpha=0.01|l1=0.1,elastic_net,10,0.01,0.1,10,0.21779421365860827,0.9952176193851026,0.30727411710229235,0.9945872363415663,0.5856674239985296,5316,5,3,2026
elastic_net|degree=10|alpha=0.01|l1=0.1,elastic_net,10,0.01,0.1,11,0.20801005828460903,0.9953490487080925,0.3840101122106112,0.9936129843414521,0.5503758980012208,4739,5,3,2026
elastic_net|degree=10|alpha=0.01|l1=0.1,elastic_net,10,0.01,0.1,12,0.21913137447236075,0.9954458166859449,0.32292475172462887,0.9930489685852435,0.6334786320003332,5137,5,3,2026
elastic_net|degree=10|alpha=0.01|l1=0.1,elastic_net,10,0.01,0.1,13,0.22487629175846283,0.9955201295606289,0.3027940551232355,0.9920076960054143,0.6020871159998933,4864,5,3,2026
elastic_net|degree=10|alpha=0.01|l1=0.1,elastic_net,10,0.01,0.1,14,0.21987153067437398,0.995157388389271,0.29692663261064794,0.9948097497325822,0.5553846760012675,4868,5,3,2026
elastic_net|degree=10|alpha=0.01|l1=0.1,elastic_net,10,0.01,0.1,15,0.23033641616848344,0.9954423477852902,0.24515550817124412,0.9932944211846491,0.6146499460010091,5790,5,3,2026
elastic_net|degree=10|alpha=0.01|l1=0.5,elastic_net,10,0.01,0.5,1,0.2452923212081672,0.9949094781037344,0.3230020761844827,0.9929755571392747,0.3210578110010829,3603,5,3,2026
elastic_net|degree=10|alpha=0.01|l1=0.5,elastic_net,10,0.01,0.5,2,0.24736011728074622,0.9949310965411429,0.3181659000836048,0.9927124164207336,0.3479991220010561,3594,5,3,2026
elastic_net|degree=10|alpha=0.01|l1=0.5,elastic_net,10,0.01,0.5,3,0.25023055742243866,0.9947548978611847,0.35083999029506324,0.99266217703093,0.3945309239970811,3992,5,3,2026
elastic_net|degree=10|alpha=0.01|l1=0.5,elastic_net,10,0.01,0.5,4,0.25679480450768716,0.9945885600207965,0.2838042743118398,0.994232684532341,0.3549756909997086,3568,5,3,2026
elastic_net|degree=10|alpha=0.01|l1=0.5,elastic_net,10,0.01,0.5,5,0.24339220565161135,0.9948009584961622,0.331533324427469,0.9935360000070523,0.32765375899907667,3389,5,3,2026
elastic_net|degree=10|alpha=0.01|l1=0.5,elastic_net,10,0.01,0.5,6,0.25146011120586564,0.9950120849416815,0.29349989829199163,0.9921408122910115,0.3074282730012783,3200,5,3,2026
elastic_net|degree=10|alpha=0.01|l1=0.5,elastic_net,10,0.01,0.5,7,0.2447401392755495,0.9947384147161746,0.35618331680318627,0.993256074277195,0.3480568319973827,3985,5,3,2026
elastic_net|degree=10|alpha=0.01|l1=0.5,elastic_net,10,0.01,0.5,8,0.24909834291213856,0.9947693882283576,0.3081546049118071,0.9936282963613596,0.3420585409985506,3758,5,3,2026
elastic_net|degree=10|alpha=0.01|l1=0.5,elastic_net,10,0.01,0.5,9,0.2506024627397204,0.9948743185151804,0.3652795641114664,0.9915078940530774,0.2687337249990378,2937,5,3,2026
elastic_net|degree=10|alpha=0.01|l1=0.5,elastic_net,10,0.01,0.5,10,0.24671473465143656,0.9945825752457498,0.33957030727979337,0.9940183252788736,0.37003070400169236,3781,5,3,2026
elastic_net|degree=10|alpha=0.01|l1=0.5,elastic_net,10,0.01,0.5,11,0.23508339029896205,0.9947437089973747,0.43784817581873836,0.9927175273095747,0.3007960639988596,3421,5,3,2026
elastic_net|degree=10|alpha=0.01|l1=0.5,elastic_net,10,0.01,0.5,12,0.2475762794718888,0.9948546493461212,0.3464558344986196,0.9925424564807619,0.3301222480004071,3608,5,3,2026
elastic_net|degree=10|alpha=0.01|l1=0.5,elastic_net,10,0.01,0.5,13,0.2496501115604363,0.9950265981966362,0.33969323863096007,0.9910337353653161,0.2730430659976264,3031,5,3,2026
elastic_net|degree=10|alpha=0.01|l1=0.5,elastic_net,10,0.01,0.5,14,0.24786548460497493,0.9945408290470099,0.32828463192629626,0.9942616147845557,0.35636642499957816,3866,5,3,2026
elastic_net|degree=10|alpha=0.01|l1=0.5,elastic_net,10,0.01,0.5,15,0.25553794823713655,0.9949436866514695,0.27372268418825013,0.9925130418399916,0.30769098100063275,3485,5,3,2026
elastic_net|degree=10|alpha=0.01|l1=0.9,elastic_net,10,0.01,0.9,1,0.27092123872185736,0.9943776042760564,0.34687153631695744,0.9924564593650511,0.3488630869978806,4191,5,3,2026
elastic_net|degree=10|alpha=0.01|l1=0.9,elastic_net,10,0.01,0.9,2,0.2718923188603478,0.9944283826727666,0.3361765671066017,0.9922998824527189,0.35873306300345575,4036,5,3,2026
elastic_net|degree=10|alpha=0.01|l1=0.9,elastic_net,10,0.01,0.9,3,0.2736154321506852,0.9942647256867049,0.3866121064353051,0.9919140027556845,0.36327060899930075,3959,5,3,2026
elastic_net|degree=10|alpha=0.01|l1=0.9,elastic_net,10,0.01,0.9,4,0.2801904669897314,0.9940955429461793,0.30373107050374015,0.9938277430628121,0.29475948400067864,3450,5,3,2026
elastic_net|degree=10|alpha=0.01|l1=0.9,elastic_net,10,0.01,0.9,5,0.26797684540743705,0.9942758120063425,0.36968002385852117,0.992792242904266,0.3284078970027622,4014,5,3,2026
elastic_net|degree=10|alpha=0.01|l1=0.9,elastic_net,10,0.01,0.9,6,0.27443106544072815,0.9945564374515783,0.319516686879578,0.9914441482502918,0.33175254900197615,3632,5,3,2026
elastic_net|degree=10|alpha=0.01|l1=0.9,elastic_net,10,0.01,0.9,7,0.2735265813917332,0.9941195447561406,0.38847197900179603,0.9926447252069731,0.3535374189996219,4207,5,3,2026
elastic_net|degree=10|alpha=0.01|l1=0.9,elastic_net,10,0.01,0.9,8,0.2770671620267109,0.9941820939381213,0.3308607558200857,0.9931588019515545,0.35253144899979816,4351,5,3,2026
elastic_net|degree=10|alpha=0.01|l1=0.9,elastic_net,10,0.01,0.9,9,0.26950585871410626,0.9944876791115335,0.39159303803087636,0.9908961521701205,0.2633652830008941,3523,5,3,2026
elastic_net|degree=10|alpha=0.01|l1=0.9,elastic_net,10,0.01,0.9,10,0.2692683225349109,0.9940873378393998,0.38928901817469835,0.9931425091378527,0.2876759549981216,3394,5,3,2026
elastic_net|degree=10|alpha=0.01|l1=0.9,elastic_net,10,0.01,0.9,11,0.26036088822674075,0.9941785228106446,0.47742469770519336,0.9920592741621653,0.25556412500009174,3199,5,3,2026
elastic_net|degree=10|alpha=0.01|l1=0.9,elastic_net,10,0.01,0.9,12,0.2749152893267998,0.9942864657037568,0.3613367274002836,0.9922221417526815,0.3404985619999934,4035,5,3,2026
elastic_net|degree=10|alpha=0.01|l1=0.9,elastic_net,10,0.01,0.9,13,0.27141166600845645,0.9945930756419724,0.3772115662187887,0.9900434323049462,0.2698283019999508,3326,5,3,2026
elastic_net|degree=10|alpha=0.01|l1=0.9,elastic_net,10,0.01,0.9,14,0.27438947339378716,0.9939566452935354,0.35811009830680623,0.993740268371483,0.35778550400209497,4055,5,3,2026
elastic_net|degree=10|alpha=0.01|l1=0.9,elastic_net,10,0.01,0.9,15,0.2790082845138064,0.9944792805801642,0.30251522038839723,0.991725498365141,0.36706956200214336,4050,5,3,2026
ridge|degree=11|alpha=1e-08|l1=none,ridge,11,1e-08,,1,0.09993680059323365,0.9979260236555434,0.629246229187665,0.9863155548890926,0.13221566300126142,,5,3,2026
ridge|degree=11|alpha=1e-08|l1=none,ridge,11,1e-08,,2,0.09834043420630191,0.9979848078478711,0.6068997060720314,0.9860989743681835,0.05606742099917028,,5,3,2026
ridge|degree=11|alpha=1e-08|l1=none,ridge,11,1e-08,,3,0.10587285769472718,0.9977807908112533,0.38874155766481805,0.9918694652554688,0.14510960599727696,,5,3,2026
ridge|degree=11|alpha=1e-08|l1=none,ridge,11,1e-08,,4,0.10707030834983337,0.9977437061146905,0.4675951001700125,0.9904977877435036,0.16031812399887713,,5,3,2026
ridge|degree=11|alpha=1e-08|l1=none,ridge,11,1e-08,,5,0.09190772139131811,0.9980367815938996,0.4566206974847998,0.9910971357391639,0.10486509299880709,,5,3,2026
ridge|degree=11|alpha=1e-08|l1=none,ridge,11,1e-08,,6,0.10358053351928699,0.9979453961886363,0.3601076506098441,0.9903572245235669,0.053529808999883244,,5,3,2026
ridge|degree=11|alpha=1e-08|l1=none,ridge,11,1e-08,,7,0.09482809032987013,0.9979613230340972,0.53125282897943,0.9899413323149916,0.10984864999772981,,5,3,2026
ridge|degree=11|alpha=1e-08|l1=none,ridge,11,1e-08,,8,0.09517296849340699,0.9980015409033879,0.5643827952071989,0.9883302736597529,0.08022591299959458,,5,3,2026
ridge|degree=11|alpha=1e-08|l1=none,ridge,11,1e-08,,9,0.10517563471386275,0.9978487968649098,1.308527963125826,0.9695790315442219,0.05314480499873753,,5,3,2026
ridge|degree=11|alpha=1e-08|l1=none,ridge,11,1e-08,,10,0.10093126197056673,0.9977837257355157,0.4508312023828026,0.9920584175089071,0.045053412999550346,,5,3,2026
ridge|degree=11|alpha=1e-08|l1=none,ridge,11,1e-08,,11,0.0935331614304311,0.9979086675828154,0.515964342199811,0.991418266790133,0.03283277299851761,,5,3,2026
ridge|degree=11|alpha=1e-08|l1=none,ridge,11,1e-08,,12,0.10225252583299124,0.9978748969740646,0.6242775011926596,0.986562279604952,0.03590850999898976,,5,3,2026
ridge|degree=11|alpha=1e-08|l1=none,ridge,11,1e-08,,13,0.09941567470248065,0.9980194917888981,0.4818603587738213,0.9872812084481213,0.21898445999977412,,5,3,2026
ridge|degree=11|alpha=1e-08|l1=none,ridge,11,1e-08,,14,0.10049043805743178,0.9977867249997688,0.5357860259830661,0.9906345094739823,0.02567610100231832,,5,3,2026
ridge|degree=11|alpha=1e-08|l1=none,ridge,11,1e-08,,15,0.10606028278824436,0.9979013918390177,0.5777186240580164,0.9841980390503356,0.041634286997577874,,5,3,2026
lasso|degree=11|alpha=0.01|l1=none,lasso,11,0.01,,1,0.25928552641868285,0.9946190788072045,0.3447770593082049,0.9925020087133553,0.36282174199732253,4236,5,3,2026
lasso|degree=11|alpha=0.01|l1=none,lasso,11,0.01,,2,0.26510239839197935,0.994567521721235,0.3378375596578405,0.9922618374515466,0.3211319820002245,3472,5,3,2026
lasso|degree=11|alpha=0.01|l1=none,lasso,11,0.01,,3,0.26586465462852105,0.9944271903360177,0.3763738828312874,0.9921281353357843,0.37916874999791617,4372,5,3,2026
lasso|degree=11|alpha=0.01|l1=none,lasso,11,0.01,,4,0.2775818445874495,0.994150514477186,0.2904841679579955,0.9940969393817749,0.337804953000159,3928,5,3,2026
lasso|degree=11|alpha=0.01|l1=none,lasso,11,0.01,,5,0.2620791614635881,0.9944017909937077,0.3653995251623531,0.9928757010108972,0.3305732379994879,3798,5,3,2026
lasso|degree=11|alpha=0.01|l1=none,lasso,11,0.01,,6,0.268074385555805,0.9946825273477724,0.32096929699880566,0.9914052510116167,0.3306817039992893,3763,5,3,2026
lasso|degree=11|alpha=0.01|l1=none,lasso,11,0.01,,7,0.2647194606598532,0.9943088860590135,0.3812018355094689,0.9927823770996739,0.3070637169985275,3269,5,3,2026
lasso|degree=11|alpha=0.01|l1=none,lasso,11,0.01,,8,0.2646541981107869,0.9944427435852468,0.32452258262178013,0.9932898561710477,0.4142686199993477,4428,5,3,2026
lasso|degree=11|alpha=0.01|l1=none,lasso,11,0.01,,9,0.2637443915478249,0.9946055209126744,0.36357158144756313,0.9915476016391633,0.3124649719975423,3410,5,3,2026
lasso|degree=11|alpha=0.01|l1=none,lasso,11,0.01,,10,0.2667463712597436,0.9941427154855158,0.3766638260477372,0.9933649072420927,0.37821568500294234,4303,5,3,2026
lasso|degree=11|alpha=0.01|l1=none,lasso,11,0.01,,11,0.2529762336350883,0.9943436382338918,0.4358923524178169,0.9927500573765959,0.23400035799932084,2276,5,3,2026
lasso|degree=11|alpha=0.01|l1=none,lasso,11,0.01,,12,0.26383585633414525,0.9945167283440831,0.3557508884268665,0.9923423782535216,0.3468643920023169,4225,5,3,2026
lasso|degree=11|alpha=0.01|l1=none,lasso,11,0.01,,13,0.2641245744219265,0.9947382453525373,0.38219864135881537,0.9899117975522536,0.3662064090021886,4628,5,3,2026
lasso|degree=11|alpha=0.01|l1=none,lasso,11,0.01,,14,0.2648734982710232,0.9941662320985009,0.3543540134208283,0.99380592439032,0.3017170109997096,3466,5,3,2026
lasso|degree=11|alpha=0.01|l1=none,lasso,11,0.01,,15,0.27685461484327056,0.9945218951068072,0.294765348256355,0.9919374755659714,0.3485565779992612,3565,5,3,2026
elastic_net|degree=11|alpha=0.01|l1=0.1,elastic_net,11,0.01,0.1,1,0.2053605510792179,0.9957381773031095,0.2946281571716511,0.9935926150083598,1.4173076000006404,9352,5,3,2026
elastic_net|degree=11|alpha=0.01|l1=0.1,elastic_net,11,0.01,0.1,2,0.2066739849331018,0.9957648367546084,0.28184355395063254,0.9935443790325958,2.317305636999663,9194,5,3,2026
elastic_net|degree=11|alpha=0.01|l1=0.1,elastic_net,11,0.01,0.1,3,0.2093319012159575,0.9956121777687746,0.28111371543680835,0.9941205029782437,1.6720551190010156,8782,5,3,2026
elastic_net|degree=11|alpha=0.01|l1=0.1,elastic_net,11,0.01,0.1,4,0.21740891056181755,0.9954185394338301,0.23393753596423272,0.995246049155165,1.7638148899968655,8814,5,3,2026
elastic_net|degree=11|alpha=0.01|l1=0.1,elastic_net,11,0.01,0.1,5,0.20186937646860956,0.995687917516486,0.2847271853564082,0.994448592679743,1.0804958879998594,7837,5,3,2026
elastic_net|degree=11|alpha=0.01|l1=0.1,elastic_net,11,0.01,0.1,6,0.21041888203102613,0.995826170977162,0.2514474979954128,0.9932668696064233,1.2881914229983522,7559,5,3,2026
elastic_net|degree=11|alpha=0.01|l1=0.1,elastic_net,11,0.01,0.1,7,0.20227890057052966,0.9956512744921177,0.3037171004455501,0.9942494623708547,2.236973757000669,10182,5,3,2026
elastic_net|degree=11|alpha=0.01|l1=0.1,elastic_net,11,0.01,0.1,8,0.2065365822305415,0.995663107728216,0.28915987630876705,0.9940210498020866,1.5602754280007503,10669,5,3,2026
elastic_net|degree=11|alpha=0.01|l1=0.1,elastic_net,11,0.01,0.1,9,0.2128022528911948,0.9956474626959066,0.27733162279166407,0.9935525286532041,1.9698657170010847,10908,5,3,2026
elastic_net|degree=11|alpha=0.01|l1=0.1,elastic_net,11,0.01,0.1,10,0.20646295676991094,0.9954664339994883,0.2739539609531901,0.9951741849983488,1.0932208699996409,7548,5,3,2026
elastic_net|degree=11|alpha=0.01|l1=0.1,elastic_net,11,0.01,0.1,11,0.19687007605903312,0.9955981304839987,0.3477473634735921,0.9942161214376917,1.2777683720014466,8217,5,3,2026
elastic_net|degree=11|alpha=0.01|l1=0.1,elastic_net,11,0.01,0.1,12,0.20636728211225086,0.9957110914170757,0.30726660865191696,0.9933860138065029,1.379296451999835,9727,5,3,2026
elastic_net|degree=11|alpha=0.01|l1=0.1,elastic_net,11,0.01,0.1,13,0.20937741378836264,0.9958288902784384,0.2988114603294597,0.992112817317212,1.088446350000595,7959,5,3,2026
elastic_net|degree=11|alpha=0.01|l1=0.1,elastic_net,11,0.01,0.1,14,0.20621832709597634,0.995458096543572,0.2962093334248916,0.9948222880564703,1.3959398369988776,7937,5,3,2026
elastic_net|degree=11|alpha=0.01|l1=0.1,elastic_net,11,0.01,0.1,15,0.21656622918301452,0.9957148176111877,0.2333614139520302,0.9936170173560855,1.4025443809987337,9063,5,3,2026
elastic_net|degree=11|alpha=0.01|l1=0.5,elastic_net,11,0.01,0.5,1,0.23499693862851231,0.9951231369341211,0.3184741308572027,0.9930740280023839,0.6516693440025847,5628,5,3,2026
elastic_net|degree=11|alpha=0.01|l1=0.5,elastic_net,11,0.01,0.5,2,0.23493062344711974,0.9951858017255425,0.3136806065862493,0.9928151519786012,0.5669390699986252,4660,5,3,2026
elastic_net|degree=11|alpha=0.01|l1=0.5,elastic_net,11,0.01,0.5,3,0.2397078108775821,0.9949754659683622,0.33307036116690986,0.9930338290557141,0.5719731739991403,4695,5,3,2026
elastic_net|degree=11|alpha=0.01|l1=0.5,elastic_net,11,0.01,0.5,4,0.24851744406954354,0.9947629889360665,0.26118655676806535,0.9946923094359816,0.6152090319992567,5174,5,3,2026
elastic_net|degree=11|alpha=0.01|l1=0.5,elastic_net,11,0.01,0.5,5,0.23315788336051063,0.9950195713568849,0.3168769121679141,0.9938217602663144,0.43929564700010815,3948,5,3,2026
elastic_net|degree=11|alpha=0.01|l1=0.5,elastic_net,11,0.01,0.5,6,0.24088853583529474,0.9952217807050697,0.2881405638986053,0.9922843217615018,0.5142234089980775,4087,5,3,2026
elastic_net|degree=11|alpha=0.01|l1=0.5,elastic_net,11,0.01,0.5,7,0.23220436433507005,0.9950079170918104,0.3416930416402749,0.9935304311456714,0.6744622449987219,5937,5,3,2026
elastic_net|degree=11|alpha=0.01|l1=0.5,elastic_net,11,0.01,0.5,8,0.23584922806988373,0.9950475955229046,0.3066276986150325,0.9936598681576331,0.7431697179999901,5700,5,3,2026
elastic_net|degree=11|alpha=0.01|l1=0.5,elastic_net,11,0.01,0.5,9,0.24116601236421376,0.9950673263509509,0.3311346107826528,0.9923017040268884,0.4905271490024461,4425,5,3,2026
elastic_net|degree=11|alpha=0.01|l1=0.5,elastic_net,11,0.01,0.5,10,0.23956176740502094,0.9947396419158123,0.30938000293180856,0.9945501402711445,0.5975375740017626,4807,5,3,2026
elastic_net|degree=11|alpha=0.01|l1=0.5,elastic_net,11,0.01,0.5,11,0.22780486968929373,0.9949064513431626,0.3946953499280717,0.9934352630303547,0.5139856860005239,4410,5,3,2026
elastic_net|degree=11|alpha=0.01|l1=0.5,elastic_net,11,0.01,0.5,12,0.23663746712743802,0.9950819894829439,0.33801723292621944,0.9927240993691224,0.5564127629986615,4962,5,3,2026
elastic_net|degree=11|alpha=0.01|l1=0.5,elastic_net,11,0.01,0.5,13,0.23736785274626676,0.9952712790732197,0.3390381018918204,0.9910510278183503,0.5706576779994066,4223,5,3,2026
elastic_net|degree=11|alpha=0.01|l1=0.5,elastic_net,11,0.01,0.5,14,0.23639323656838834,0.9947935022392724,0.3262720774536882,0.9942967940518979,0.48290307199931704,4170,5,3,2026
elastic_net|degree=11|alpha=0.01|l1=0.5,elastic_net,11,0.01,0.5,15,0.24555299143446546,0.995141258365237,0.2667834331134283,0.9927028466514307,0.5212118449999252,4463,5,3,2026
elastic_net|degree=11|alpha=0.01|l1=0.9,elastic_net,11,0.01,0.9,1,0.2567316159075277,0.9946720798033796,0.3426850316787624,0.9925475047941225,0.45168090500010294,4277,5,3,2026
elastic_net|degree=11|alpha=0.01|l1=0.9,elastic_net,11,0.01,0.9,2,0.2592895803948788,0.9946866379861168,0.3343733319634464,0.9923411855176149,0.39479092300098273,2926,5,3,2026
elastic_net|degree=11|alpha=0.01|l1=0.9,elastic_net,11,0.01,0.9,3,0.26186946975728204,0.9945109337162386,0.37025022335625196,0.9922562117535064,0.34164084599979105,3101,5,3,2026
elastic_net|degree=11|alpha=0.01|l1=0.9,elastic_net,11,0.01,0.9,4,0.2736687635070435,0.9942329748814803,0.2850866762166805,0.994206624261193,0.2953536989989516,2901,5,3,2026
elastic_net|degree=11|alpha=0.01|l1=0.9,elastic_net,11,0.01,0.9,5,0.2578340108995781,0.9944924706188554,0.35515724537082344,0.9930753976676798,0.3356811259982351,3286,5,3,2026
elastic_net|degree=11|alpha=0.01|l1=0.9,elastic_net,11,0.01,0.9,6,0.2644749114306071,0.9947539258336198,0.3210678465171986,0.9914026121038413,0.3671597299980931,3418,5,3,2026
elastic_net|degree=11|alpha=0.01|l1=0.9,elastic_net,11,0.01,0.9,7,0.25959563616835524,0.9944190414247053,0.3741699668524636,0.9929155175295541,0.40711217599891825,3975,5,3,2026
elastic_net|degree=11|alpha=0.01|l1=0.9,elastic_net,11,0.01,0.9,8,0.2612774872320972,0.9945136483671294,0.32125061514081793,0.9933575105457404,0.3792311549987062,3643,5,3,2026
elastic_net|degree=11|alpha=0.01|l1=0.9,elastic_net,11,0.01,0.9,9,0.2598358150765897,0.9946854647321868,0.36251689056016656,0.991572121343075,0.3432813460021862,2959,5,3,2026
elastic_net|degree=11|alpha=0.01|l1=0.9,elastic_net,11,0.01,0.9,10,0.2611493267431786,0.9942656168094173,0.35864279598869414,0.9936823553158549,0.2889071210011025,2804,5,3,2026
elastic_net|degree=11|alpha=0.01|l1=0.9,elastic_net,11,0.01,0.9,11,0.25027170463775306,0.9944041095050308,0.4321560774234304,0.9928122006539081,0.32941588899848284,2726,5,3,2026
elastic_net|degree=11|alpha=0.01|l1=0.9,elastic_net,11,0.01,0.9,12,0.26055705339455687,0.9945848713458486,0.352794701655428,0.9924060108707378,0.4059157069968933,3275,5,3,2026
elastic_net|degree=11|alpha=0.01|l1=0.9,elastic_net,11,0.01,0.9,13,0.25876344096154,0.994845047110619,0.37655851054019396,0.9900606698280098,0.5216749799983518,3602,5,3,2026
elastic_net|degree=11|alpha=0.01|l1=0.9,elastic_net,11,0.01,0.9,14,0.26123386222852785,0.994246394108126,0.34963028926449646,0.993888494654732,0.5000257930005318,3306,5,3,2026
elastic_net|degree=11|alpha=0.01|l1=0.9,elastic_net,11,0.01,0.9,15,0.2707421373017354,0.9946428423164059,0.29450646919122775,0.9919445565162948,0.3368964000001142,2695,5,3,2026
ridge|degree=12|alpha=1e-08|l1=none,ridge,12,1e-08,,1,0.08276306703974953,0.9982824280723798,1.8755612779828519,0.9592114911934657,0.18911842099987553,,5,3,2026
ridge|degree=12|alpha=1e-08|l1=none,ridge,12,1e-08,,2,0.0811542586059629,0.9983369869537947,1.038968190498354,0.9762024543721801,0.23383695599841303,,5,3,2026
ridge|degree=12|alpha=1e-08|l1=none,ridge,12,1e-08,,3,0.08270176717095142,0.9982664818384277,2.083650113462129,0.9564204307233929,0.21736670100290212,,5,3,2026
ridge|degree=12|alpha=1e-08|l1=none,ridge,12,1e-08,,4,0.08223551912879447,0.9982670499242489,1.1430720758655222,0.9767711135437498,0.18790907899892773,,5,3,2026
ridge|degree=12|alpha=1e-08|l1=none,ridge,12,1e-08,,5,0.07191609873723902,0.9984638177663578,1.458258381195316,0.9715679195084217,0.2076571130019147,,5,3,2026
ridge|degree=12|alpha=1e-08|l1=none,ridge,12,1e-08,,6,0.08163473960303394,0.9983807087931551,1.2666842316459421,0.9660813880943243,0.2813661499967566,,5,3,2026
ridge|degree=12|alpha=1e-08|l1=none,ridge,12,1e-08,,7,0.07559004462331764,0.9983749152567657,3.285590173147142,0.9377910894812458,0.1853990019990306,,5,3,2026
ridge|degree=12|alpha=1e-08|l1=none,ridge,12,1e-08,,8,0.07466320112948086,0.9984322086844467,2.0650097140632626,0.9573018553050979,0.1762699370010523,,5,3,2026
ridge|degree=12|alpha=1e-08|l1=none,ridge,12,1e-08,,9,0.08505459758270704,0.998260341214279,1.4019508946120183,0.967407113074097,0.17632643899924005,,5,3,2026
ridge|degree=12|alpha=1e-08|l1=none,ridge,12,1e-08,,10,0.08215264295641572,0.9981960714174289,1.282681161362413,0.9774050283146084,0.16891588599901297,,5,3,2026
ridge|degree=12|alpha=1e-08|l1=none,ridge,12,1e-08,,11,0.0743135403724478,0.9983384041163599,1.1199487751619273,0.9813725468775998,0.15563822400145,,5,3,2026
ridge|degree=12|alpha=1e-08|l1=none,ridge,12,1e-08,,12,0.08155535113191767,0.9983050440851238,5.919931688167305,0.8725720747081248,0.1779028879973339,,5,3,2026
ridge|degree=12|alpha=1e-08|l1=none,ridge,12,1e-08,,13,0.07943137141444354,0.9984176088551813,0.85846547033054,0.9773406482338491,0.1864210500025365,,5,3,2026
ridge|degree=12|alpha=1e-08|l1=none,ridge,12,1e-08,,14,0.08234917057794675,0.9981862815601841,8.495870647305392,0.8514929613708793,0.06763658999989275,,5,3,2026
ridge|degree=12|alpha=1e-08|l1=none,ridge,12,1e-08,,15,0.08159917417793242,0.9983854022603247,1.390536034064242,0.9619655742530162,0.14575915499881376,,5,3,2026
lasso|degree=12|alpha=0.01|l1=none,lasso,12,0.01,,1,0.25383994885213973,0.9947320902202962,0.333776157199357,0.9927412493064588,0.4630516270008229,3987,5,3,2026
lasso|degree=12|alpha=0.01|l1=none,lasso,12,0.01,,2,0.25866917944750867,0.9946993512421686,0.3296888487066496,0.9924484835129394,0.4330277270018996,3619,5,3,2026
lasso|degree=12|alpha=0.01|l1=none,lasso,12,0.01,,3,0.25858907049004487,0.9945796944199271,0.37122021200290456,0.9922359244283211,0.4273034360012389,4114,5,3,2026
lasso|degree=12|alpha=0.01|l1=none,lasso,12,0.01,,4,0.27143696103793524,0.9942800056815394,0.2811715066980375,0.9942861861979473,0.44726682900000014,3841,5,3,2026
lasso|degree=12|alpha=0.01|l1=none,lasso,12,0.01,,5,0.2520573262669948,0.9946158649694632,0.3571028053858385,0.9930374645279417,0.4086603610012389,3857,5,3,2026
lasso|degree=12|alpha=0.01|l1=none,lasso,12,0.01,,6,0.260944628500272,0.9948239518560529,0.3115573632709758,0.9916572788804576,0.48903955300193047,3861,5,3,2026
lasso|degree=12|alpha=0.01|l1=none,lasso,12,0.01,,7,0.25604047869461266,0.9944954725499834,0.35734758558704927,0.993234030172855,0.4253977099979238,3412,5,3,2026
lasso|degree=12|alpha=0.01|l1=none,lasso,12,0.01,,8,0.25878766443853446,0.9945659301136118,0.31407108016798707,0.9935059615777255,0.5106651639980555,3559,5,3,2026
lasso|degree=12|alpha=0.01|l1=none,lasso,12,0.01,,9,0.25931240704402264,0.9946961702249908,0.34206149996547014,0.9920476731154234,0.4300372799989418,3457,5,3,2026
lasso|degree=12|alpha=0.01|l1=none,lasso,12,0.01,,10,0.25522635262641413,0.9943956749781938,0.3682336146010469,0.9935134089856885,0.4096307599975262,3978,5,3,2026
lasso|degree=12|alpha=0.01|l1=none,lasso,12,0.01,,11,0.24458764862778126,0.9945312007998501,0.4253548024771143,0.9929253222832584,0.4984113509999588,4099,5,3,2026
lasso|degree=12|alpha=0.01|l1=none,lasso,12,0.01,,12,0.2570441280842798,0.9946578800871578,0.3525801270552965,0.9924106296395945,0.5489942189997237,4602,5,3,2026
lasso|degree=12|alpha=0.01|l1=none,lasso,12,0.01,,13,0.25914936694180574,0.994837358890677,0.3582846115493936,0.9905430127057172,0.42958404299861286,3644,5,3,2026
lasso|degree=12|alpha=0.01|l1=none,lasso,12,0.01,,14,0.2549610278756237,0.9943845516057174,0.34113214508837175,0.9940370414344359,0.44718724899939843,3838,5,3,2026
lasso|degree=12|alpha=0.01|l1=none,lasso,12,0.01,,15,0.2672060499612756,0.9947128106547466,0.2891656905718496,0.9920906393525921,0.3832405269968149,3825,5,3,2026
elastic_net|degree=12|alpha=0.01|l1=0.1,elastic_net,12,0.01,0.1,1,0.19431471146987575,0.9959674102775338,0.28577390603262937,0.9937851716071757,1.8717058450019977,9447,5,3,2026
elastic_net|degree=12|alpha=0.01|l1=0.1,elastic_net,12,0.01,0.1,2,0.19820684430014052,0.9959383453982525,0.2649394875102951,0.9939315663363926,1.554118298998219,9283,5,3,2026
elastic_net|degree=12|alpha=0.01|l1=0.1,elastic_net,12,0.01,0.1,3,0.19826157880718895,0.9958442236561423,0.2719488142083615,0.9943121870068711,1.8217751260017394,10664,5,3,2026
elastic_net|degree=12|alpha=0.01|l1=0.1,elastic_net,12,0.01,0.1,4,0.20733227993193118,0.9956308843913177,0.21869766179338293,0.9955557455550654,1.8186713040013274,10078,5,3,2026
elastic_net|degree=12|alpha=0.01|l1=0.1,elastic_net,12,0.01,0.1,5,0.1928275988322824,0.9958810567218845,0.2679345048870225,0.9947760043709301,1.4343226199998753,8097,5,3,2026
elastic_net|degree=12|alpha=0.01|l1=0.1,elastic_net,12,0.01,0.1,6,0.1995832040142323,0.9960411054305347,0.24596496979738489,0.9934136778965756,1.5585927560023265,8386,5,3,2026
elastic_net|degree=12|alpha=0.01|l1=0.1,elastic_net,12,0.01,0.1,7,0.1911911054550013,0.9958896472403829,0.28369824357569473,0.9946284966417394,2.1522142970025016,11858,5,3,2026
elastic_net|degree=12|alpha=0.01|l1=0.1,elastic_net,12,0.01,0.1,8,0.1972392738333067,0.9958583342808242,0.27141291940900125,0.9943880031042622,2.7148802379997505,10508,5,3,2026
elastic_net|degree=12|alpha=0.01|l1=0.1,elastic_net,12,0.01,0.1,9,0.20396120170753884,0.9958282925722892,0.25476129175317913,0.9940772490626312,4.142583467000804,10942,5,3,2026
elastic_net|degree=12|alpha=0.01|l1=0.1,elastic_net,12,0.01,0.1,10,0.19709487707160722,0.9956721406709164,0.2694050924606604,0.9952543152426255,2.2831739950015617,9727,5,3,2026
elastic_net|degree=12|alpha=0.01|l1=0.1,elastic_net,12,0.01,0.1,11,0.1877623793339609,0.9958017718569164,0.32451872228047024,0.9946024698444385,1.825115552997886,8383,5,3,2026
elastic_net|degree=12|alpha=0.01|l1=0.1,elastic_net,12,0.01,0.1,12,0.19610386627421295,0.9959243948624055,0.2865253527465839,0.9938324742298972,1.5917577229993185,9499,5,3,2026
elastic_net|degree=12|alpha=0.01|l1=0.1,elastic_net,12,0.01,0.1,13,0.19989459773747018,0.9960178020884659,0.2694537605006165,0.9928877191280102,1.2781701120002253,7940,5,3,2026
elastic_net|degree=12|alpha=0.01|l1=0.1,elastic_net,12,0.01,0.1,14,0.19602622507250436,0.9956825748625485,0.2849761586051474,0.9950186429206316,1.7843627450019994,10241,5,3,2026
elastic_net|degree=12|alpha=0.01|l1=0.1,elastic_net,12,0.01,0.1,15,0.2062256871973119,0.9959194252666613,0.22871971447863865,0.9937439787361834,1.6568312039999,10388,5,3,2026
elastic_net|degree=12|alpha=0.01|l1=0.5,elastic_net,12,0.01,0.5,1,0.2243100722684172,0.9953449201800889,0.3072972873397234,0.9933170948568736,0.800576721001562,5755,5,3,2026
elastic_net|degree=12|alpha=0.01|l1=0.5,elastic_net,12,0.01,0.5,2,0.22551920679908385,0.9953786604730415,0.2980102113827401,0.9931740820673872,0.8220781109994277,5035,5,3,2026
elastic_net|degree=12|alpha=0.01|l1=0.5,elastic_net,12,0.01,0.5,3,0.2287813125737447,0.9952044971475018,0.3177445401598785,0.993354368801798,1.106085670999164,6914,5,3,2026
elastic_net|degree=12|alpha=0.01|l1=0.5,elastic_net,12,0.01,0.5,4,0.23822397669416373,0.994979903296879,0.24556838825763286,0.995009693326852,0.8009799680003198,5679,5,3,2026
elastic_net|degree=12|alpha=0.01|l1=0.5,elastic_net,12,0.01,0.5,5,0.22333974026861944,0.9952292943153038,0.3072852316505049,0.9940087720030801,0.7248438179994992,4747,5,3,2026
elastic_net|degree=12|alpha=0.01|l1=0.5,elastic_net,12,0.01,0.5,6,0.22937874004799383,0.9954500868306431,0.2821332146443523,0.9924451834370847,0.6128418879998208,4428,5,3,2026
elastic_net|degree=12|alpha=0.01|l1=0.5,elastic_net,12,0.01,0.5,7,0.22099717669320537,0.9952488566195236,0.31493732131020136,0.9940370202587877,0.8228223510013777,6117,5,3,2026
elastic_net|degree=12|alpha=0.01|l1=0.5,elastic_net,12,0.01,0.5,8,0.22626183343327597,0.9952489133585006,0.29125938368372994,0.993977638350279,0.8839412209999864,6063,5,3,2026
elastic_net|degree=12|alpha=0.01|l1=0.5,elastic_net,12,0.01,0.5,9,0.23277431341103635,0.9952389654301532,0.30391338641021165,0.9929345495076862,0.8424702739976055,5771,5,3,2026
elastic_net|degree=12|alpha=0.01|l1=0.5,elastic_net,12,0.01,0.5,10,0.22861853852817465,0.994979936112641,0.3061618332468236,0.99460682969257,0.7642058829987946,5135,5,3,2026
elastic_net|degree=12|alpha=0.01|l1=0.5,elastic_net,12,0.01,0.5,11,0.2168960094410442,0.9951503654023348,0.3760390198102714,0.993745562860501,0.6546088079994661,4777,5,3,2026
elastic_net|degree=12|alpha=0.01|l1=0.5,elastic_net,12,0.01,0.5,12,0.2258932880061473,0.9953052845788434,0.3176206308445925,0.9931631410377046,0.7348890889988979,5210,5,3,2026
elastic_net|degree=12|alpha=0.01|l1=0.5,elastic_net,12,0.01,0.5,13,0.2296100260472985,0.99542582652787,0.308233301575831,0.9918641261089283,0.8194922930015309,5493,5,3,2026
elastic_net|degree=12|alpha=0.01|l1=0.5,elastic_net,12,0.01,0.5,14,0.22492486353046914,0.9950460900857265,0.3082076945461304,0.9946125578060359,0.8535749749971728,5657,5,3,2026
elastic_net|degree=12|alpha=0.01|l1=0.5,elastic_net,12,0.01,0.5,15,0.2358107305476881,0.9953340278701442,0.26393845838080865,0.9927806633908529,0.980702384000324,6169,5,3,2026
elastic_net|degree=12|alpha=0.01|l1=0.9,elastic_net,12,0.01,0.9,1,0.24802423487679384,0.9948527830295456,0.3275510900525701,0.9928766280909957,0.7286096280004131,4181,5,3,2026
elastic_net|degree=12|alpha=0.01|l1=0.9,elastic_net,12,0.01,0.9,2,0.2518780769948106,0.9948385145118596,0.3245326573409619,0.9925665859730656,0.4544748520020221,3025,5,3,2026
elastic_net|degree=12|alpha=0.01|l1=0.9,elastic_net,12,0.01,0.9,3,0.2527562399067357,0.9947019568345699,0.36168558172915055,0.9924353413447493,0.3548218130017631,3276,5,3,2026
elastic_net|degree=12|alpha=0.01|l1=0.9,elastic_net,12,0.01,0.9,4,0.2654727317675375,0.9944056899561136,0.2715294297291662,0.9944821272202513,0.4034684969992668,3556,5,3,2026
elastic_net|degree=12|alpha=0.01|l1=0.9,elastic_net,12,0.01,0.9,5,0.24644598763597914,0.994735727404485,0.34859396484642424,0.993203363824134,0.47646511000129976,3704,5,3,2026
elastic_net|degree=12|alpha=0.01|l1=0.9,elastic_net,12,0.01,0.9,6,0.2545792033951804,0.9949502152207752,0.30928225195711256,0.9917182006285692,0.39707304300100077,3328,5,3,2026
elastic_net|degree=12|alpha=0.01|l1=0.9,elastic_net,12,0.01,0.9,7,0.2505627705465783,0.9946132359404354,0.3487907070953746,0.9933960449283041,0.47818775799896684,4126,5,3,2026
elastic_net|degree=12|alpha=0.01|l1=0.9,elastic_net,12,0.01,0.9,8,0.25346601451292583,0.9946776750751399,0.31012499416046174,0.9935875546812254,0.46294251899962546,3621,5,3,2026
elastic_net|degree=12|alpha=0.01|l1=0.9,elastic_net,12,0.01,0.9,9,0.2538574949490214,0.9948077419215375,0.3379381032686693,0.9921435348198568,0.45553615300013917,2958,5,3,2026
elastic_net|degree=12|alpha=0.01|l1=0.9,elastic_net,12,0.01,0.9,10,0.24978580528335248,0.994515139897444,0.35236831070296537,0.9937928830304905,0.363031601998955,3241,5,3,2026
elastic_net|degree=12|alpha=0.01|l1=0.9,elastic_net,12,0.01,0.9,11,0.2406010016207005,0.9946203392828681,0.41837407878607086,0.9930414285786525,0.31532230300217634,2813,5,3,2026
elastic_net|degree=12|alpha=0.01|l1=0.9,elastic_net,12,0.01,0.9,12,0.25168347666195395,0.9947692899175339,0.34298187328483193,0.9926172343149221,0.5658019949987647,4258,5,3,2026
elastic_net|degree=12|alpha=0.01|l1=0.9,elastic_net,12,0.01,0.9,13,0.25280088557584723,0.9949638300886138,0.350156858088739,0.990757546232223,0.44027354499849025,3768,5,3,2026
elastic_net|degree=12|alpha=0.01|l1=0.9,elastic_net,12,0.01,0.9,14,0.24950883396023646,0.9945046347173309,0.335774907176436,0.994130685461112,0.41052454500095337,3130,5,3,2026
elastic_net|degree=12|alpha=0.01|l1=0.9,elastic_net,12,0.01,0.9,15,0.26108799562138296,0.9948338682121044,0.2902705097100091,0.99206041995486,0.5128840459983621,3626,5,3,2026
ridge|degree=13|alpha=1e-08|l1=none,ridge,13,1e-08,,1,0.058861862183127285,0.9987784468880953,64.81183158059201,-0.4094863197622285,0.1655768070013437,,5,3,2026
ridge|degree=13|alpha=1e-08|l1=none,ridge,13,1e-08,,2,0.05472032354771917,0.9988786711441198,11.835694844884113,0.7289036462483219,0.19137663299989072,,5,3,2026
ridge|degree=13|alpha=1e-08|l1=none,ridge,13,1e-08,,3,0.06051182054117049,0.9987316070322767,5.322258111740996,0.8886849022347548,0.17011332999754813,,5,3,2026
ridge|degree=13|alpha=1e-08|l1=none,ridge,13,1e-08,,4,0.06088429838419339,0.9987169844537407,5.121975144541291,0.8959140183927625,0.1663469110026199,,5,3,2026
ridge|degree=13|alpha=1e-08|l1=none,ridge,13,1e-08,,5,0.05120996723403877,0.9989061163879626,8.12247699166355,0.8416337443377673,0.11614047500188462,,5,3,2026
ridge|degree=13|alpha=1e-08|l1=none,ridge,13,1e-08,,6,0.059748435405354385,0.9988148413709029,4.39767015835987,0.8822414745016947,0.17476297600296675,,5,3,2026
ridge|degree=13|alpha=1e-08|l1=none,ridge,13,1e-08,,7,0.05587529194026322,0.9987987560411113,5.892138750463307,0.8884390587458576,0.22527202900164411,,5,3,2026
ridge|degree=13|alpha=1e-08|l1=none,ridge,13,1e-08,,8,0.05781959918519613,0.9987858936651521,6.562470527046572,0.864307991283725,0.21711318799862056,,5,3,2026
ridge|degree=13|alpha=1e-08|l1=none,ridge,13,1e-08,,9,0.06052800918135663,0.9987619942255073,16.423607236123907,0.6181800834682105,0.07022085200151196,,5,3,2026
ridge|degree=13|alpha=1e-08|l1=none,ridge,13,1e-08,,10,0.059553486558312635,0.9986923094287874,5.668827780472693,0.9001411987269752,0.18826125499981572,,5,3,2026
ridge|degree=13|alpha=1e-08|l1=none,ridge,13,1e-08,,11,0.055459795383620045,0.9987599599311903,2.1384817026520744,0.964431884249793,0.15892401800010703,,5,3,2026
ridge|degree=13|alpha=1e-08|l1=none,ridge,13,1e-08,,12,0.05592889666701181,0.9988376358767076,19.22732610794844,0.5861272724238684,0.10918246200162685,,5,3,2026
ridge|degree=13|alpha=1e-08|l1=none,ridge,13,1e-08,,13,0.05539762589401784,0.9988963968379534,4.098883500539163,0.8918092266990921,0.19702991400117753,,5,3,2026
ridge|degree=13|alpha=1e-08|l1=none,ridge,13,1e-08,,14,0.06341006285043632,0.9986034103385065,6.541407311989026,0.8856568009685414,0.17185208499722648,,5,3,2026
ridge|degree=13|alpha=1e-08|l1=none,ridge,13,1e-08,,15,0.06115003266570084,0.9987900281403851,5.592094333934776,0.8470430887774141,0.13898501500079874,,5,3,2026
lasso|degree=13|alpha=0.01|l1=none,lasso,13,0.01,,1,0.25112505890341463,0.9947884320032834,0.33079456090177073,0.9928060911584788,0.6968057470003259,4847,5,3,2026
lasso|degree=13|alpha=0.01|l1=none,lasso,13,0.01,,2,0.2553134604163845,0.9947681166356799,0.33221783566636587,0.9923905571171975,0.6866660899977433,4545,5,3,2026
lasso|degree=13|alpha=0.01|l1=none,lasso,13,0.01,,3,0.2544518305762379,0.9946664154269226,0.3704842291108767,0.992251317520099,0.5943118989998766,3724,5,3,2026
lasso|degree=13|alpha=0.01|l1=none,lasso,13,0.01,,4,0.2701337401747035,0.994307468470339,0.27864930622420414,0.9943374409785193,0.6531582569987222,5008,5,3,2026
lasso|degree=13|alpha=0.01|l1=none,lasso,13,0.01,,5,0.24958956173271438,0.9946685782854097,0.35371787815288824,0.9931034614217614,0.6198551369998313,4806,5,3,2026
lasso|degree=13|alpha=0.01|l1=none,lasso,13,0.01,,6,0.2558446915821629,0.9949251132371894,0.3254684095005353,0.9912847761157795,0.4836191450012848,4081,5,3,2026
lasso|degree=13|alpha=0.01|l1=none,lasso,13,0.01,,7,0.2505266407348003,0.9946140126830102,0.35404456272018914,0.9932965691515887,0.6003150049982651,4095,5,3,2026
lasso|degree=13|alpha=0.01|l1=none,lasso,13,0.01,,8,0.2555582669939552,0.9946337415815303,0.3125199201468549,0.9935380348675392,0.7575179679988651,6289,5,3,2026
lasso|degree=13|alpha=0.01|l1=none,lasso,13,0.01,,9,0.2584314224047742,0.9947141893881085,0.3397936402169623,0.9921003968567691,0.8917120810001506,7746,5,3,2026
lasso|degree=13|alpha=0.01|l1=none,lasso,13,0.01,,10,0.2545059252282218,0.9944114943058319,0.349837297538844,0.9938374678988906,0.4511786659968493,3848,5,3,2026
lasso|degree=13|alpha=0.01|l1=none,lasso,13,0.01,,11,0.24362023709216465,0.9945528314073722,0.40964015396572706,0.9931866948433011,0.527488749998156,4246,5,3,2026
lasso|degree=13|alpha=0.01|l1=none,lasso,13,0.01,,12,0.25286828392067284,0.9947446661982648,0.35152524218294706,0.9924333362851753,0.6162540370023635,4882,5,3,2026
lasso|degree=13|alpha=0.01|l1=none,lasso,13,0.01,,13,0.2550468981907848,0.9949190861743423,0.3654821768812431,0.9903530316635544,0.4567371199991612,3542,5,3,2026
lasso|degree=13|alpha=0.01|l1=none,lasso,13,0.01,,14,0.2511545855760604,0.9944683874785059,0.3432361250058305,0.9940002640587146,0.4627098240016494,3129,5,3,2026
lasso|degree=13|alpha=0.01|l1=none,lasso,13,0.01,,15,0.2644459429148423,0.9947674247196967,0.2961829309252462,0.9918987013512518,0.5555494840009487,3674,5,3,2026
elastic_net|degree=13|alpha=0.01|l1=0.1,elastic_net,13,0.01,0.1,1,0.19072569746225518,0.9960418926514696,0.2812535199085854,0.9938834780775608,3.4510769799999252,14215,5,3,2026
elastic_net|degree=13|alpha=0.01|l1=0.1,elastic_net,13,0.01,0.1,2,0.19329468364471838,0.9960390053931233,0.26943293770380844,0.9938286439495627,3.6159998799994355,14019,5,3,2026
elastic_net|degree=13|alpha=0.01|l1=0.1,elastic_net,13,0.01,0.1,3,0.19426676467085463,0.99592795926536,0.2653313249352944,0.9944505918812545,3.36503576999894,13153,5,3,2026
elastic_net|degree=13|alpha=0.01|l1=0.1,elastic_net,13,0.01,0.1,4,0.20270365007625585,0.9957284235634905,0.21125028041395763,0.9957070871721967,3.3816504270034784,15009,5,3,2026
elastic_net|degree=13|alpha=0.01|l1=0.1,elastic_net,13,0.01,0.1,5,0.1883649873380036,0.9959763814768912,0.2705697608076471,0.9947246240329753,3.2137481329991715,13523,5,3,2026
elastic_net|degree=13|alpha=0.01|l1=0.1,elastic_net,13,0.01,0.1,6,0.19414781521584623,0.9961489207715256,0.2509141589843027,0.993281151081222,2.5484007140003087,10783,5,3,2026
elastic_net|degree=13|alpha=0.01|l1=0.1,elastic_net,13,0.01,0.1,7,0.18648739781270307,0.9959907706563595,0.2842090771080153,0.9946188245901969,2.925837210001191,15022,5,3,2026
elastic_net|degree=13|alpha=0.01|l1=0.1,elastic_net,13,0.01,0.1,8,0.1923176141656652,0.9959616801750306,0.27444773373176984,0.9943252523383974,3.6406243380006345,15698,5,3,2026
elastic_net|degree=13|alpha=0.01|l1=0.1,elastic_net,13,0.01,0.1,9,0.20022508885163717,0.9959047089182474,0.24439485043331932,0.9943182505492458,2.946481060000224,14409,5,3,2026
elastic_net|degree=13|alpha=0.01|l1=0.1,elastic_net,13,0.01,0.1,10,0.19332609253152405,0.9957548965982821,0.25507549006278374,0.9955067372553563,2.753022165001312,12721,5,3,2026
elastic_net|degree=13|alpha=0.01|l1=0.1,elastic_net,13,0.01,0.1,11,0.183619032462622,0.9958944140331794,0.3109073151101301,0.99482886042106,3.3263825069989252,14140,5,3,2026
elastic_net|degree=13|alpha=0.01|l1=0.1,elastic_net,13,0.01,0.1,12,0.1919694833508748,0.9960103192891048,0.2829111768381391,0.9939102702184174,4.765735742999823,16431,5,3,2026
elastic_net|degree=13|alpha=0.01|l1=0.1,elastic_net,13,0.01,0.1,13,0.19457459914678768,0.9961237843787177,0.2768026290528014,0.9926937444099088,2.6899325889971806,11812,5,3,2026
elastic_net|degree=13|alpha=0.01|l1=0.1,elastic_net,13,0.01,0.1,14,0.19267309636152177,0.9957564266248857,0.2851864356819371,0.9950149672966417,3.127395355000772,13912,5,3,2026
elastic_net|degree=13|alpha=0.01|l1=0.1,elastic_net,13,0.01,0.1,15,0.20170823235476923,0.9960088118621917,0.2284819282503561,0.9937504827478895,3.055271448996791,13321,5,3,2026
elastic_net|degree=13|alpha=0.01|l1=0.5,elastic_net,13,0.01,0.5,1,0.22079263315045097,0.9954179171689901,0.3054469200142686,0.9933573354636912,1.6931094510000548,7883,5,3,2026
elastic_net|degree=13|alpha=0.01|l1=0.5,elastic_net,13,0.01,0.5,2,0.22302149222621612,0.9954298436394179,0.3067474529148231,0.9929739557248075,1.5591245449977578,6385,5,3,2026
elastic_net|degree=13|alpha=0.01|l1=0.5,elastic_net,13,0.01,0.5,3,0.22670091370811576,0.9952481045496196,0.3151655692284612,0.993408308012437,1.931430309999996,7320,5,3,2026
elastic_net|degree=13|alpha=0.01|l1=0.5,elastic_net,13,0.01,0.5,4,0.23532418413465206,0.995041010660083,0.238942760976056,0.9951443357059938,1.298495216997253,6629,5,3,2026
elastic_net|degree=13|alpha=0.01|l1=0.5,elastic_net,13,0.01,0.5,5,0.21964565079653234,0.995308202858956,0.30896569041214805,0.9939760076182564,0.9956256950026727,5413,5,3,2026
elastic_net|degree=13|alpha=0.01|l1=0.5,elastic_net,13,0.01,0.5,6,0.22647360128727334,0.9955077126119315,0.2916880631600101,0.9921893286703454,0.9595496500005538,5156,5,3,2026
elastic_net|degree=13|alpha=0.01|l1=0.5,elastic_net,13,0.01,0.5,7,0.21750722110387527,0.9953238859915929,0.3159356029646976,0.9940181189318285,1.4784272409997357,7241,5,3,2026
elastic_net|degree=13|alpha=0.01|l1=0.5,elastic_net,13,0.01,0.5,8,0.22221731693054408,0.9953338408428928,0.29736353393349463,0.9938514230163613,1.4531714379991172,7067,5,3,2026
elastic_net|degree=13|alpha=0.01|l1=0.5,elastic_net,13,0.01,0.5,9,0.23018970766054878,0.9952918294989895,0.2953208875054092,0.9931343099602751,1.371148803998949,7207,5,3,2026
elastic_net|degree=13|alpha=0.01|l1=0.5,elastic_net,13,0.01,0.5,10,0.22734172521104162,0.9950079727034857,0.2960504343252064,0.9947849462652738,1.0807160200020007,5771,5,3,2026
elastic_net|degree=13|alpha=0.01|l1=0.5,elastic_net,13,0.01,0.5,11,0.21538501600098417,0.9951841500998155,0.3596171940361437,0.9940186974864553,1.2056431849996443,6055,5,3,2026
elastic_net|degree=13|alpha=0.01|l1=0.5,elastic_net,13,0.01,0.5,12,0.22318151735304897,0.9953616430108096,0.3235125239526001,0.9930363166494611,1.2340605440003856,6186,5,3,2026
elastic_net|degree=13|alpha=0.01|l1=0.5,elastic_net,13,0.01,0.5,13,0.2258136487527732,0.9955014560141331,0.3198598628813158,0.9915572409148735,0.8012179049983388,4538,5,3,2026
elastic_net|degree=13|alpha=0.01|l1=0.5,elastic_net,13,0.01,0.5,14,0.22239186512807801,0.9951018786975389,0.31374360239217,0.9945157906453211,1.0818160889975843,5958,5,3,2026
elastic_net|degree=13|alpha=0.01|l1=0.5,elastic_net,13,0.01,0.5,15,0.23343454685378817,0.9953810452678064,0.26792247404660363,0.9926716912072464,1.2006039709995093,6630,5,3,2026
elastic_net|degree=13|alpha=0.01|l1=0.9,elastic_net,13,0.01,0.9,1,0.24580427840292385,0.9948988535179463,0.32333082641858885,0.9929684076891466,0.7235783500000252,5035,5,3,2026
elastic_net|degree=13|alpha=0.01|l1=0.9,elastic_net,13,0.01,0.9,2,0.2497161840361598,0.9948828160218048,0.3303361748153762,0.9924336565213631,0.43809733600210166,2973,5,3,2026
elastic_net|degree=13|alpha=0.01|l1=0.9,elastic_net,13,0.01,0.9,3,0.2505209034023582,0.9947488118965608,0.3579732130977582,0.9925129855830533,0.781495155999437,5051,5,3,2026
elastic_net|degree=13|alpha=0.01|l1=0.9,elastic_net,13,0.01,0.9,4,0.26332488393630094,0.9944509515790871,0.26655715099476773,0.9945831711531659,0.5037770210001327,3266,5,3,2026
elastic_net|degree=13|alpha=0.01|l1=0.9,elastic_net,13,0.01,0.9,5,0.24484271119537207,0.9947699746012452,0.34500965886758495,0.9932732480623533,0.7250324050000927,4406,5,3,2026
elastic_net|degree=13|alpha=0.01|l1=0.9,elastic_net,13,0.01,0.9,6,0.2510543740679107,0.9950201330665726,0.3204797085246001,0.9914183609572805,0.416273260001617,2809,5,3,2026
elastic_net|degree=13|alpha=0.01|l1=0.9,elastic_net,13,0.01,0.9,7,0.2472521333482782,0.9946844102072075,0.3466041115884096,0.9934374456256112,0.7633271949998743,5538,5,3,2026
elastic_net|degree=13|alpha=0.01|l1=0.9,elastic_net,13,0.01,0.9,8,0.24940217564093295,0.9947630082941145,0.31012521710169805,0.993587550071476,0.7089463350021106,3738,5,3,2026
elastic_net|degree=13|alpha=0.01|l1=0.9,elastic_net,13,0.01,0.9,9,0.2529243725023389,0.9948268274819736,0.3327467981610864,0.9922642235123208,0.488025884002127,3388,5,3,2026
elastic_net|degree=13|alpha=0.01|l1=0.9,elastic_net,13,0.01,0.9,10,0.24888906938224462,0.9945348306519324,0.33658353362438526,0.9940709385612757,0.4692969349998748,3241,5,3,2026
elastic_net|degree=13|alpha=0.01|l1=0.9,elastic_net,13,0.01,0.9,11,0.23954046123117828,0.9946440521827896,0.4028199411184986,0.9933001314556839,0.5163222080009291,2981,5,3,2026
elastic_net|degree=13|alpha=0.01|l1=0.9,elastic_net,13,0.01,0.9,12,0.24776995019437006,0.9948506243087442,0.34549339112181926,0.9925631733013566,0.7369325949985068,4585,5,3,2026
elastic_net|degree=13|alpha=0.01|l1=0.9,elastic_net,13,0.01,0.9,13,0.24898049072395767,0.9950399380403675,0.3567346264453623,0.9905839248436172,0.5475631509980303,3229,5,3,2026
elastic_net|degree=13|alpha=0.01|l1=0.9,elastic_net,13,0.01,0.9,14,0.24753841085532513,0.9945480327587991,0.3386560452550006,0.9940803234321111,0.5926255980011774,4105,5,3,2026
elastic_net|degree=13|alpha=0.01|l1=0.9,elastic_net,13,0.01,0.9,15,0.2593467514040386,0.994868322102182,0.2964063861535466,0.9918925893260468,0.4351741079990461,2770,5,3,2026
ridge|degree=14|alpha=1e-08|l1=none,ridge,14,1e-08,,1,0.037941820574803116,0.9992125979832189,67.34905137980468,-0.4646641555062041,0.16336002400203142,,5,3,2026
ridge|degree=14|alpha=1e-08|l1=none,ridge,14,1e-08,,2,0.037423558273463685,0.9992331164536125,25.840798801932593,0.4081170201627272,0.16782093599977088,,5,3,2026
ridge|degree=14|alpha=1e-08|l1=none,ridge,14,1e-08,,3,0.04078319009997628,0.9991451403864318,29.46257607690531,0.38378983740345707,0.18059686900232919,,5,3,2026
ridge|degree=14|alpha=1e-08|l1=none,ridge,14,1e-08,,4,0.036701293519928783,0.9992265932037723,28.828758684763876,0.41415771034739135,0.18927589099985198,,5,3,2026
ridge|degree=14|alpha=1e-08|l1=none,ridge,14,1e-08,,5,0.032968320879434146,0.9992957717437781,22.19944735344516,0.5671710293862047,0.17771417000039946,,5,3,2026
ridge|degree=14|alpha=1e-08|l1=none,ridge,14,1e-08,,6,0.03774551823494788,0.9992512870614536,16.13404453441368,0.5679709422761414,0.13758304600196425,,5,3,2026
ridge|degree=14|alpha=1e-08|l1=none,ridge,14,1e-08,,7,0.04021154348685597,0.999135505658873,131.4585240089729,-1.4890175359784452,0.07506099599777372,,5,3,2026
ridge|degree=14|alpha=1e-08|l1=none,ridge,14,1e-08,,8,0.038605445109797853,0.9991893559255349,8.609647410774388,0.8219785754934849,0.18534724900018773,,5,3,2026
ridge|degree=14|alpha=1e-08|l1=none,ridge,14,1e-08,,9,0.0415979257739496,0.999149179478863,43.023957928143965,-0.00023117874244427128,0.17630528600057005,,5,3,2026
ridge|degree=14|alpha=1e-08|l1=none,ridge,14,1e-08,,10,0.03605886352042525,0.999208210323872,22.557991588631488,0.6026314281539374,0.11944251600289135,,5,3,2026
ridge|degree=14|alpha=1e-08|l1=none,ridge,14,1e-08,,11,0.03590907616506465,0.9991970995750955,33.64039299601154,0.4404790134604837,0.16254005299924756,,5,3,2026
ridge|degree=14|alpha=1e-08|l1=none,ridge,14,1e-08,,12,0.0364751345822735,0.9992419412797803,62.042214950892024,-0.3354733041104139,0.06075385800068034,,5,3,2026
ridge|degree=14|alpha=1e-08|l1=none,ridge,14,1e-08,,13,0.03819112984739244,0.9992391758494786,27.02066074317124,0.28678475967403283,0.1780075909991865,,5,3,2026
ridge|degree=14|alpha=1e-08|l1=none,ridge,14,1e-08,,14,0.040898545826675826,0.9990992204753625,26.566615887378184,0.5356179942448613,0.14973690300030285,,5,3,2026
ridge|degree=14|alpha=1e-08|l1=none,ridge,14,1e-08,,15,0.04062829852744141,0.9991960904061821,62.7533758955247,-0.7164521863520643,0.152220493000641,,5,3,2026
lasso|degree=14|alpha=0.01|l1=none,lasso,14,0.01,,1,0.2473732788383647,0.9948662922415372,0.3296005411887412,0.9928320579366118,0.7627329000024474,4899,5,3,2026
lasso|degree=14|alpha=0.01|l1=none,lasso,14,0.01,,2,0.25169778775755125,0.9948422089988626,0.3329905255890316,0.9923728586699698,0.6355666259987629,4340,5,3,2026
lasso|degree=14|alpha=0.01|l1=none,lasso,14,0.01,,3,0.2520733355370401,0.994716271246075,0.369282328783345,0.9922764552811121,0.5766442579988507,4138,5,3,2026
lasso|degree=14|alpha=0.01|l1=none,lasso,14,0.01,,4,0.2679897852864961,0.9943526480572776,0.2727887146830865,0.9944565367191549,0.6000928369976464,3600,5,3,2026
lasso|degree=14|alpha=0.01|l1=none,lasso,14,0.01,,5,0.24850551420103578,0.9946917343601666,0.35642983949774304,0.9930505855362248,0.6049099619995104,4316,5,3,2026
lasso|degree=14|alpha=0.01|l1=none,lasso,14,0.01,,6,0.25169549728273216,0.9950074158681187,0.32595486131095924,0.9912717501620679,0.7744449849997181,5773,5,3,2026
lasso|degree=14|alpha=0.01|l1=none,lasso,14,0.01,,7,0.24731236971668913,0.9946831152059441,0.3505854555658242,0.9933620634086628,0.6955769439991855,4074,5,3,2026
lasso|degree=14|alpha=0.01|l1=none,lasso,14,0.01,,8,0.25346663517127566,0.9946776620424445,0.3136976515518885,0.9935136829501602,1.17022122599883,5993,5,3,2026
lasso|degree=14|alpha=0.01|l1=none,lasso,14,0.01,,9,0.25628563997473824,0.9947580780121541,0.33039196048210784,0.9923189693372243,0.9433762849985214,5620,5,3,2026
lasso|degree=14|alpha=0.01|l1=none,lasso,14,0.01,,10,0.25311105674822265,0.9944421231819027,0.355342121352994,0.9937404980969161,0.5574980429992138,3486,5,3,2026
lasso|degree=14|alpha=0.01|l1=none,lasso,14,0.01,,11,0.24196293619147935,0.9945898874316274,0.409764352801929,0.9931846291166799,0.5539357659981761,3688,5,3,2026
lasso|degree=14|alpha=0.01|l1=none,lasso,14,0.01,,12,0.25017591567497316,0.9948006213921269,0.3570762700166464,0.9923138491023249,0.8458126039986382,4639,5,3,2026
lasso|degree=14|alpha=0.01|l1=none,lasso,14,0.01,,13,0.25338043360134377,0.9949522846293423,0.3632950967398125,0.9904107600404992,0.6094257599979755,3496,5,3,2026
lasso|degree=14|alpha=0.01|l1=none,lasso,14,0.01,,14,0.2472068477360793,0.994555335347752,0.3422273910355296,0.9940178966358703,0.5299101099990366,3339,5,3,2026
lasso|degree=14|alpha=0.01|l1=none,lasso,14,0.01,,15,0.2621850018600645,0.9948121618184892,0.3041996931446747,0.991679424079828,0.7060605640035647,4632,5,3,2026
elastic_net|degree=14|alpha=0.01|l1=0.1,elastic_net,14,0.01,0.1,1,0.18650042332050126,0.9961295792550713,0.27856590107322626,0.9939419266954874,4.3127391719972366,13985,5,3,2026
elastic_net|degree=14|alpha=0.01|l1=0.1,elastic_net,14,0.01,0.1,2,0.1903149277580473,0.9961000665499765,0.26165489582207035,0.9940067998433316,6.061993118000828,12718,5,3,2026
elastic_net|degree=14|alpha=0.01|l1=0.1,elastic_net,14,0.01,0.1,3,0.1901424703053209,0.9960144089197132,0.26693257030001627,0.9944171018135844,5.203178625000874,15138,5,3,2026
elastic_net|degree=14|alpha=0.01|l1=0.1,elastic_net,14,0.01,0.1,4,0.19875658517027311,0.9958116001093466,0.2078869824812552,0.9957754342759768,8.513984957000503,16213,5,3,2026
elastic_net|degree=14|alpha=0.01|l1=0.1,elastic_net,14,0.01,0.1,5,0.18474232103215485,0.9960537643677205,0.26588880188125336,0.9948158900271841,4.00592157599749,12048,5,3,2026
elastic_net|degree=14|alpha=0.01|l1=0.1,elastic_net,14,0.01,0.1,6,0.19022911371314982,0.9962266513910685,0.2498560751748311,0.9933094838994575,3.609087336997618,10291,5,3,2026
elastic_net|degree=14|alpha=0.01|l1=0.1,elastic_net,14,0.01,0.1,7,0.18196157989551864,0.996088069681443,0.2868628742507519,0.99456857796165,5.140419966999616,15148,5,3,2026
elastic_net|degree=14|alpha=0.01|l1=0.1,elastic_net,14,0.01,0.1,8,0.18882297188623465,0.9960350613016602,0.2679065421305778,0.9944605043633941,5.0401308389991755,16263,5,3,2026
elastic_net|degree=14|alpha=0.01|l1=0.1,elastic_net,14,0.01,0.1,9,0.1965102743720094,0.9959806896392253,0.23614603166422954,0.9945100210445225,5.079227034999349,15535,5,3,2026
elastic_net|degree=14|alpha=0.01|l1=0.1,elastic_net,14,0.01,0.1,10,0.18992809839480423,0.9958295106158723,0.2580390945267024,0.9954545321080711,6.4167743690013594,13863,5,3,2026
elastic_net|degree=14|alpha=0.01|l1=0.1,elastic_net,14,0.01,0.1,11,0.18023123253743856,0.9959701627376829,0.30505995063060226,0.9949261162153853,4.856759925001825,14108,5,3,2026
elastic_net|degree=14|alpha=0.01|l1=0.1,elastic_net,14,0.01,0.1,12,0.18783677108612296,0.9960962089946901,0.2793781332097627,0.9939863198154811,4.94199159100026,14696,5,3,2026
elastic_net|degree=14|alpha=0.01|l1=0.1,elastic_net,14,0.01,0.1,13,0.1912895737854406,0.9961892269733719,0.263743788632104,0.9930384348709435,3.681593695000629,12421,5,3,2026
elastic_net|degree=14|alpha=0.01|l1=0.1,elastic_net,14,0.01,0.1,14,0.18850670392434438,0.9958481903031083,0.28872048887814844,0.9949531923713498,4.855613026000356,14798,5,3,2026
elastic_net|degree=14|alpha=0.01|l1=0.1,elastic_net,14,0.01,0.1,15,0.1978493061158993,0.9960851681935593,0.22567360667393058,0.9938272969374219,4.021130605997314,12728,5,3,2026
elastic_net|degree=14|alpha=0.01|l1=0.5,elastic_net,14,0.01,0.5,1,0.21669791176038822,0.9955028944271145,0.3019167324001715,0.9934341077292933,2.3248122349978075,8172,5,3,2026
elastic_net|degree=14|alpha=0.01|l1=0.5,elastic_net,14,0.01,0.5,2,0.22010327452264342,0.995489643755839,0.30171590314497,0.9930892032716735,1.5954983539995737,6321,5,3,2026
elastic_net|degree=14|alpha=0.01|l1=0.5,elastic_net,14,0.01,0.5,3,0.22278025206737062,0.9953302858426211,0.3087261598972313,0.9935429883425163,3.0953301820009074,9639,5,3,2026
elastic_net|degree=14|alpha=0.01|l1=0.5,elastic_net,14,0.01,0.5,4,0.23143597496354498,0.9951229469383359,0.23394383193408663,0.9952459212119041,1.8901671570019971,7322,5,3,2026
elastic_net|degree=14|alpha=0.01|l1=0.5,elastic_net,14,0.01,0.5,5,0.2163527434638948,0.995378541848838,0.3040776757806381,0.9940713106367333,1.3896589979995042,5900,5,3,2026
elastic_net|degree=14|alpha=0.01|l1=0.5,elastic_net,14,0.01,0.5,6,0.222604430105526,0.995584460757425,0.28934046839000954,0.9922521913427669,1.2009615890019631,5450,5,3,2026
elastic_net|degree=14|alpha=0.01|l1=0.5,elastic_net,14,0.01,0.5,7,0.21326330708953847,0.9954151244602387,0.3084652122623138,0.9941595622775454,2.2375054849981098,8155,5,3,2026
elastic_net|degree=14|alpha=0.01|l1=0.5,elastic_net,14,0.01,0.5,8,0.21865132031488305,0.9954087202806982,0.2918676037823192,0.9939650622013151,1.819394635000208,7468,5,3,2026
elastic_net|degree=14|alpha=0.01|l1=0.5,elastic_net,14,0.01,0.5,9,0.22702205440941156,0.9953566188926858,0.2839798558423764,0.9933979689543504,1.3335184509996907,5493,5,3,2026
elastic_net|degree=14|alpha=0.01|l1=0.5,elastic_net,14,0.01,0.5,10,0.22376403159833697,0.9950865326077735,0.29811895294558943,0.9947485084340605,1.947549265998532,6602,5,3,2026
elastic_net|degree=14|alpha=0.01|l1=0.5,elastic_net,14,0.01,0.5,11,0.21190796064467413,0.9952618944898457,0.35352095597330857,0.9941200926495707,1.539848662003351,6160,5,3,2026
elastic_net|degree=14|alpha=0.01|l1=0.5,elastic_net,14,0.01,0.5,12,0.21881289704052434,0.9954524355674695,0.32043322532477475,0.9931025992784115,2.2797161859998596,7835,5,3,2026
elastic_net|degree=14|alpha=0.01|l1=0.5,elastic_net,14,0.01,0.5,13,0.22219546718647315,0.9955735355762622,0.30392920286852915,0.9919777335748261,1.8300041090005834,6781,5,3,2026
elastic_net|degree=14|alpha=0.01|l1=0.5,elastic_net,14,0.01,0.5,14,0.21797463515932347,0.9951991670052536,0.31188794910052225,0.9945482272944305,2.1189976610003214,6998,5,3,2026
elastic_net|degree=14|alpha=0.01|l1=0.5,elastic_net,14,0.01,0.5,15,0.2299387214080393,0.9954502169465625,0.26641971244142376,0.9927127952658881,2.018071594000503,7612,5,3,2026
elastic_net|degree=14|alpha=0.01|l1=0.9,elastic_net,14,0.01,0.9,1,0.24202958685239317,0.9949771892354893,0.3212332209107538,0.9930140250740507,0.8576367679997929,4956,5,3,2026
elastic_net|degree=14|alpha=0.01|l1=0.9,elastic_net,14,0.01,0.9,2,0.24618070660099634,0.994955265024485,0.3314306575989867,0.9924085874150901,1.0766341199996532,3911,5,3,2026
elastic_net|degree=14|alpha=0.01|l1=0.9,elastic_net,14,0.01,0.9,3,0.24790807683346255,0.9948035795570978,0.3569871367736443,0.9925336093822225,0.9433580390032148,5169,5,3,2026
elastic_net|degree=14|alpha=0.01|l1=0.9,elastic_net,14,0.01,0.9,4,0.26067033280188645,0.994506890966814,0.2623336028933606,0.9946689997910632,0.7648945799992362,3648,5,3,2026
elastic_net|degree=14|alpha=0.01|l1=0.9,elastic_net,14,0.01,0.9,5,0.24252456633587305,0.994819491927834,0.3461291168030034,0.9932514216709969,0.9128013949994056,4184,5,3,2026
elastic_net|degree=14|alpha=0.01|l1=0.9,elastic_net,14,0.01,0.9,6,0.24676597725708674,0.9951051968921081,0.31983046247381763,0.9914357461305364,0.5267596729972865,2856,5,3,2026
elastic_net|degree=14|alpha=0.01|l1=0.9,elastic_net,14,0.01,0.9,7,0.24298701892150143,0.9947761044563331,0.3415786221709481,0.9935325975480995,1.470835280000756,5434,5,3,2026
elastic_net|degree=14|alpha=0.01|l1=0.9,elastic_net,14,0.01,0.9,8,0.24685545710731666,0.9948164847475716,0.3099152186512526,0.9935918922032161,0.8012688839990005,3896,5,3,2026
elastic_net|degree=14|alpha=0.01|l1=0.9,elastic_net,14,0.01,0.9,9,0.25056051762060577,0.9948751764369983,0.3262142784316944,0.9924160930804344,0.9222486910002772,4332,5,3,2026
elastic_net|degree=14|alpha=0.01|l1=0.9,elastic_net,14,0.01,0.9,10,0.24623580052003696,0.99459309180295,0.3405371860287555,0.9940012933003788,0.6002886999995098,3004,5,3,2026
elastic_net|degree=14|alpha=0.01|l1=0.9,elastic_net,14,0.01,0.9,11,0.2373146609497769,0.994693819433372,0.4021887845964278,0.9933106291130664,0.6307461190008326,3077,5,3,2026
elastic_net|degree=14|alpha=0.01|l1=0.9,elastic_net,14,0.01,0.9,12,0.24469956852945518,0.9949144357140247,0.3483521297480989,0.9925016382784395,0.9570195869964664,4121,5,3,2026
elastic_net|degree=14|alpha=0.01|l1=0.9,elastic_net,14,0.01,0.9,13,0.24707231931275103,0.9950779516550152,0.3503359774716681,0.9907528183436286,0.9048897350003244,4398,5,3,2026
elastic_net|degree=14|alpha=0.01|l1=0.9,elastic_net,14,0.01,0.9,14,0.24266590515993208,0.9946553483925307,0.33668185563670083,0.9941148320853235,0.8988853659975575,4338,5,3,2026
elastic_net|degree=14|alpha=0.01|l1=0.9,elastic_net,14,0.01,0.9,15,0.25624425050514643,0.9949297110928079,0.29958861358894145,0.9918055479332771,0.7541598679999879,3682,5,3,2026
ridge|degree=15|alpha=1e-08|l1=none,ridge,15,1e-08,,1,0.030332234139387612,0.9993705188108266,31.574406567992572,0.3133399716245193,0.239335217000189,,5,3,2026
ridge|degree=15|alpha=1e-08|l1=none,ridge,15,1e-08,,2,0.030439948246392116,0.9993762245884673,47.936039861092276,-0.09797403447371944,0.1738166770010139,,5,3,2026
ridge|degree=15|alpha=1e-08|l1=none,ridge,15,1e-08,,3,0.034314403329192014,0.9992807331280876,28.22927954744466,0.40958425038910273,0.16348681499948725,,5,3,2026
ridge|degree=15|alpha=1e-08|l1=none,ridge,15,1e-08,,4,0.0303563103182246,0.9993603011104836,17.81407370748129,0.6379921229717473,0.19762624600116396,,5,3,2026
ridge|degree=15|alpha=1e-08|l1=none,ridge,15,1e-08,,5,0.02736551793055643,0.999415451850177,39.47559752432334,0.23033299123251672,0.23517485299817054,,5,3,2026
ridge|degree=15|alpha=1e-08|l1=none,ridge,15,1e-08,,6,0.02811039641554365,0.999442407509867,21.743178611097424,0.4177724657176083,0.18251885700010462,,5,3,2026
ridge|degree=15|alpha=1e-08|l1=none,ridge,15,1e-08,,7,0.031851600432271816,0.9993152332404615,54.027320442059256,-0.022945822767897583,0.05210825600079261,,5,3,2026
ridge|degree=15|alpha=1e-08|l1=none,ridge,15,1e-08,,8,0.03060957902348124,0.9993572545586074,33.66061747538606,0.3040004094432306,0.1886668910010485,,5,3,2026
ridge|degree=15|alpha=1e-08|l1=none,ridge,15,1e-08,,9,0.03451449761510607,0.9992940599248327,141.1005148622811,-2.280338237071943,0.17195374999937485,,5,3,2026
ridge|degree=15|alpha=1e-08|l1=none,ridge,15,1e-08,,10,0.02840594823764914,0.9993762549797928,35.46217258727123,0.375318816828345,0.10740791400166927,,5,3,2026
ridge|degree=15|alpha=1e-08|l1=none,ridge,15,1e-08,,11,0.028297916453215808,0.9993672794855608,70.44494588731999,-0.17166959447439512,0.1773225349970744,,5,3,2026
ridge|degree=15|alpha=1e-08|l1=none,ridge,15,1e-08,,12,0.028428764476434987,0.999409168106897,86.80390533646936,-0.8684745275638424,0.13423244099976728,,5,3,2026
ridge|degree=15|alpha=1e-08|l1=none,ridge,15,1e-08,,13,0.03099081234914699,0.9993826168910498,71.25759421145746,-0.8808571212833423,0.14574586700109649,,5,3,2026
ridge|degree=15|alpha=1e-08|l1=none,ridge,15,1e-08,,14,0.03393731459881958,0.9992525397298635,86.70732100914445,-0.5156360077841624,0.16222762200050056,,5,3,2026
ridge|degree=15|alpha=1e-08|l1=none,ridge,15,1e-08,,15,0.031295571662441755,0.9993807564870958,196.82004940758293,-4.3834905182791895,0.17234703099893522,,5,3,2026
lasso|degree=15|alpha=0.01|l1=none,lasso,15,0.01,,1,0.2473831414110046,0.9948660875647592,0.3313041454447043,0.9927950090392962,0.9381803500000387,4869,5,3,2026
lasso|degree=15|alpha=0.01|l1=none,lasso,15,0.01,,2,0.25128526571491006,0.9948506624004528,0.33929643337377036,0.9922284219782553,1.273167700997874,6156,5,3,2026
lasso|degree=15|alpha=0.01|l1=none,lasso,15,0.01,,3,0.25191031810500464,0.9947196882671224,0.3710911274111931,0.9922386242342389,0.9400265740005125,4728,5,3,2026
lasso|degree=15|alpha=0.01|l1=none,lasso,15,0.01,,4,0.26777296018163277,0.9943572172152993,0.27294737882606496,0.9944533124330931,1.12640262000059,4611,5,3,2026
lasso|degree=15|alpha=0.01|l1=none,lasso,15,0.01,,5,0.24842012571773459,0.9946935583227189,0.35407533046408607,0.9930964920718747,1.3480638879991602,5306,5,3,2026
lasso|degree=15|alpha=0.01|l1=none,lasso,15,0.01,,6,0.2517538711082764,0.99500625797599,0.3374529168167193,0.9909638612086679,0.9471895429996948,4732,5,3,2026
lasso|degree=15|alpha=0.01|l1=none,lasso,15,0.01,,7,0.24697836653334487,0.9946902958271508,0.3538125752501955,0.9933009615703025,0.8090526790001604,3548,5,3,2026
lasso|degree=15|alpha=0.01|l1=none,lasso,15,0.01,,8,0.2530117879426832,0.9946872130062941,0.316392433853901,0.9934579630163172,0.9582166830005008,5243,5,3,2026
lasso|degree=15|alpha=0.01|l1=none,lasso,15,0.01,,9,0.2572632950794878,0.9947380816058372,0.33394925801465575,0.9922362684404342,1.0346649559978687,5300,5,3,2026
lasso|degree=15|alpha=0.01|l1=none,lasso,15,0.01,,10,0.2523692231694355,0.9944584125518867,0.35015484991357937,0.9938318740793727,0.6787916870016488,3876,5,3,2026
lasso|degree=15|alpha=0.01|l1=none,lasso,15,0.01,,11,0.24255542318997722,0.994576639859881,0.40494200323863117,0.9932648364372488,0.7153140619993792,3634,5,3,2026
lasso|degree=15|alpha=0.01|l1=none,lasso,15,0.01,,12,0.2498757124743993,0.9948068604823082,0.36305492618809315,0.9921851571186853,0.7494019939986174,3788,5,3,2026
lasso|degree=15|alpha=0.01|l1=none,lasso,15,0.01,,13,0.25272548113004034,0.9949653322574068,0.37370960927611085,0.9901358670935039,0.6960702219985251,3615,5,3,2026
lasso|degree=15|alpha=0.01|l1=none,lasso,15,0.01,,14,0.24654688390102047,0.9945698708745685,0.35128316246796004,0.9938596025829401,0.9362062040017918,4912,5,3,2026
lasso|degree=15|alpha=0.01|l1=none,lasso,15,0.01,,15,0.26097265758055577,0.9948361503986817,0.31108005713581016,0.9914912299684046,0.8698266350002086,4674,5,3,2026
elastic_net|degree=15|alpha=0.01|l1=0.1,elastic_net,15,0.01,0.1,1,0.18478961075013886,0.9961650835415771,0.27559829241232725,0.9940064643533183,7.845539638001355,18847,5,3,2026
elastic_net|degree=15|alpha=0.01|l1=0.1,elastic_net,15,0.01,0.1,2,0.18795920172790218,0.9961483400871723,0.266607080359235,0.9938933701555334,7.077395258998877,18080,5,3,2026
elastic_net|degree=15|alpha=0.01|l1=0.1,elastic_net,15,0.01,0.1,3,0.18836463787351768,0.9960516742033243,0.2656532250235134,0.9944438593367145,10.235838234002586,20881,5,3,2026
elastic_net|degree=15|alpha=0.01|l1=0.1,elastic_net,15,0.01,0.1,4,0.1964253202327476,0.9958607268831893,0.2087046502881593,0.9957588180773603,7.604701768999803,17014,5,3,2026
elastic_net|degree=15|alpha=0.01|l1=0.1,elastic_net,15,0.01,0.1,5,0.18259117573544237,0.9960997144574059,0.27157488003282987,0.9947050269361353,8.619947305000096,17263,5,3,2026
elastic_net|degree=15|alpha=0.01|l1=0.1,elastic_net,15,0.01,0.1,6,0.18763469836122973,0.9962781137217711,0.25701722965478707,0.9931177262273133,6.439597501001117,13870,5,3,2026
elastic_net|degree=15|alpha=0.01|l1=0.1,elastic_net,15,0.01,0.1,7,0.18002455572865977,0.9961297131073271,0.29441157968673076,0.9944256518155843,8.857599365001079,21092,5,3,2026
elastic_net|degree=15|alpha=0.01|l1=0.1,elastic_net,15,0.01,0.1,8,0.18674535133435305,0.9960786875513921,0.27002456293403454,0.9944167101099739,9.060887280997122,21133,5,3,2026
elastic_net|degree=15|alpha=0.01|l1=0.1,elastic_net,15,0.01,0.1,9,0.19458398591433906,0.9960200888573093,0.23469921431121757,0.994543656997515,9.905987923000794,16383,5,3,2026
elastic_net|degree=15|alpha=0.01|l1=0.1,elastic_net,15,0.01,0.1,10,0.18834792048442597,0.9958642085634428,0.25232900558211036,0.9955551177422182,9.412274330999935,17904,5,3,2026
elastic_net|degree=15|alpha=0.01|l1=0.1,elastic_net,15,0.01,0.1,11,0.1781587570822993,0.9960165017583774,0.30338821024069945,0.9949539212957929,6.482818292999582,13781,5,3,2026
elastic_net|degree=15|alpha=0.01|l1=0.1,elastic_net,15,0.01,0.1,12,0.18623558682553604,0.9961294862315068,0.27940572167821703,0.9939857259671933,8.71555054700002,19252,5,3,2026
elastic_net|degree=15|alpha=0.01|l1=0.1,elastic_net,15,0.01,0.1,13,0.18896555038437526,0.9962355249786148,0.2702427039181554,0.9928668948234348,5.518884029999754,13500,5,3,2026
elastic_net|degree=15|alpha=0.01|l1=0.1,elastic_net,15,0.01,0.1,14,0.1869138154763077,0.9958832732448125,0.2847230252554642,0.9950230676683355,8.687896499999624,21248,5,3,2026
elastic_net|degree=15|alpha=0.01|l1=0.1,elastic_net,15,0.01,0.1,15,0.19556546089945903,0.9961303584955615,0.22701186368099777,0.9937906924658233,7.84815836299822,18176,5,3,2026
elastic_net|degree=15|alpha=0.01|l1=0.5,elastic_net,15,0.01,0.5,1,0.2148827077077211,0.9955405651374358,0.2995872722482593,0.9934847673409178,2.3936647410009755,6660,5,3,2026
elastic_net|degree=15|alpha=0.01|l1=0.5,elastic_net,15,0.01,0.5,2,0.21861921282984242,0.9955200551476612,0.3056892132972022,0.9929981946820883,1.9723680930001137,6035,5,3,2026
elastic_net|degree=15|alpha=0.01|l1=0.5,elastic_net,15,0.01,0.5,3,0.220888283280445,0.995369943547232,0.3056474769914454,0.9936073790356114,3.1679505259999132,8944,5,3,2026
elastic_net|degree=15|alpha=0.01|l1=0.5,elastic_net,15,0.01,0.5,4,0.2293445815211414,0.9951670188973,0.23249710592528544,0.99527532078775,2.4024017509982514,6218,5,3,2026
elastic_net|degree=15|alpha=0.01|l1=0.5,elastic_net,15,0.01,0.5,5,0.21400170464876062,0.9954287618151852,0.30626381534568964,0.9940286868487401,1.8552528410000377,5775,5,3,2026
elastic_net|degree=15|alpha=0.01|l1=0.5,elastic_net,15,0.01,0.5,6,0.2203747546829186,0.995628688176089,0.29566396183161175,0.9920828641224737,1.6581074170026113,5627,5,3,2026
elastic_net|degree=15|alpha=0.01|l1=0.5,elastic_net,15,0.01,0.5,7,0.21089300675913583,0.9954660827434758,0.3099805723733267,0.9941308706585114,3.4446406759998354,10384,5,3,2026
elastic_net|degree=15|alpha=0.01|l1=0.5,elastic_net,15,0.01,0.5,8,0.2165029440387812,0.9954538322718433,0.2958258060258398,0.9938832185707625,4.021731030999945,9198,5,3,2026
elastic_net|degree=15|alpha=0.01|l1=0.5,elastic_net,15,0.01,0.5,9,0.22548174777748195,0.9953881234561203,0.2809955405275554,0.9934673490246374,2.5608051300005172,7210,5,3,2026
elastic_net|degree=15|alpha=0.01|l1=0.5,elastic_net,15,0.01,0.5,10,0.22157803613273047,0.9951345332509648,0.2932921865247324,0.994833533967994,2.1735052069998346,6083,5,3,2026
elastic_net|degree=15|alpha=0.01|l1=0.5,elastic_net,15,0.01,0.5,11,0.20994103376391027,0.9953058735223628,0.34746053404335264,0.9942208921038903,1.8885629559990775,5223,5,3,2026
elastic_net|degree=15|alpha=0.01|l1=0.5,elastic_net,15,0.01,0.5,12,0.21702621927433274,0.9954895678954622,0.3219603775748102,0.9930697269661827,2.654492649999156,8137,5,3,2026
elastic_net|degree=15|alpha=0.01|l1=0.5,elastic_net,15,0.01,0.5,13,0.22034970345006843,0.9956103059371397,0.31138508790977076,0.9917809341370893,1.703684083000553,5512,5,3,2026
elastic_net|degree=15|alpha=0.01|l1=0.5,elastic_net,15,0.01,0.5,14,0.21673804872789704,0.9952264024904122,0.3142564918123278,0.9945068253853621,2.1376097450011002,6727,5,3,2026
elastic_net|degree=15|alpha=0.01|l1=0.5,elastic_net,15,0.01,0.5,15,0.22807409382653632,0.9954871122155252,0.2687356647126959,0.9926494485330186,2.2723146799980896,6461,5,3,2026
elastic_net|degree=15|alpha=0.01|l1=0.9,elastic_net,15,0.01,0.9,1,0.24216099019969142,0.994974462237704,0.32242962589477886,0.9929880064225676,1.0229319889986073,3889,5,3,2026
elastic_net|degree=15|alpha=0.01|l1=0.9,elastic_net,15,0.01,0.9,2,0.2457819441436687,0.9949634364646566,0.33791601325468684,0.9922600404734796,0.8419065099988075,3345,5,3,2026
elastic_net|degree=15|alpha=0.01|l1=0.9,elastic_net,15,0.01,0.9,3,0.24751266009390677,0.9948118679180706,0.3574026276211819,0.9925249193857317,1.191040770001564,4752,5,3,2026
elastic_net|degree=15|alpha=0.01|l1=0.9,elastic_net,15,0.01,0.9,4,0.2608745981424941,0.9945025864808543,0.26300116106686516,0.9946554340384368,1.3716243070011842,3375,5,3,2026
elastic_net|degree=15|alpha=0.01|l1=0.9,elastic_net,15,0.01,0.9,5,0.24211663735144665,0.9948282055993133,0.34476209769052174,0.9932780748333861,1.2621621760008566,4333,5,3,2026
elastic_net|degree=15|alpha=0.01|l1=0.9,elastic_net,15,0.01,0.9,6,0.24600761388291517,0.9951202396441198,0.33093554593194746,0.9911383799783526,0.5759218560015142,2755,5,3,2026
elastic_net|degree=15|alpha=0.01|l1=0.9,elastic_net,15,0.01,0.9,7,0.24289607333539606,0.9947780596646569,0.34451595722615197,0.9934769824518814,1.685159801003465,5835,5,3,2026
elastic_net|degree=15|alpha=0.01|l1=0.9,elastic_net,15,0.01,0.9,8,0.24577698204682505,0.994839130760712,0.3108485182266455,0.9935725943955387,1.202779154999007,4278,5,3,2026
elastic_net|degree=15|alpha=0.01|l1=0.9,elastic_net,15,0.01,0.9,9,0.251276307094544,0.9948605360826559,0.32750245499516895,0.9923861452461449,1.1985057570018398,4343,5,3,2026
elastic_net|degree=15|alpha=0.01|l1=0.9,elastic_net,15,0.01,0.9,10,0.2457440120296288,0.9946038906194276,0.33578014253245647,0.9940850906354787,0.9159780580012011,2657,5,3,2026
elastic_net|degree=15|alpha=0.01|l1=0.9,elastic_net,15,0.01,0.9,11,0.23779866859082965,0.9946829973799481,0.3966823717710024,0.9934022140578899,0.9003832230009721,3479,5,3,2026
elastic_net|degree=15|alpha=0.01|l1=0.9,elastic_net,15,0.01,0.9,12,0.2443495154609946,0.9949217108285411,0.35450771959898886,0.9923691377556355,1.1704933150031138,4306,5,3,2026
elastic_net|degree=15|alpha=0.01|l1=0.9,elastic_net,15,0.01,0.9,13,0.24594904672124807,0.9951003289169252,0.35810889099275683,0.9905476508816753,1.251166325997474,4365,5,3,2026
elastic_net|degree=15|alpha=0.01|l1=0.9,elastic_net,15,0.01,0.9,14,0.24240500958653527,0.9946610945477016,0.3453675559446767,0.9939630068416604,1.2635129259979294,4428,5,3,2026
elastic_net|degree=15|alpha=0.01|l1=0.9,elastic_net,15,0.01,0.9,15,0.2559170662412496,0.9949361850673091,0.30636813078871195,0.9916201122184028,0.9703893949990743,3243,5,3,2026
ridge|degree=16|alpha=1e-08|l1=none,ridge,16,1e-08,,1,0.026005155845520767,0.9994603181436932,119.97559638926589,-1.609152645311497,0.24012745000072755,,5,3,2026
ridge|degree=16|alpha=1e-08|l1=none,ridge,16,1e-08,,2,0.02713652090894665,0.9994439184206054,198.9324255588647,-3.5565432295084998,0.20778936699935002,,5,3,2026
ridge|degree=16|alpha=1e-08|l1=none,ridge,16,1e-08,,3,0.02960947683204868,0.9993793534576243,117.68867126864791,-1.4614600932696877,0.15187361800053623,,5,3,2026
ridge|degree=16|alpha=1e-08|l1=none,ridge,16,1e-08,,4,0.026133806264891698,0.9994492819887781,61.02772976209372,-0.24017219496242337,0.1525403159976122,,5,3,2026
ridge|degree=16|alpha=1e-08|l1=none,ridge,16,1e-08,,5,0.023069463641601128,0.9995072188173698,78.92938185912277,-0.5389087195436646,0.17151523000211455,,5,3,2026
ridge|degree=16|alpha=1e-08|l1=none,ridge,16,1e-08,,6,0.022667505660199067,0.9995503716582529,71.88266884860228,-0.9248367402914435,0.18434936400080915,,5,3,2026
ridge|degree=16|alpha=1e-08|l1=none,ridge,16,1e-08,,7,0.0263231631886036,0.9994340872385427,377.36461049572705,-6.144969411929721,0.1962509940021846,,5,3,2026
ridge|degree=16|alpha=1e-08|l1=none,ridge,16,1e-08,,8,0.026836585246379926,0.9994364805600096,51.49909917733963,-0.06484534835645506,0.18151456199848326,,5,3,2026
ridge|degree=16|alpha=1e-08|l1=none,ridge,16,1e-08,,9,0.028902008142820443,0.9994088546202132,273.69121224962583,-5.362838219047632,0.17546919099913794,,5,3,2026
ridge|degree=16|alpha=1e-08|l1=none,ridge,16,1e-08,,10,0.024465380184329165,0.9994627829731371,69.39269886258373,-0.22238176812981192,0.26681186899804743,,5,3,2026
ridge|degree=16|alpha=1e-08|l1=none,ridge,16,1e-08,,11,0.0238553702310569,0.9994666115383553,197.42962895369658,-2.2837315776126634,0.2899296260002302,,5,3,2026
ridge|degree=16|alpha=1e-08|l1=none,ridge,16,1e-08,,12,0.023927700685886934,0.9995027132218298,137.29052756046022,-1.955210973840217,0.1796952490003605,,5,3,2026
ridge|degree=16|alpha=1e-08|l1=none,ridge,16,1e-08,,13,0.027532195247565703,0.9994515176915446,199.88273676179367,-4.275941084179551,0.21737377000317792,,5,3,2026
ridge|degree=16|alpha=1e-08|l1=none,ridge,16,1e-08,,14,0.029439526688526278,0.9993516023046778,225.02113018018994,-2.9333486889465203,0.17702246100088814,,5,3,2026
ridge|degree=16|alpha=1e-08|l1=none,ridge,16,1e-08,,15,0.027047317322368293,0.9994648164291743,414.59379219858005,-10.340113753433887,0.18253158099832945,,5,3,2026
lasso|degree=16|alpha=0.01|l1=none,lasso,16,0.01,,1,0.24584296331637132,0.9948980506946129,0.32942288151095356,0.9928359215658182,1.3402087559989013,5079,5,3,2026
lasso|degree=16|alpha=0.01|l1=none,lasso,16,0.01,,2,0.24879704978199121,0.9949016509207018,0.3407651218882677,0.9921947816971991,1.5195662639998773,6151,5,3,2026
lasso|degree=16|alpha=0.01|l1=none,lasso,16,0.01,,3,0.2502465427492716,0.9947545627915081,0.36877091534166667,0.9922871514999094,1.1855718080005317,4546,5,3,2026
lasso|degree=16|alpha=0.01|l1=none,lasso,16,0.01,,4,0.2658590357451981,0.9943975493677834,0.2709668217451356,0.994493560232444,0.9634911060020386,3836,5,3,2026
lasso|degree=16|alpha=0.01|l1=none,lasso,16,0.01,,5,0.24693257972398272,0.9947253334296484,0.35616539512842876,0.9930557414836829,1.3680648560002737,5410,5,3,2026
lasso|degree=16|alpha=0.01|l1=none,lasso,16,0.01,,6,0.2492801244781045,0.9950553267448214,0.3375247833691024,0.990961936803486,1.2166723669979547,4672,5,3,2026
lasso|degree=16|alpha=0.01|l1=none,lasso,16,0.01,,7,0.24491999540981266,0.994734548050118,0.35314676137454515,0.993313567998259,1.058441214998311,3495,5,3,2026
lasso|degree=16|alpha=0.01|l1=none,lasso,16,0.01,,8,0.25162610828491255,0.9947163097567779,0.3177601714669608,0.9934296823462025,1.4821943360002479,5328,5,3,2026
lasso|degree=16|alpha=0.01|l1=none,lasso,16,0.01,,9,0.2557730772589313,0.9947685616809637,0.3293520191636623,0.9923431461396586,1.2172265019980841,4696,5,3,2026
lasso|degree=16|alpha=0.01|l1=none,lasso,16,0.01,,10,0.2516629503115876,0.9944739210705359,0.3560772921999164,0.9937275477512102,0.9259139070018136,3954,5,3,2026
lasso|degree=16|alpha=0.01|l1=none,lasso,16,0.01,,11,0.24152536496833213,0.9945996712010392,0.40778996629660774,0.9932174679329624,0.9365976600020076,3541,5,3,2026
lasso|degree=16|alpha=0.01|l1=none,lasso,16,0.01,,12,0.24875350143247846,0.994830183271271,0.37089429016791997,0.9920164129607832,0.842731630000344,3601,5,3,2026
lasso|degree=16|alpha=0.01|l1=none,lasso,16,0.01,,13,0.2511745429200746,0.9949962292549772,0.37144198528340455,0.9901957214400092,1.0099132530012866,3881,5,3,2026
lasso|degree=16|alpha=0.01|l1=none,lasso,16,0.01,,14,0.2442967795009829,0.9946194288217004,0.35164696584027927,0.9938532433334047,1.2316709149999951,4887,5,3,2026
lasso|degree=16|alpha=0.01|l1=none,lasso,16,0.01,,15,0.25910627539474046,0.9948730803858898,0.3130674898500247,0.9914368690168404,1.1382428290016833,4640,5,3,2026
elastic_net|degree=16|alpha=0.01|l1=0.1,elastic_net,16,0.01,0.1,1,0.1825369878171135,0.9962118319530565,0.278222310036125,0.9939493988939205,7.7673108960007085,14764,5,3,2026
elastic_net|degree=16|alpha=0.01|l1=0.1,elastic_net,16,0.01,0.1,2,0.18632413158013406,0.9961818459442143,0.26118652429033423,0.9940175278839003,7.335772689002624,13988,5,3,2026
elastic_net|degree=16|alpha=0.01|l1=0.1,elastic_net,16,0.01,0.1,3,0.18634184491561767,0.9960940741235385,0.26727448411703675,0.9944099506816457,9.623875053002848,16633,5,3,2026
elastic_net|degree=16|alpha=0.01|l1=0.1,elastic_net,16,0.01,0.1,4,0.19456503919224885,0.9958999286077507,0.20862607367216107,0.9957604148684374,12.559024832000432,20496,5,3,2026
elastic_net|degree=16|alpha=0.01|l1=0.1,elastic_net,16,0.01,0.1,5,0.18052949961843157,0.9961437534177789,0.2713041279108231,0.9947103058676507,8.30238568599816,15937,5,3,2026
elastic_net|degree=16|alpha=0.01|l1=0.1,elastic_net,16,0.01,0.1,6,0.18580719857599667,0.9963143636607937,0.25682270583665495,0.9931229350849976,7.018823762999091,14202,5,3,2026
elastic_net|degree=16|alpha=0.01|l1=0.1,elastic_net,16,0.01,0.1,7,0.17777499480746342,0.9961780756549381,0.30328210218968027,0.9942576985677475,10.026033234000352,18696,5,3,2026
elastic_net|degree=16|alpha=0.01|l1=0.1,elastic_net,16,0.01,0.1,8,0.18467193688766784,0.9961222254805712,0.2681833199288297,0.9944547814370575,11.222585020001134,18225,5,3,2026
elastic_net|degree=16|alpha=0.01|l1=0.1,elastic_net,16,0.01,0.1,9,0.192606989921523,0.9960605252187288,0.23378938975892397,0.9945648088145076,9.903649449999648,17043,5,3,2026
elastic_net|degree=16|alpha=0.01|l1=0.1,elastic_net,16,0.01,0.1,10,0.18637852240067632,0.9959074531063558,0.2549123781732077,0.9955096105403453,8.911961243000405,16040,5,3,2026
elastic_net|degree=16|alpha=0.01|l1=0.1,elastic_net,16,0.01,0.1,11,0.17661008313962234,0.9960511289640704,0.30120617793156784,0.9949902137633158,10.236918597001932,18218,5,3,2026
elastic_net|degree=16|alpha=0.01|l1=0.1,elastic_net,16,0.01,0.1,12,0.18405388764190092,0.9961748282462791,0.2811084118659434,0.9939490751594702,10.258909690001019,19199,5,3,2026
elastic_net|degree=16|alpha=0.01|l1=0.1,elastic_net,16,0.01,0.1,13,0.18725345359420612,0.9962696324949726,0.2637201716372073,0.9930390582458065,6.882519299000705,13678,5,3,2026
elastic_net|degree=16|alpha=0.01|l1=0.1,elastic_net,16,0.01,0.1,14,0.18484661730326238,0.995928802731253,0.2910252973509016,0.9949129045309265,11.410205123000196,19168,5,3,2026
elastic_net|degree=16|alpha=0.01|l1=0.1,elastic_net,16,0.01,0.1,15,0.19401395077022074,0.9961610581291422,0.22640732753543538,0.9938072279489581,11.358442183001898,16622,5,3,2026
elastic_net|degree=16|alpha=0.01|l1=0.5,elastic_net,16,0.01,0.5,1,0.21310946134661918,0.9955773651048552,0.2975903785697368,0.9935281945092799,3.5501544130020193,7578,5,3,2026
elastic_net|degree=16|alpha=0.01|l1=0.5,elastic_net,16,0.01,0.5,2,0.21721594056988383,0.9955488110024465,0.3053883954305151,0.9930050849093095,3.045811268999387,5950,5,3,2026
elastic_net|degree=16|alpha=0.01|l1=0.5,elastic_net,16,0.01,0.5,3,0.21900808822998083,0.9954093544616389,0.3034054653928016,0.9936542707374142,5.28992987699894,8860,5,3,2026
elastic_net|degree=16|alpha=0.01|l1=0.5,elastic_net,16,0.01,0.5,4,0.2274929381019595,0.9952060386011643,0.2307265040548897,0.9953113019919759,6.4280038779979805,6281,5,3,2026
elastic_net|degree=16|alpha=0.01|l1=0.5,elastic_net,16,0.01,0.5,5,0.21255832595121327,0.9954595934752798,0.3045047278295776,0.9940629842808651,3.0815404019995185,5611,5,3,2026
elastic_net|degree=16|alpha=0.01|l1=0.5,elastic_net,16,0.01,0.5,6,0.2186083153703511,0.9956637269311603,0.29519374124514963,0.9920954554449073,2.408976716000325,5721,5,3,2026
elastic_net|degree=16|alpha=0.01|l1=0.5,elastic_net,16,0.01,0.5,7,0.20884652774393175,0.9955100793020376,0.31017857057780257,0.9941271217878562,5.82763394200083,11393,5,3,2026
elastic_net|degree=16|alpha=0.01|l1=0.5,elastic_net,16,0.01,0.5,8,0.2148131403652683,0.9954893150730658,0.2937268922503493,0.9939266177487313,3.3707550020008057,7312,5,3,2026
elastic_net|degree=16|alpha=0.01|l1=0.5,elastic_net,16,0.01,0.5,9,0.22374899829421743,0.995423564137138,0.2767427967593148,0.9935662178204675,3.074583225999959,7341,5,3,2026
elastic_net|degree=16|alpha=0.01|l1=0.5,elastic_net,16,0.01,0.5,10,0.2201411618945683,0.9951660845001334,0.29399363820037844,0.9948211775997652,3.1934293099984643,6319,5,3,2026
elastic_net|degree=16|alpha=0.01|l1=0.5,elastic_net,16,0.01,0.5,11,0.20857381447492662,0.9953364435359998,0.34479355915391,0.9942652503377966,3.298623578000843,5458,5,3,2026
elastic_net|degree=16|alpha=0.01|l1=0.5,elastic_net,16,0.01,0.5,12,0.2149279737919022,0.9955331755011183,0.32523123174082047,0.992999321059111,4.292207860002236,7926,5,3,2026
elastic_net|degree=16|alpha=0.01|l1=0.5,elastic_net,16,0.01,0.5,13,0.2187368629641469,0.9956424361201831,0.3050033006319377,0.9919493825695808,3.101119914001174,5664,5,3,2026
elastic_net|degree=16|alpha=0.01|l1=0.5,elastic_net,16,0.01,0.5,14,0.21509224733309232,0.9952626508256059,0.31589499309665564,0.9944781845333969,3.873685655002191,6457,5,3,2026
elastic_net|degree=16|alpha=0.01|l1=0.5,elastic_net,16,0.01,0.5,15,0.22656712061791398,0.9955169305998521,0.2700104973242783,0.9926145788675679,3.6730410130003293,8528,5,3,2026
elastic_net|degree=16|alpha=0.01|l1=0.9,elastic_net,16,0.01,0.9,1,0.2394298027326124,0.9950311422411199,0.3191727873000553,0.9930588340682764,1.4844102640017809,3816,5,3,2026
elastic_net|degree=16|alpha=0.01|l1=0.9,elastic_net,16,0.01,0.9,2,0.24384550091811388,0.99500311805873,0.3398081454410778,0.992216701223586,1.0137031020021823,3466,5,3,2026
elastic_net|degree=16|alpha=0.01|l1=0.9,elastic_net,16,0.01,0.9,3,0.24617495621389363,0.9948399076329417,0.35530959299334325,0.9925686952322488,1.7760921189983492,4933,5,3,2026
elastic_net|degree=16|alpha=0.01|l1=0.9,elastic_net,16,0.01,0.9,4,0.25880228808133343,0.9945462562954979,0.2598129129206033,0.9947202238760574,1.7229354659975797,3348,5,3,2026
elastic_net|degree=16|alpha=0.01|l1=0.9,elastic_net,16,0.01,0.9,5,0.240918639875824,0.9948537957310127,0.3453334293322348,0.9932669354170564,1.937439773002552,4172,5,3,2026
elastic_net|degree=16|alpha=0.01|l1=0.9,elastic_net,16,0.01,0.9,6,0.24378513210052816,0.9951643243711011,0.33058130125018176,0.991147865758297,0.925641451998672,2797,5,3,2026
elastic_net|degree=16|alpha=0.01|l1=0.9,elastic_net,16,0.01,0.9,7,0.24001733727576585,0.9948399486352696,0.34282891037880553,0.9935089247638671,2.0703262750030262,4911,5,3,2026
elastic_net|degree=16|alpha=0.01|l1=0.9,elastic_net,16,0.01,0.9,8,0.24420885345325322,0.994872058606739,0.31174023990798483,0.9935541562927452,1.8798522129982302,4410,5,3,2026
elastic_net|degree=16|alpha=0.01|l1=0.9,elastic_net,16,0.01,0.9,9,0.2496414230353135,0.9948939750794663,0.3213508063784114,0.9925291602322934,1.8002928950008936,3644,5,3,2026
elastic_net|degree=16|alpha=0.01|l1=0.9,elastic_net,16,0.01,0.9,10,0.24460729880719514,0.9946288508568385,0.33904579907147164,0.9940275647130157,0.7997323550007422,2238,5,3,2026
elastic_net|degree=16|alpha=0.01|l1=0.9,elastic_net,16,0.01,0.9,11,0.23662518180201655,0.9947092356779491,0.39569224569422523,0.9934186822459797,1.3956908969994402,3557,5,3,2026
elastic_net|degree=16|alpha=0.01|l1=0.9,elastic_net,16,0.01,0.9,12,0.24286053569454352,0.9949526561316665,0.35897897520787153,0.9922728929244952,2.4773261730006197,4329,5,3,2026
elastic_net|degree=16|alpha=0.01|l1=0.9,elastic_net,16,0.01,0.9,13,0.2447841605543732,0.9951235351831946,0.3573315067650889,0.9905681700793378,2.3411947450003936,4573,5,3,2026
elastic_net|degree=16|alpha=0.01|l1=0.9,elastic_net,16,0.01,0.9,14,0.2398111179809839,0.9947182243160144,0.3449559089251686,0.9939702023937544,1.5450147160008783,3944,5,3,2026
elastic_net|degree=16|alpha=0.01|l1=0.9,elastic_net,16,0.01,0.9,15,0.25399013107966184,0.9949743132124496,0.30548494447466834,0.9916442694379638,1.7684596500002954,3654,5,3,2026
ridge|degree=17|alpha=1e-08|l1=none,ridge,17,1e-08,,1,0.022746291137157763,0.999527948969123,283.15720292293315,-5.157922004807598,0.17794512700129417,,5,3,2026
ridge|degree=17|alpha=1e-08|l1=none,ridge,17,1e-08,,2,0.024348001984845054,0.9995010607496714,323.48057589723163,-6.409316122503587,0.17121333700197283,,5,3,2026
ridge|degree=17|alpha=1e-08|l1=none,ridge,17,1e-08,,3,0.026359983155641323,0.9994474663468244,139.33818041893193,-1.9142598592782392,0.17656692899981863,,5,3,2026
ridge|degree=17|alpha=1e-08|l1=none,ridge,17,1e-08,,4,0.023218972762567517,0.9995107063099494,55.30139746550796,-0.12380479737077921,0.19203700399884838,,5,3,2026
ridge|degree=17|alpha=1e-08|l1=none,ridge,17,1e-08,,5,0.02103184409407563,0.9995507439112333,97.9171804428499,-0.9091192560659289,0.31341820399757125,,5,3,2026
ridge|degree=17|alpha=1e-08|l1=none,ridge,17,1e-08,,6,0.019711007602996555,0.9996090161928023,67.23167119346313,-0.8002947427693903,0.19258139500016114,,5,3,2026
ridge|degree=17|alpha=1e-08|l1=none,ridge,17,1e-08,,7,0.023267328603575162,0.9994997835903139,134.5354240179856,-1.5472751357546461,0.16613983700153767,,5,3,2026
ridge|degree=17|alpha=1e-08|l1=none,ridge,17,1e-08,,8,0.024375030846600473,0.9994881687216789,125.77397700144951,-1.6006247972045378,0.1692287320001924,,5,3,2026
ridge|degree=17|alpha=1e-08|l1=none,ridge,17,1e-08,,9,0.025679797740594746,0.9994747598951189,560.5345918100725,-12.031441143292568,0.1839441000010993,,5,3,2026
ridge|degree=17|alpha=1e-08|l1=none,ridge,17,1e-08,,10,0.02114304887495229,0.999535735567163,150.180432381336,-1.6454918958596898,0.16451843100003316,,5,3,2026
ridge|degree=17|alpha=1e-08|l1=none,ridge,17,1e-08,,11,0.02127259778164754,0.9995243604229974,405.8450603964723,-5.750183584423244,0.18399680000220542,,5,3,2026
ridge|degree=17|alpha=1e-08|l1=none,ridge,17,1e-08,,12,0.020839627779529028,0.9995668923022403,220.12730189724033,-3.7382920713308847,0.1284601900006237,,5,3,2026
ridge|degree=17|alpha=1e-08|l1=none,ridge,17,1e-08,,13,0.024998906373259754,0.9995019845764868,360.05353229550207,-8.50367827815788,0.16770732700024382,,5,3,2026
ridge|degree=17|alpha=1e-08|l1=none,ridge,17,1e-08,,14,0.025389809710097317,0.9994407962371518,630.766574893184,-10.025741797673243,0.17684900300082518,,5,3,2026
ridge|degree=17|alpha=1e-08|l1=none,ridge,17,1e-08,,15,0.024066137038422832,0.9995238048564042,690.6310466398443,-17.89038084486727,0.1776652019980247,,5,3,2026
lasso|degree=17|alpha=0.01|l1=none,lasso,17,0.01,,1,0.2448422331926902,0.9949188187259225,0.33120078371157524,0.992797256884254,1.5542001530011476,4253,5,3,2026
lasso|degree=17|alpha=0.01|l1=none,lasso,17,0.01,,2,0.24881640922668516,0.9949012542069662,0.3486889821020807,0.9920132858374499,1.2164216409983055,3076,5,3,2026
lasso|degree=17|alpha=0.01|l1=none,lasso,17,0.01,,3,0.24931682678542416,0.9947740506399975,0.36967272364044385,0.9922682901675883,1.8504629999988538,4955,5,3,2026
lasso|degree=17|alpha=0.01|l1=none,lasso,17,0.01,,4,0.26550621760184095,0.9944049843087278,0.2690494268301739,0.994532524484753,1.687444087001495,3696,5,3,2026
lasso|degree=17|alpha=0.01|l1=none,lasso,17,0.01,,5,0.2462444067231801,0.9947400333251665,0.3552678105249491,0.9930732419472655,2.816423421998479,5911,5,3,2026
lasso|degree=17|alpha=0.01|l1=none,lasso,17,0.01,,6,0.2490237761924888,0.99506041162078,0.3456753879839398,0.990743684149967,2.5771785249999084,5546,5,3,2026
lasso|degree=17|alpha=0.01|l1=none,lasso,17,0.01,,7,0.2441856482113279,0.9947503355315839,0.3570837214277533,0.993239026140401,1.6380266689993732,3477,5,3,2026
lasso|degree=17|alpha=0.01|l1=none,lasso,17,0.01,,8,0.250470412819441,0.9947405772578599,0.31703138775136586,0.9934447513855043,2.0694596159992216,4171,5,3,2026
lasso|degree=17|alpha=0.01|l1=none,lasso,17,0.01,,9,0.2555964033429114,0.9947721752696344,0.3294652967300105,0.9923405126359279,2.3153842669998994,4522,5,3,2026
lasso|degree=17|alpha=0.01|l1=none,lasso,17,0.01,,10,0.2511566350103375,0.9944850388704124,0.3556211522631971,0.9937355828493041,2.2004935100012517,4310,5,3,2026
lasso|degree=17|alpha=0.01|l1=none,lasso,17,0.01,,11,0.24089825718364086,0.9946136928679982,0.4054312781384158,0.9932566986139288,1.7185449339995102,3653,5,3,2026
lasso|degree=17|alpha=0.01|l1=none,lasso,17,0.01,,12,0.24834077259745882,0.9948387609693675,0.3719164514508798,0.9919944106981792,1.7916290979992482,3452,5,3,2026
lasso|degree=17|alpha=0.01|l1=none,lasso,17,0.01,,13,0.2502070002659094,0.9950155041447459,0.3766775058671443,0.9900575289247759,2.097235250999802,4421,5,3,2026
lasso|degree=17|alpha=0.01|l1=none,lasso,17,0.01,,14,0.24439806590548593,0.9946171980157523,0.35594546599696936,0.9937781059454527,1.7263688549974177,3525,5,3,2026
lasso|degree=17|alpha=0.01|l1=none,lasso,17,0.01,,15,0.25918084967800786,0.9948716047892258,0.3179787092892309,0.9913025356327988,2.0263730939987,4116,5,3,2026
elastic_net|degree=17|alpha=0.01|l1=0.1,elastic_net,17,0.01,0.1,1,0.18149305308668562,0.9962334966043482,0.27887601204982493,0.9939351826000273,12.097116457000084,15172,5,3,2026
elastic_net|degree=17|alpha=0.01|l1=0.1,elastic_net,17,0.01,0.1,2,0.18480728107476574,0.9962129292443751,0.2657829402668681,0.9939122470678693,13.525565201998688,13749,5,3,2026
elastic_net|degree=17|alpha=0.01|l1=0.1,elastic_net,17,0.01,0.1,3,0.18543320260237425,0.9961131202456017,0.26645131448626747,0.9944271672852005,40.215533320999384,20777,5,3,2026
elastic_net|degree=17|alpha=0.01|l1=0.1,elastic_net,17,0.01,0.1,4,0.1932413939775992,0.9959278217991514,0.21070310226953082,0.9957182066276157,15.151366832997155,17429,5,3,2026
elastic_net|degree=17|alpha=0.01|l1=0.1,elastic_net,17,0.01,0.1,5,0.1791785538420379,0.9961726106408033,0.2776755053744538,0.9945860813000267,62.365135083000496,18838,5,3,2026
elastic_net|degree=17|alpha=0.01|l1=0.1,elastic_net,17,0.01,0.1,6,0.1840464846878033,0.9963492888474335,0.2629316602351509,0.9929593526796788,29.251005098998576,14662,5,3,2026
elastic_net|degree=17|alpha=0.01|l1=0.1,elastic_net,17,0.01,0.1,7,0.176548324255858,0.996204447429268,0.31187903247977966,0.9940949254770791,20.44501389600191,22146,5,3,2026
elastic_net|degree=17|alpha=0.01|l1=0.1,elastic_net,17,0.01,0.1,8,0.18339837251296728,0.9961489680141921,0.2700977268174409,0.9944151973025237,16.526511048999964,18707,5,3,2026
elastic_net|degree=17|alpha=0.01|l1=0.1,elastic_net,17,0.01,0.1,9,0.19149751530425835,0.9960832177870357,0.23467101720555797,0.9945443125305155,13.326223028998356,15559,5,3,2026
elastic_net|degree=17|alpha=0.01|l1=0.1,elastic_net,17,0.01,0.1,10,0.18561723882966544,0.995924169564205,0.2545148280554722,0.9955166135539736,18.098404194999603,16266,5,3,2026
elastic_net|degree=17|alpha=0.01|l1=0.1,elastic_net,17,0.01,0.1,11,0.17535957427615045,0.9960790894187814,0.3025582980098246,0.9949677247406639,37.61435413599975,16362,5,3,2026
elastic_net|degree=17|alpha=0.01|l1=0.1,elastic_net,17,0.01,0.1,12,0.1829387316139541,0.9961980044116606,0.28146535763641084,0.9939413918176061,29.163193574000616,19719,5,3,2026
elastic_net|degree=17|alpha=0.01|l1=0.1,elastic_net,17,0.01,0.1,13,0.18619173127344507,0.9962907835838776,0.26808338585891994,0.9929238904151857,11.888804890000756,15721,5,3,2026
elastic_net|degree=17|alpha=0.01|l1=0.1,elastic_net,17,0.01,0.1,14,0.1837778458156162,0.9959523421371934,0.287826618608491,0.9949688171415678,17.918119752001076,22014,5,3,2026
elastic_net|degree=17|alpha=0.01|l1=0.1,elastic_net,17,0.01,0.1,15,0.19269862853716505,0.9961870843276404,0.22768701227764204,0.9937722255663413,13.354755907002982,17764,5,3,2026
elastic_net|degree=17|alpha=0.01|l1=0.5,elastic_net,17,0.01,0.5,1,0.21137547545006313,0.9956133503045986,0.2967033079907496,0.9935474859536851,11.652276107000944,6433,5,3,2026
elastic_net|degree=17|alpha=0.01|l1=0.5,elastic_net,17,0.01,0.5,2,0.21613675364047716,0.9955709257007227,0.3075791562620187,0.992954905576271,4.126066732002073,4927,5,3,2026
elastic_net|degree=17|alpha=0.01|l1=0.5,elastic_net,17,0.01,0.5,3,0.21721120072741906,0.9954470191600674,0.2992639591990421,0.9937408903934276,4.853113313001813,7801,5,3,2026
elastic_net|degree=17|alpha=0.01|l1=0.5,elastic_net,17,0.01,0.5,4,0.22599738588350107,0.9952375543909073,0.22895593292609248,0.9953472825714879,6.486640625997097,5705,5,3,2026
elastic_net|degree=17|alpha=0.01|l1=0.5,elastic_net,17,0.01,0.5,5,0.21081841792936046,0.9954967592259013,0.30580184299347185,0.994037694055743,12.188328322998132,5742,5,3,2026
elastic_net|degree=17|alpha=0.01|l1=0.5,elastic_net,17,0.01,0.5,6,0.21696040822477694,0.9956964145046554,0.2989767888876596,0.9919941549616447,19.252121774999978,5844,5,3,2026
elastic_net|degree=17|alpha=0.01|l1=0.5,elastic_net,17,0.01,0.5,7,0.2072873794066407,0.9955435989035671,0.3112105603258734,0.9941075822365091,64.79971514700082,8086,5,3,2026
elastic_net|degree=17|alpha=0.01|l1=0.5,elastic_net,17,0.01,0.5,8,0.21345938840603262,0.9955177413999979,0.29462689991822316,0.9939080083168397,49.15555105900057,7772,5,3,2026
elastic_net|degree=17|alpha=0.01|l1=0.5,elastic_net,17,0.01,0.5,9,0.22273941944975179,0.9954442134936285,0.2747255040760356,0.9936131163192489,27.31792576799853,6456,5,3,2026
elastic_net|degree=17|alpha=0.01|l1=0.5,elastic_net,17,0.01,0.5,10,0.21856805449887085,0.9952006271915482,0.29099735042123975,0.9948739584774847,27.078387132001808,6263,5,3,2026
elastic_net|degree=17|alpha=0.01|l1=0.5,elastic_net,17,0.01,0.5,11,0.20704368598681314,0.9953706560790243,0.3409552789214891,0.9943290902085886,12.91171575000044,5056,5,3,2026
elastic_net|degree=17|alpha=0.01|l1=0.5,elastic_net,17,0.01,0.5,12,0.21366062982379808,0.9955595145717631,0.3255210027435688,0.9929930836699595,42.177275493002526,7322,5,3,2026
elastic_net|degree=17|alpha=0.01|l1=0.5,elastic_net,17,0.01,0.5,13,0.21691493517307656,0.995678731633552,0.3087556084857103,0.9918503397233253,27.897526569999172,5983,5,3,2026
elastic_net|degree=17|alpha=0.01|l1=0.5,elastic_net,17,0.01,0.5,14,0.2139813722853541,0.9952871175511876,0.31740699742919865,0.9944517548365309,41.77402496799914,6433,5,3,2026
elastic_net|degree=17|alpha=0.01|l1=0.5,elastic_net,17,0.01,0.5,15,0.22505288453621483,0.9955468926941928,0.2699609577151057,0.9926159338922061,10.772149510998133,7115,5,3,2026
elastic_net|degree=17|alpha=0.01|l1=0.9,elastic_net,17,0.01,0.9,1,0.23912864025823452,0.9950373922295525,0.3204157728670329,0.9930318024120249,2.520270717999665,3514,5,3,2026
elastic_net|degree=17|alpha=0.01|l1=0.9,elastic_net,17,0.01,0.9,2,0.2437035673858482,0.9950060265606362,0.3459219056940153,0.9920766656672452,1.2997550979998778,2776,5,3,2026
elastic_net|degree=17|alpha=0.01|l1=0.9,elastic_net,17,0.01,0.9,3,0.24573909401144733,0.994849043774402,0.3560756860405664,0.9925526723861826,2.01369878100013,4726,5,3,2026
elastic_net|degree=17|alpha=0.01|l1=0.9,elastic_net,17,0.01,0.9,4,0.25833530254245757,0.9945560970873302,0.2587940301633157,0.9947409290550053,1.3492065899990848,2664,5,3,2026
elastic_net|degree=17|alpha=0.01|l1=0.9,elastic_net,17,0.01,0.9,5,0.23936681607354984,0.9948869438605228,0.3450757164801563,0.9932719601181988,1.9130083029995149,3356,5,3,2026
elastic_net|degree=17|alpha=0.01|l1=0.9,elastic_net,17,0.01,0.9,6,0.2434144980189027,0.9951716761984267,0.33698831258679574,0.9909763021392257,1.2223077039998316,2486,5,3,2026
elastic_net|degree=17|alpha=0.01|l1=0.9,elastic_net,17,0.01,0.9,7,0.2392199649974701,0.99485709107156,0.3454268518671127,0.9934597356985662,2.8633359699997527,4988,5,3,2026
elastic_net|degree=17|alpha=0.01|l1=0.9,elastic_net,17,0.01,0.9,8,0.2434643579779061,0.9948876916565287,0.31349808109121474,0.9935178094626644,1.4341894530007266,2760,5,3,2026
elastic_net|degree=17|alpha=0.01|l1=0.9,elastic_net,17,0.01,0.9,9,0.2493432737671688,0.9949000732565023,0.3209327502681012,0.9925388792999044,1.6409822400019038,3136,5,3,2026
elastic_net|degree=17|alpha=0.01|l1=0.9,elastic_net,17,0.01,0.9,10,0.24406816243489438,0.9946406893501225,0.3384002050825526,0.9940389371244452,1.0806595009999,2283,5,3,2026
elastic_net|degree=17|alpha=0.01|l1=0.9,elastic_net,17,0.01,0.9,11,0.23598197497700543,0.9947236173075608,0.3938882462240359,0.9934486871143354,0.9410817579991999,2147,5,3,2026
elastic_net|degree=17|alpha=0.01|l1=0.9,elastic_net,17,0.01,0.9,12,0.24295527640135187,0.9949506871459511,0.3613550535036471,0.992221747278986,2.1724262759998965,4287,5,3,2026
elastic_net|degree=17|alpha=0.01|l1=0.9,elastic_net,17,0.01,0.9,13,0.24432691700078743,0.9951326441553467,0.36228978702664333,0.9904372953726843,2.5726520940006594,4612,5,3,2026
elastic_net|degree=17|alpha=0.01|l1=0.9,elastic_net,17,0.01,0.9,14,0.23995559455671547,0.9947150422581056,0.3524880360216271,0.9938385415038812,2.3149341200005438,4490,5,3,2026
elastic_net|degree=17|alpha=0.01|l1=0.9,elastic_net,17,0.01,0.9,15,0.2533941501706222,0.9949861058493031,0.30839705991992367,0.9915646162423932,1.2397338219998346,2586,5,3,2026