stage,model,degree,alpha,l1_ratio,fold,train_mse,train_r2,validation_mse,validation_r2,fit_seconds,iterations
degree_screen,ridge,1,1e-08,,1,35.58596927120239,0.2614886805969136,32.112311392918656,0.3016419610363655,0.003379963000043,
degree_screen,ridge,1,1e-08,,2,36.30934888226961,0.2559488321664311,29.18844512591302,0.3314392480525769,0.0029088649971527,
degree_screen,ridge,1,1e-08,,3,34.25800023468437,0.2819153977300558,37.48513970627845,0.2159978145473077,0.0026892130008491,
degree_screen,ridge,1,1e-08,,4,34.209092538903064,0.2791113847797921,37.83035395061666,0.2312322074238001,0.0028440800015232,
degree_screen,ridge,1,1e-08,,5,33.880901875821785,0.2762783238343006,39.12421324791664,0.2371840309104653,0.0026849140012927,
degree_screen,ridge,1,1e-08,,6,36.46069768401152,0.2767725181430732,28.7133268495346,0.23112945941968,0.0026910140004474,
degree_screen,ridge,1,1e-08,,7,34.515858612719526,0.2579552570622244,36.60510381025028,0.3069240205085108,0.002772294999886,
degree_screen,ridge,1,1e-08,,8,34.51814877443758,0.2751817085408633,36.41759360893781,0.2469944955876708,0.002829383000062,
degree_screen,ridge,1,1e-08,,9,36.05524240734224,0.2625463995142696,30.30235970118924,0.2955235542666964,0.0028772720033884,
degree_screen,ridge,1,1e-08,,10,32.55534444265285,0.2851414848977589,44.95186621055307,0.2081538461560176,0.0028218839979672,
degree_screen,ridge,1,1e-08,,11,33.124286784543926,0.259365409131815,42.2396917696864,0.2974519051277996,0.0028408799989847,
degree_screen,ridge,1,1e-08,,12,35.79277403905987,0.2561227040859425,31.3885053664517,0.3243550217218668,0.0033520689976285,
degree_screen,ridge,1,1e-08,,13,36.010805198369574,0.2826111616986104,30.531255523360905,0.1941219738288411,0.0028724730000249,
degree_screen,ridge,1,1e-08,,14,33.29414493564734,0.2667053695394638,41.31480900910225,0.2778209329946089,0.0033874609980557,
degree_screen,ridge,1,1e-08,,15,35.9303767998843,0.2890478886431613,31.07938707352476,0.1499057838474298,0.0032754849999037,
degree_screen,ridge,2,1e-08,,1,21.128421746961283,0.5615244170437619,21.913219361269377,0.5234453006739752,0.003176408001309,
degree_screen,ridge,2,1e-08,,2,21.864385743988745,0.5519550130318511,18.75134570998645,0.5705008014707503,0.0043476520004333,
degree_screen,ridge,2,1e-08,,3,21.07231195449024,0.5583016333385308,22.1441507965583,0.5368547975135904,0.0032215969986282,
degree_screen,ridge,2,1e-08,,4,20.990415217335567,0.5576687296889219,22.18129811977768,0.5492437735508384,0.0028285840016906,
degree_screen,ridge,2,1e-08,,5,20.14042252392588,0.5697853498373706,25.662034385475454,0.4996599802653459,0.0028726730015478,
degree_screen,ridge,2,1e-08,,6,20.994791166840702,0.5835513055921407,22.30787844982699,0.4026512269790655,0.0046189929998945,
degree_screen,ridge,2,1e-08,,7,20.902399925748814,0.550626390213308,22.942318452102896,0.5656133113179618,0.0038061699997342,
degree_screen,ridge,2,1e-08,,8,20.9611825392396,0.5598533219630264,22.14759989594149,0.5420547329334566,0.003485940000246,
degree_screen,ridge,2,1e-08,,9,21.72458846068757,0.5556575158085102,19.344494169013885,0.5502746112488168,0.0039800320009817,
degree_screen,ridge,2,1e-08,,10,20.5870129522019,0.5479451450644084,24.16805373636329,0.574269501795652,0.0028769730015483,
degree_screen,ridge,2,1e-08,,11,20.583292183472604,0.5397727871339453,24.13103636274739,0.5986425820439685,0.0032531910001125,
degree_screen,ridge,2,1e-08,,12,21.284676671710034,0.5576428999418075,20.89973587327897,0.5501282579318758,0.0032490920020791,
degree_screen,ridge,2,1e-08,,13,21.453301573313556,0.5726183014062236,20.285855850883262,0.4645511561162662,0.002960654997878,
degree_screen,ridge,2,1e-08,,14,20.12972952662255,0.5566480952423887,25.859619491870014,0.5479762263057133,0.0049955110007431,
degree_screen,ridge,2,1e-08,,15,21.79732452024882,0.5686977073490921,19.016888467972517,0.4798434455094768,0.0040232229985122,
degree_screen,ridge,3,1e-08,,1,9.578409615847072,0.801220422878665,10.435340443372947,0.7730588807892886,0.0038901519983483,
degree_screen,ridge,3,1e-08,,2,10.034121418854806,0.794380786499632,8.78348254863575,0.7988145078608637,0.0117812309981673,
degree_screen,ridge,3,1e-08,,3,9.626906587625188,0.7982096637075222,10.185831071398482,0.786963210402793,0.0204990300007921,
degree_screen,ridge,3,1e-08,,4,9.776117831300589,0.7939877523023636,9.816176899431046,0.8005210139888189,0.019370075999177,
degree_screen,ridge,3,1e-08,,5,9.157204671749556,0.804395185868404,12.296476235938403,0.7602520879623498,0.0206865889995242,
degree_screen,ridge,3,1e-08,,6,9.993468436503084,0.8017714560761634,8.876416444810884,0.7623119345904563,0.0117198449988791,
degree_screen,ridge,3,1e-08,,7,9.681704352878642,0.7918563203557716,10.172121284302012,0.8074024606194488,0.0133372919990506,
degree_screen,ridge,3,1e-08,,8,9.355106618625356,0.803559789951668,11.318778697808424,0.7659619481122726,0.0054835039991303,
degree_screen,ridge,3,1e-08,,9,10.091565798869988,0.7935928027098818,8.42432362606004,0.8041493261806617,0.0112682430008135,
degree_screen,ridge,3,1e-08,,10,8.886305716647485,0.8048722439248893,14.432026246869432,0.7457737478076918,0.0170960719988215,
degree_screen,ridge,3,1e-08,,11,8.968137885356906,0.7994790596768396,13.892115818433728,0.7689405605703586,0.016886418001377,
degree_screen,ridge,3,1e-08,,12,9.973615923576183,0.79271943449762,8.992740480039139,0.8064291410067934,0.0277050580007198,
degree_screen,ridge,3,1e-08,,13,10.062248421322597,0.799545034721983,8.440614823795444,0.7772084410787927,0.011255245997745,
degree_screen,ridge,3,1e-08,,14,9.090047491480604,0.7997941371067563,12.881900797586786,0.7748255571698847,0.0123352100017655,
degree_screen,ridge,3,1e-08,,15,9.85266283060596,0.8050459787572026,9.548064507552176,0.7388380152375633,0.026639260999218,
degree_screen,ridge,4,1e-08,,1,3.2677285070479813,0.9321852252274048,2.727985542248366,0.9406735127130764,0.0135636779996275,
degree_screen,ridge,4,1e-08,,2,2.9572828054460434,0.9393993615214418,4.142970314777627,0.9051053477841964,0.016325782999047,
degree_screen,ridge,4,1e-08,,3,3.154219910894658,0.9338841515946532,3.2615285016482947,0.9317850888846968,0.0045561190017906,
degree_screen,ridge,4,1e-08,,4,3.237892937195704,0.931767843503248,2.907094690969551,0.9409236093507336,0.0172896760013827,
degree_screen,ridge,4,1e-08,,5,2.840457491843693,0.9393256807445988,4.48459484472416,0.9125625724209456,0.0106642030004877,
degree_screen,ridge,4,1e-08,,6,3.155546994312998,0.9374071684980688,3.2381084261768285,0.9132916158013008,0.0065951790020335,
degree_screen,ridge,4,1e-08,,7,3.141800273768611,0.932455501030146,3.3829227619706344,0.9359482076884508,0.0079810800016275,
degree_screen,ridge,4,1e-08,,8,3.004419794007767,0.9369126532205172,3.7676411257312337,0.92209659603567,0.0064387130005343,
degree_screen,ridge,4,1e-08,,9,3.166742275019783,0.9352292388956966,3.178186695589549,0.9261127618685772,0.0046760920013184,
degree_screen,ridge,4,1e-08,,10,2.971910387561075,0.9347420375044352,4.138945997423871,0.9270907140167048,0.0129961999991792,
degree_screen,ridge,4,1e-08,,11,3.042026677595791,0.9319825299658212,4.01079830337684,0.9332907370082598,0.0097196060014539,
degree_screen,ridge,4,1e-08,,12,3.0824041764016177,0.9359387321822664,3.557879557865901,0.9234158036986434,0.0079952769992814,
degree_screen,ridge,4,1e-08,,13,3.0876017328200085,0.9384903778728784,3.519082139991028,0.9071131887537272,0.0140769669997098,
degree_screen,ridge,4,1e-08,,14,2.9992171269918315,0.9339430455697444,3.9019367522557697,0.9317945039359302,0.0044232480031496,
degree_screen,ridge,4,1e-08,,15,3.195055929503403,0.936779628790563,3.0856379088103103,0.9156005575909426,0.0175229249980475,
degree_screen,ridge,5,1e-08,,1,1.2258771654239795,0.974559519344159,1.2702419613122025,0.9723755890923838,0.0122150679999322,
degree_screen,ridge,5,1e-08,,2,1.180834658525018,0.9758023364852204,1.4552104829521937,0.9666684329868408,0.0048009649981395,
degree_screen,ridge,5,1e-08,,3,1.1714509093903778,0.9754451265518796,1.521296268758629,0.9681820687138049,0.0117067789979046,
degree_screen,ridge,5,1e-08,,4,1.2419721542299706,0.9738279059759704,1.173694200776807,0.9761488274450584,0.009563440002239,
degree_screen,ridge,5,1e-08,,5,1.1027536275894372,0.976444348893606,1.8379868033074256,0.96416424591967,0.0069654990002163,
degree_screen,ridge,5,1e-08,,6,1.2366347100517,0.9754703485084502,1.2233468415452489,0.9672418541987458,0.0057539609988452,
degree_screen,ridge,5,1e-08,,7,1.177341883744868,0.9746887259773572,1.5522396978945676,0.9706101079619778,0.0079110960032267,
degree_screen,ridge,5,1e-08,,8,1.132268317824748,0.976224426374603,1.649942443599035,0.9658841889627576,0.0136198660002264,
degree_screen,ridge,5,1e-08,,9,1.1809100188667565,0.9758463322635818,1.4961419317001392,0.965217337502752,0.011078413001087,
degree_screen,ridge,5,1e-08,,10,1.1635325449430878,0.974450857099168,1.6971205012091293,0.9701045038887232,0.008203532997868,
degree_screen,ridge,5,1e-08,,11,1.1972178325534448,0.9732310933859244,1.627788545555408,0.9729259449199992,0.0138933070011262,
degree_screen,ridge,5,1e-08,,12,1.1704304928430744,0.9756750714789154,1.5274269304631571,0.9671217752101944,0.0050212189999001,
degree_screen,ridge,5,1e-08,,13,1.1842163015234066,0.9764086486773168,1.445686660239402,0.961840838437703,0.007911396001873,
degree_screen,ridge,5,1e-08,,14,1.077432297760372,0.9762698420350024,2.1061140423994686,0.9631853199705728,0.0116299940018507,
degree_screen,ridge,5,1e-08,,15,1.2396253681410607,0.9754716106185052,1.1988633150693346,0.9672082731977006,0.0049954240021179,
degree_screen,ridge,6,1e-08,,1,0.453754266380437,0.990583292550062,0.5301430573352418,0.988470787376194,0.0084846720019413,
degree_screen,ridge,6,1e-08,,2,0.4350662613189886,0.9910846222864258,0.5857057060227859,0.9865844225155094,0.0055789979996916,
degree_screen,ridge,6,1e-08,,3,0.4294175255943677,0.9909989459115602,0.6585086078112061,0.9862272838861282,0.0133865169991622,
degree_screen,ridge,6,1e-08,,4,0.4495617032841295,0.9905263808629832,0.5422389004399604,0.9889809171998672,0.0312108770012855,
degree_screen,ridge,6,1e-08,,5,0.4271201524084633,0.9908763906652144,0.6392854237266793,0.9875356693581346,0.0423653719990397,
degree_screen,ridge,6,1e-08,,6,0.4475657395835324,0.9911221709027698,0.5399201557119296,0.9855422987322986,0.0244170030018722,
degree_screen,ridge,6,1e-08,,7,0.4461735672985193,0.9904078657359648,0.5726722723044445,0.9891571022961044,0.0084040110014029,
degree_screen,ridge,6,1e-08,,8,0.4402475100135957,0.990755603664832,0.575845159066345,0.9880932667017368,0.02292122200015,
degree_screen,ridge,6,1e-08,,9,0.4377288601312219,0.9910469406835952,0.6417942698801582,0.9850794145869955,0.0157992380009091,
degree_screen,ridge,6,1e-08,,10,0.4175040482192844,0.9908323401558552,0.6846352659144455,0.9879398599479496,0.0066820779975387,
degree_screen,ridge,6,1e-08,,11,0.4104627623931721,0.9908223557515646,0.7636065933326381,0.9872993780280684,0.0057245819989475,
degree_screen,ridge,6,1e-08,,12,0.4341007646122323,0.9909781314356474,0.6257707947722326,0.9865301361085876,0.0052592799984267,
degree_screen,ridge,6,1e-08,,13,0.4287391520346845,0.9914588779529314,0.6315669977099867,0.9833296745651376,0.0073369380006624,
degree_screen,ridge,6,1e-08,,14,0.4520474909368471,0.9900437750103552,0.5332441413357095,0.990678941384164,0.0054122479996294,
degree_screen,ridge,6,1e-08,,15,0.4635496169400367,0.9908277728141376,0.4699567054246192,0.9871455805682888,0.0073428369978501,
degree_screen,ridge,7,1e-08,,1,0.2218620917668767,0.995395722823577,0.2779557912877329,0.9939551949734428,0.0125405309991037,
degree_screen,ridge,7,1e-08,,2,0.2110768081915271,0.995674614101544,0.3141696473215048,0.9928039505103392,0.010262915999192,
degree_screen,ridge,7,1e-08,,3,0.2198294707237652,0.9953921373994252,0.2992488321283724,0.9937412067763078,0.0061844830015616,
degree_screen,ridge,7,1e-08,,4,0.2171599327651224,0.9954237861459104,0.3047752971021817,0.9938065228601652,0.0137780680015566,
degree_screen,ridge,7,1e-08,,5,0.2059337932971277,0.9956010985005532,0.3641110077812255,0.9929008236025912,0.0056675930027267,
degree_screen,ridge,7,1e-08,,6,0.2235771904860602,0.995565165267071,0.2631126715974088,0.992954505651514,0.0163087299988546,
degree_screen,ridge,7,1e-08,,7,0.2128922724716305,0.995423101207703,0.3325053048410137,0.9937043904851796,0.005411048001406,
degree_screen,ridge,7,1e-08,,8,0.207590904804739,0.9956409688733234,0.3371618951484285,0.9930285134802936,0.0192479040015314,
degree_screen,ridge,7,1e-08,,9,0.2192513456972556,0.9955155565876086,0.2965699871384747,0.9931052705957324,0.0055040289989847,
degree_screen,ridge,7,1e-08,,10,0.2089294746829717,0.9954122735732054,0.3514566551772696,0.9938089422285284,0.0085814740014029,
degree_screen,ridge,7,1e-08,,11,0.2020934504011061,0.9954813396910692,0.4186741165639722,0.9930364382257304,0.0063743440005055,
degree_screen,ridge,7,1e-08,,12,0.2116483279016501,0.995601336021835,0.3220861662454793,0.99306701933539,0.0198323800032085,
degree_screen,ridge,7,1e-08,,13,0.2100205731773994,0.9958160775861256,0.3560700888495113,0.990601465433969,0.0053309659997466,
degree_screen,ridge,7,1e-08,,14,0.2115279957874318,0.9953411525118662,0.3532581142478443,0.9938250806072132,0.0213823490012146,
degree_screen,ridge,7,1e-08,,15,0.2319680896807283,0.9954100619638796,0.2238941559860016,0.9938759690921898,0.0049598209989198,
degree_screen,ridge,8,1e-08,,1,0.1612309700714521,0.9966539931643096,0.2744826111006352,0.9940307274779314,0.0120722239989845,
degree_screen,ridge,8,1e-08,,2,0.1591600032165693,0.9967384932555616,0.268333870855972,0.9938538180537352,0.0230394530008197,
degree_screen,ridge,8,1e-08,,3,0.1643060290723784,0.996555968570006,0.2527922539300962,0.994712846714734,0.0142050050017132,
degree_screen,ridge,8,1e-08,,4,0.1684939069079629,0.9964493258894316,0.2327421753903613,0.9952703406199214,0.0219630619976669,
degree_screen,ridge,8,1e-08,,5,0.1552891793003536,0.9966829057400668,0.2884597355027578,0.994375818082615,0.0313684600005217,
degree_screen,ridge,8,1e-08,,6,0.161218041867797,0.9968021095081492,0.2614529323590239,0.9929989492860716,0.0072273129990207,
degree_screen,ridge,8,1e-08,,7,0.1565744879567093,0.9966338581644428,0.2856381561987796,0.9945917666040828,0.0165475030007655,
degree_screen,ridge,8,1e-08,,8,0.1594906966991731,0.9966509856875428,0.2645427301249805,0.9945300578046022,0.0197812769984011,
degree_screen,ridge,8,1e-08,,9,0.1699491356895479,0.9965239561948368,0.2207314444279818,0.9948683830247682,0.0398189789993921,
degree_screen,ridge,8,1e-08,,10,0.1602784833721192,0.9964805643869608,0.2815762076083103,0.9950399158966114,0.1066710189988953,
degree_screen,ridge,8,1e-08,,11,0.151660217593864,0.9966089895326886,0.331980476715196,0.9944783628459524,0.0109847589992568,
degree_screen,ridge,8,1e-08,,12,0.159398700588361,0.9966872342938132,0.2812537517486189,0.9939459466842298,0.0227423870019265,
degree_screen,ridge,8,1e-08,,13,0.1615220264742876,0.9967822408220486,0.2678757161144025,0.9929293718957516,0.0175193310024042,
degree_screen,ridge,8,1e-08,,14,0.1623619381664,0.9964240217708336,0.2895115394833891,0.9949393648794228,0.0073552419999032,
degree_screen,ridge,8,1e-08,,15,0.1692043893080058,0.9966519633651668,0.2283569235979909,0.993753901918664,0.015089019001607,
degree_screen,ridge,9,1e-08,,1,0.1426755425966296,0.9970390717081056,0.2854937330401474,0.9937912646304778,0.0140618280020134,
degree_screen,ridge,9,1e-08,,2,0.1397407473031385,0.9971364326426791,0.3011060721708928,0.9931031714379404,0.0266544289988814,
degree_screen,ridge,9,1e-08,,3,0.1478683754074874,0.996900519504484,0.2538178051571065,0.9946913972974564,0.0137826040008803,
degree_screen,ridge,9,1e-08,,4,0.1483177934980865,0.9968744973680386,0.2525677848999657,0.9948674554108886,0.0246531539996794,
degree_screen,ridge,9,1e-08,,5,0.135702420917836,0.9971012937056294,0.2957500495604194,0.9942336767455452,0.0304959639979642,
degree_screen,ridge,9,1e-08,,6,0.1418814642045082,0.9971856661941004,0.294663188006216,0.9921096623237466,0.0094655270004295,
degree_screen,ridge,9,1e-08,,7,0.1386488061470641,0.997019236320602,0.3019708090600717,0.9942825264107422,0.0457284949989116,
degree_screen,ridge,9,1e-08,,8,0.1376669696288192,0.9971092442306578,0.2995103721719426,0.9938070329056912,0.0143909569997049,
degree_screen,ridge,9,1e-08,,9,0.1496456009595684,0.9969392332472016,0.2328403741196022,0.994586871755187,0.0353640890025417,
degree_screen,ridge,9,1e-08,,10,0.143514612734508,0.9968486697127232,0.2786136080197048,0.9950921033425926,0.0435026000013749,
degree_screen,ridge,9,1e-08,,11,0.1344657544842651,0.9969934450300464,0.3577623798583881,0.9940495475261296,0.018525117997342,
degree_screen,ridge,9,1e-08,,12,0.1418191491934321,0.9970525881817454,0.3011439411088096,0.9935178056688702,0.0142566450012964,
degree_screen,ridge,9,1e-08,,13,0.138073490756299,0.9972493705545256,0.3497039162426699,0.990769501714388,0.0275721090001752,
degree_screen,ridge,9,1e-08,,14,0.1424519886429641,0.9968625330798488,0.3736272799317908,0.993469029461822,0.0274357970010896,
degree_screen,ridge,9,1e-08,,15,0.1492023191256486,0.9970477430728736,0.2592936781895537,0.9929077090358184,0.0299450169986812,
degree_screen,ridge,10,1e-08,,1,0.1232230886911137,0.997442766133004,0.3943958385269957,0.991422931192992,0.0201101070015283,
degree_screen,ridge,10,1e-08,,2,0.1183341983358699,0.9975750956385382,0.4198926245226451,0.990382367831618,0.053410401000292,
degree_screen,ridge,10,1e-08,,3,0.1253036571389967,0.9973735003157445,0.2900002042532163,0.9939346419488424,0.0206445549993077,
degree_screen,ridge,10,1e-08,,4,0.1284735110069755,0.9972926761697356,0.2924725784556841,0.9940565319895776,0.1590661980008008,
degree_screen,ridge,10,1e-08,,5,0.1144601377744954,0.9975550449315688,0.3556647730541292,0.993065502255365,0.0321886940000695,
degree_screen,ridge,10,1e-08,,6,0.123264106730707,0.997554956564825,0.3168562141508296,0.991515389006052,0.0307301620014186,
degree_screen,ridge,10,1e-08,,7,0.1172482359663667,0.997479319923813,0.3642323374452004,0.9931036752321238,0.1190478010030346,
degree_screen,ridge,10,1e-08,,8,0.1208555122704332,0.9974622542335716,0.3122814223893541,0.993542966278607,0.2056252830006997,
degree_screen,ridge,10,1e-08,,9,0.1294941677154539,0.997351399301528,0.2747230482844248,0.9936131734120748,0.1574104800019995,
degree_screen,ridge,10,1e-08,,10,0.122837907559505,0.9973026940522488,0.3245194025093652,0.994283453338263,0.1896944229993096,
degree_screen,ridge,10,1e-08,,11,0.1159817805963951,0.997406733036128,0.3425669266406403,0.9943022846144364,0.2220110079979349,
degree_screen,ridge,10,1e-08,,12,0.1232801350332661,0.9974378824790616,0.3410817598880817,0.9926581347037646,0.0457116229990788,
degree_screen,ridge,10,1e-08,,13,0.1209889628133645,0.9975897197798872,0.3629971842608931,0.9904186234944048,0.0347176070026762,
degree_screen,ridge,10,1e-08,,14,0.122752538033971,0.9972964082066172,0.3328935703829835,0.9941810509636312,0.0387917839980218,
degree_screen,ridge,10,1e-08,,15,0.1296819740626098,0.9974339909158696,0.3159672078527636,0.991357554920434,0.1369476510008098,
degree_screen,ridge,11,1e-08,,1,0.0999368005932336,0.9979260236555434,0.629246229187665,0.9863155548890926,0.1044023439972079,
degree_screen,ridge,11,1e-08,,2,0.0983404342063019,0.9979848078478712,0.6068997060720314,0.9860989743681836,0.1358232710008451,
degree_screen,ridge,11,1e-08,,3,0.1058728576947271,0.9977807908112531,0.388741557664818,0.9918694652554688,0.0391966169991064,
degree_screen,ridge,11,1e-08,,4,0.1070703083498333,0.9977437061146904,0.4675951001700125,0.9904977877435036,0.0541138309999951,
degree_screen,ridge,11,1e-08,,5,0.0919077213913181,0.9980367815938996,0.4566206974847998,0.991097135739164,0.1285167860005458,
degree_screen,ridge,11,1e-08,,6,0.1035805335192869,0.9979453961886364,0.3601076506098441,0.9903572245235668,0.1602059920005558,
degree_screen,ridge,11,1e-08,,7,0.0948280903298701,0.9979613230340972,0.53125282897943,0.9899413323149916,0.0312628649990074,
degree_screen,ridge,11,1e-08,,8,0.0951729684934069,0.998001540903388,0.5643827952071989,0.9883302736597528,0.0573834409988194,
degree_screen,ridge,11,1e-08,,9,0.1051756347138627,0.9978487968649098,1.308527963125826,0.969579031544222,0.0275028080031916,
degree_screen,ridge,11,1e-08,,10,0.1009312619705667,0.9977837257355155,0.4508312023828026,0.9920584175089072,0.0835955270013073,
degree_screen,ridge,11,1e-08,,11,0.0935331614304311,0.9979086675828154,0.515964342199811,0.991418266790133,0.0391583130003709,
degree_screen,ridge,11,1e-08,,12,0.1022525258329912,0.9978748969740646,0.6242775011926596,0.986562279604952,0.0677962869995099,
degree_screen,ridge,11,1e-08,,13,0.0994156747024806,0.998019491788898,0.4818603587738213,0.9872812084481212,0.0377886750029574,
degree_screen,ridge,11,1e-08,,14,0.1004904380574317,0.9977867249997688,0.5357860259830661,0.9906345094739823,0.0615191819997562,
degree_screen,ridge,11,1e-08,,15,0.1060602827882443,0.9979013918390176,0.5777186240580164,0.9841980390503356,0.0345940639999753,
degree_screen,ridge,12,1e-08,,1,0.0827630670397495,0.9982824280723798,1.875561277982852,0.9592114911934656,0.1435917620001419,
degree_screen,ridge,12,1e-08,,2,0.0811542586059629,0.9983369869537948,1.038968190498354,0.97620245437218,0.137917109997943,
degree_screen,ridge,12,1e-08,,3,0.0827017671709514,0.9982664818384276,2.083650113462129,0.9564204307233928,0.1185535279983014,
degree_screen,ridge,12,1e-08,,4,0.0822355191287944,0.9982670499242488,1.1430720758655222,0.9767711135437498,0.0757683249976253,
degree_screen,ridge,12,1e-08,,5,0.071916098737239,0.9984638177663578,1.458258381195316,0.9715679195084216,0.1536243890004698,
degree_screen,ridge,12,1e-08,,6,0.0816347396030339,0.9983807087931552,1.266684231645942,0.9660813880943244,0.1448761320025369,
degree_screen,ridge,12,1e-08,,7,0.0755900446233176,0.9983749152567656,3.285590173147142,0.9377910894812458,0.1550794209979358,
degree_screen,ridge,12,1e-08,,8,0.0746632011294808,0.9984322086844468,2.0650097140632626,0.957301855305098,0.0387116919991967,
degree_screen,ridge,12,1e-08,,9,0.085054597582707,0.998260341214279,1.4019508946120185,0.967407113074097,0.1509014850016683,
degree_screen,ridge,12,1e-08,,10,0.0821526429564157,0.9981960714174288,1.282681161362413,0.9774050283146084,0.1398245759992278,
degree_screen,ridge,12,1e-08,,11,0.0743135403724478,0.99833840411636,1.1199487751619273,0.9813725468775998,0.1360847680007282,
degree_screen,ridge,12,1e-08,,12,0.0815553511319176,0.9983050440851238,5.919931688167305,0.8725720747081248,0.172939829997631,
degree_screen,ridge,12,1e-08,,13,0.0794313714144435,0.9984176088551812,0.85846547033054,0.9773406482338493,0.1783871170009661,
degree_screen,ridge,12,1e-08,,14,0.0823491705779467,0.998186281560184,8.495870647305392,0.8514929613708793,0.1635319550005078,
degree_screen,ridge,12,1e-08,,15,0.0815991741779324,0.9983854022603248,1.390536034064242,0.9619655742530162,0.1986872650013538,
degree_screen,ridge,13,1e-08,,1,0.0588618621831272,0.9987784468880953,64.81183158059201,-0.4094863197622285,0.1496020009981293,
degree_screen,ridge,13,1e-08,,2,0.0547203235477191,0.9988786711441198,11.835694844884111,0.7289036462483219,0.1491799329996865,
degree_screen,ridge,13,1e-08,,3,0.0605118205411704,0.9987316070322768,5.322258111740996,0.8886849022347548,0.1615483319983468,
degree_screen,ridge,13,1e-08,,4,0.0608842983841933,0.9987169844537408,5.121975144541291,0.8959140183927625,0.158884839998791,
degree_screen,ridge,13,1e-08,,5,0.0512099672340387,0.9989061163879626,8.12247699166355,0.8416337443377673,0.1523668870031542,
degree_screen,ridge,13,1e-08,,6,0.0597484354053543,0.9988148413709028,4.39767015835987,0.8822414745016947,0.178287498998543,
degree_screen,ridge,13,1e-08,,7,0.0558752919402632,0.9987987560411112,5.892138750463307,0.8884390587458576,0.1608366719992773,
degree_screen,ridge,13,1e-08,,8,0.0578195991851961,0.998785893665152,6.562470527046572,0.864307991283725,0.0559849370001757,
degree_screen,ridge,13,1e-08,,9,0.0605280091813566,0.9987619942255072,16.423607236123907,0.6181800834682105,0.0826680559985106,
degree_screen,ridge,13,1e-08,,10,0.0595534865583126,0.9986923094287874,5.668827780472693,0.9001411987269752,0.1495438179990742,
degree_screen,ridge,13,1e-08,,11,0.05545979538362,0.9987599599311904,2.1384817026520744,0.964431884249793,0.142674299000646,
degree_screen,ridge,13,1e-08,,12,0.0559288966670118,0.9988376358767076,19.22732610794844,0.5861272724238684,0.0604603760002646,
degree_screen,ridge,13,1e-08,,13,0.0553976258940178,0.9988963968379534,4.098883500539163,0.8918092266990921,0.1808054310022271,
degree_screen,ridge,13,1e-08,,14,0.0634100628504363,0.9986034103385064,6.541407311989026,0.8856568009685414,0.1244931990004261,
degree_screen,ridge,13,1e-08,,15,0.0611500326657008,0.9987900281403852,5.592094333934776,0.8470430887774141,0.1663528610006324,
degree_screen,ridge,14,1e-08,,1,0.0379418205748031,0.9992125979832188,67.34905137980468,-0.4646641555062041,0.1756922879976628,
degree_screen,ridge,14,1e-08,,2,0.0374235582734636,0.9992331164536123,25.840798801932596,0.4081170201627272,0.1612372620002133,
degree_screen,ridge,14,1e-08,,3,0.0407831900999762,0.9991451403864318,29.46257607690531,0.383789837403457,0.1536114679984166,
degree_screen,ridge,14,1e-08,,4,0.0367012935199287,0.9992265932037724,28.82875868476388,0.4141577103473913,0.1976729099988006,
degree_screen,ridge,14,1e-08,,5,0.0329683208794341,0.999295771743778,22.19944735344516,0.5671710293862047,0.1534760940012347,
degree_screen,ridge,14,1e-08,,6,0.0377455182349478,0.9992512870614536,16.13404453441368,0.5679709422761414,0.1517081519996281,
degree_screen,ridge,14,1e-08,,7,0.0402115434868559,0.999135505658873,131.4585240089729,-1.4890175359784452,0.1871326899999985,
degree_screen,ridge,14,1e-08,,8,0.0386054451097978,0.9991893559255348,8.609647410774388,0.8219785754934849,0.1880144599999766,
degree_screen,ridge,14,1e-08,,9,0.0415979257739496,0.999149179478863,43.023957928143965,-0.0002311787424442,0.2071211379989108,
degree_screen,ridge,14,1e-08,,10,0.0360588635204252,0.999208210323872,22.557991588631488,0.6026314281539374,0.0867238340033509,
degree_screen,ridge,14,1e-08,,11,0.0359090761650646,0.9991970995750956,33.64039299601154,0.4404790134604837,0.1417355599987786,
degree_screen,ridge,14,1e-08,,12,0.0364751345822735,0.9992419412797804,62.04221495089202,-0.3354733041104139,0.1593396079988451,
degree_screen,ridge,14,1e-08,,13,0.0381911298473924,0.9992391758494786,27.02066074317124,0.2867847596740328,0.1552231690002372,
degree_screen,ridge,14,1e-08,,14,0.0408985458266758,0.9990992204753624,26.566615887378184,0.5356179942448613,0.1533646509997197,
degree_screen,ridge,14,1e-08,,15,0.0406282985274414,0.999196090406182,62.7533758955247,-0.7164521863520643,0.2032674530018994,
degree_screen,ridge,15,1e-08,,1,0.0303322341393876,0.9993705188108266,31.57440656799257,0.3133399716245193,0.1681418890002533,
degree_screen,ridge,15,1e-08,,2,0.0304399482463921,0.9993762245884672,47.93603986109228,-0.0979740344737194,0.1463051459977578,
degree_screen,ridge,15,1e-08,,3,0.034314403329192,0.9992807331280876,28.22927954744466,0.4095842503891027,0.1820602039988443,
degree_screen,ridge,15,1e-08,,4,0.0303563103182246,0.9993603011104836,17.81407370748129,0.6379921229717473,0.0591656049982702,
degree_screen,ridge,15,1e-08,,5,0.0273655179305564,0.999415451850177,39.47559752432334,0.2303329912325167,0.1475196079991292,
degree_screen,ridge,15,1e-08,,6,0.0281103964155436,0.999442407509867,21.743178611097424,0.4177724657176083,0.2249839229989447,
degree_screen,ridge,15,1e-08,,7,0.0318516004322718,0.9993152332404616,54.027320442059256,-0.0229458227678975,0.1487397970013262,
degree_screen,ridge,15,1e-08,,8,0.0306095790234812,0.9993572545586074,33.66061747538606,0.3040004094432306,0.1758165189967258,
degree_screen,ridge,15,1e-08,,9,0.034514497615106,0.9992940599248328,141.1005148622811,-2.280338237071943,0.1622795930015854,
degree_screen,ridge,15,1e-08,,10,0.0284059482376491,0.9993762549797928,35.46217258727123,0.375318816828345,0.165999456999998,
degree_screen,ridge,15,1e-08,,11,0.0282979164532158,0.9993672794855608,70.44494588731999,-0.1716695944743951,0.2911130950014922,
degree_screen,ridge,15,1e-08,,12,0.0284287644764349,0.999409168106897,86.80390533646936,-0.8684745275638424,0.151639209001587,
degree_screen,ridge,15,1e-08,,13,0.0309908123491469,0.9993826168910498,71.25759421145746,-0.8808571212833423,0.1604804990020056,
degree_screen,ridge,15,1e-08,,14,0.0339373145988195,0.9992525397298636,86.70732100914445,-0.5156360077841624,0.2503999750006187,
degree_screen,ridge,15,1e-08,,15,0.0312955716624417,0.9993807564870958,196.82004940758293,-4.3834905182791895,0.1702463770016038,
degree_screen,ridge,16,1e-08,,1,0.0260051558455207,0.9994603181436932,119.97559638926587,-1.609152645311497,0.2161112399990088,
degree_screen,ridge,16,1e-08,,2,0.0271365209089466,0.9994439184206054,198.9324255588647,-3.5565432295085,0.1041570269990188,
degree_screen,ridge,16,1e-08,,3,0.0296094768320486,0.9993793534576244,117.68867126864792,-1.4614600932696875,0.2378329389975988,
degree_screen,ridge,16,1e-08,,4,0.0261338062648916,0.999449281988778,61.02772976209372,-0.2401721949624233,0.161339220998343,
degree_screen,ridge,16,1e-08,,5,0.0230694636416011,0.9995072188173698,78.92938185912277,-0.5389087195436646,0.1607002790005935,
degree_screen,ridge,16,1e-08,,6,0.022667505660199,0.9995503716582528,71.88266884860228,-0.9248367402914436,0.1736755419988185,
degree_screen,ridge,16,1e-08,,7,0.0263231631886036,0.9994340872385428,377.3646104957271,-6.144969411929721,0.1740535660028399,
degree_screen,ridge,16,1e-08,,8,0.0268365852463799,0.9994364805600096,51.49909917733963,-0.064845348356455,0.1767423450000933,
degree_screen,ridge,16,1e-08,,9,0.0289020081428204,0.9994088546202132,273.69121224962583,-5.362838219047632,0.1636252950011112,
degree_screen,ridge,16,1e-08,,10,0.0244653801843291,0.9994627829731372,69.39269886258373,-0.2223817681298119,0.1938583629998902,
degree_screen,ridge,16,1e-08,,11,0.0238553702310569,0.9994666115383553,197.42962895369655,-2.2837315776126634,0.1585469479978201,
degree_screen,ridge,16,1e-08,,12,0.0239277006858869,0.9995027132218298,137.29052756046022,-1.955210973840217,0.2191821959968365,
degree_screen,ridge,16,1e-08,,13,0.0275321952475657,0.9994515176915446,199.88273676179367,-4.275941084179551,0.1763309199996001,
degree_screen,ridge,16,1e-08,,14,0.0294395266885262,0.9993516023046778,225.02113018018997,-2.9333486889465203,0.1232738729995617,
degree_screen,ridge,16,1e-08,,15,0.0270473173223682,0.9994648164291744,414.5937921985801,-10.340113753433888,0.1580133160023251,
degree_screen,ridge,17,1e-08,,1,0.0227462911371577,0.999527948969123,283.15720292293315,-5.157922004807598,0.1778569119996973,
degree_screen,ridge,17,1e-08,,2,0.024348001984845,0.9995010607496714,323.48057589723163,-6.409316122503587,0.1479716089997964,
degree_screen,ridge,17,1e-08,,3,0.0263599831556413,0.9994474663468244,139.33818041893193,-1.9142598592782392,0.1780536260012013,
degree_screen,ridge,17,1e-08,,4,0.0232189727625675,0.9995107063099494,55.30139746550796,-0.1238047973707792,0.1802659280001535,
degree_screen,ridge,17,1e-08,,5,0.0210318440940756,0.9995507439112332,97.9171804428499,-0.9091192560659288,0.2642553930018039,
degree_screen,ridge,17,1e-08,,6,0.0197110076029965,0.9996090161928024,67.23167119346313,-0.8002947427693903,0.2114111750015581,
degree_screen,ridge,17,1e-08,,7,0.0232673286035751,0.999499783590314,134.5354240179856,-1.547275135754646,0.1360011260003375,
degree_screen,ridge,17,1e-08,,8,0.0243750308466004,0.9994881687216788,125.77397700144952,-1.6006247972045378,0.1721218610000505,
degree_screen,ridge,17,1e-08,,9,0.0256797977405947,0.9994747598951188,560.5345918100725,-12.031441143292568,0.275005985997268,
degree_screen,ridge,17,1e-08,,10,0.0211430488749522,0.999535735567163,150.180432381336,-1.6454918958596898,0.2049383909979951,
degree_screen,ridge,17,1e-08,,11,0.0212725977816475,0.9995243604229974,405.8450603964723,-5.750183584423244,0.1773221440016641,
degree_screen,ridge,17,1e-08,,12,0.020839627779529,0.9995668923022404,220.12730189724036,-3.7382920713308847,0.1668634119996568,
degree_screen,ridge,17,1e-08,,13,0.0249989063732597,0.9995019845764868,360.05353229550207,-8.50367827815788,0.1914482059983129,
degree_screen,ridge,17,1e-08,,14,0.0253898097100973,0.9994407962371518,630.766574893184,-10.025741797673245,0.1813342200002807,
degree_screen,ridge,17,1e-08,,15,0.0240661370384228,0.9995238048564042,690.6310466398443,-17.89038084486727,0.1644304600013129,
degree_screen,ridge,18,1e-08,,1,0.0203291724658906,0.9995781111407774,219.6883450089454,-3.777641818628029,0.2313228029997844,
degree_screen,ridge,18,1e-08,,2,0.0223862674783945,0.9995412606126663,934.2194552137652,-20.398277940716092,0.3250681129975419,
degree_screen,ridge,18,1e-08,,3,0.0236449098605203,0.9995043772089268,520.4967230157843,-9.88619574484315,0.1965625789998739,
degree_screen,ridge,18,1e-08,,4,0.0208234026047829,0.9995611881884658,144.80185092451973,-1.942584133405297,0.0937543350009946,
degree_screen,ridge,18,1e-08,,5,0.0185868422917196,0.9996029709980184,247.93165182362236,-3.833994285211001,0.1949554070015438,
degree_screen,ridge,18,1e-08,,6,0.0169557423217785,0.9996636691121856,208.45487355533675,-4.58189624479867,0.1910012709995499,
degree_screen,ridge,18,1e-08,,7,0.0204496271940197,0.9995603603976764,429.5969413460516,-7.13392914969927,0.1444765619999088,
degree_screen,ridge,18,1e-08,,8,0.0220878359770372,0.9995361956505976,174.82300594644062,-2.614810115934476,0.177205354997568,
degree_screen,ridge,18,1e-08,,9,0.0228318711966077,0.9995330097790068,958.2379356021784,-21.27734281080915,0.1815073489997303,
degree_screen,ridge,18,1e-08,,10,0.0191783238431289,0.9995788774980158,332.3319163163469,-4.854167399904746,0.2699975350005843,
degree_screen,ridge,18,1e-08,,11,0.0189409670858844,0.9995764939634912,653.0521304214656,-9.861834233579652,0.1762388429997372,
degree_screen,ridge,18,1e-08,,12,0.0187909350991386,0.9996094700574482,292.1849399760991,-5.289349719542432,0.1701188340011867,
degree_screen,ridge,18,1e-08,,13,0.0231035495623034,0.9995397429052242,757.8146967679926,-19.002656345645693,0.168688049998309,
degree_screen,ridge,18,1e-08,,14,0.0224130250593203,0.9995063591222978,1477.8050527127418,-24.83189659545109,0.171922841000196,
degree_screen,ridge,18,1e-08,,15,0.0217012479517428,0.999570598768382,1595.6436320981893,-42.64460018076906,0.1880033889974584,
degree_screen,ridge,19,1e-08,,1,0.0182998592671988,0.9996202252323292,1484.3181601530098,-31.280003355695904,0.2178676940020523,
degree_screen,ridge,19,1e-08,,2,0.0207196529950266,0.9995754128762252,1432.251297955447,-31.80568733990807,0.2175650089993723,
degree_screen,ridge,19,1e-08,,3,0.0216657642037961,0.9995458622346728,620.3632223753002,-11.974904880379771,0.2911414769987459,
degree_screen,ridge,19,1e-08,,4,0.0189040657586255,0.9996016343967246,166.53920364226332,-2.3843187438475977,0.2336044139992736,
degree_screen,ridge,19,1e-08,,5,0.0172368612908936,0.9996318076127076,437.1420303695038,-7.523083120242335,0.1254138279982726,
degree_screen,ridge,19,1e-08,,6,0.0152838690548732,0.9996968320731164,215.3922430827792,-4.767661519812651,0.1930992529996729,
degree_screen,ridge,19,1e-08,,7,0.0186142549527609,0.9995998184432732,754.4261414279463,-13.284200357266617,0.3164742539993312,
degree_screen,ridge,19,1e-08,,8,0.0203867722460925,0.9995719148925296,438.6506709305616,-8.06996693059391,0.1930859519998193,
degree_screen,ridge,19,1e-08,,9,0.0209311292376332,0.9995718864834096,1615.2398728539583,-36.551479681967216,0.2755428609998489,
degree_screen,ridge,19,1e-08,,10,0.0174045993417167,0.99961782539075,513.1202530798219,-8.03883048942961,0.2928073679977387,
degree_screen,ridge,19,1e-08,,11,0.0173829677224259,0.9996113296787064,1087.3438378955152,-17.08515426556088,0.3047153309998975,
degree_screen,ridge,19,1e-08,,12,0.0171928955495652,0.9996426819380808,532.6272642776986,-10.46492743766882,0.2704517469974234,
degree_screen,ridge,19,1e-08,,13,0.0213934182068785,0.9995738112671964,1029.463224997835,-26.17286850985436,0.4797720440001285,
degree_screen,ridge,19,1e-08,,14,0.0200687778095262,0.9995579905404968,2498.735650924808,-42.67766968692561,0.3084115420024318,
degree_screen,ridge,19,1e-08,,15,0.0200722228632187,0.9996028321855984,2117.7220552074737,-56.924670981821805,0.1874216649994196,
degree_screen,ridge,20,1e-08,,1,0.0168465080255493,0.9996503864549968,1127.454339169213,-23.51915689559739,0.1909807010015356,
degree_screen,ridge,20,1e-08,,2,0.0193816390798482,0.9996028314570264,2999.9796287946065,-67.71447340897488,0.1753173430006427,
degree_screen,ridge,20,1e-08,,3,0.0198679611961027,0.9995835461230754,1598.6645074925502,-32.43608900755636,0.3892859360021248,
degree_screen,ridge,20,1e-08,,4,0.017587271639978,0.9996293832148974,320.28831492344847,-5.5087242158260725,0.1622210100031225,
degree_screen,ridge,20,1e-08,,5,0.0157713100326479,0.9996631128954596,877.4463191648136,-16.107821696923047,0.2218897259990626,
degree_screen,ridge,20,1e-08,,6,0.0138313734120983,0.999725643501116,480.0190650956974,-11.853701001037807,0.1861239319987362,
degree_screen,ridge,20,1e-08,,7,0.0169527365136147,0.9996355388649176,780.012568009918,-13.768650224064192,0.1963886330013338,
degree_screen,ridge,20,1e-08,,8,0.0185640204370072,0.9996101893625962,609.4380837465981,-11.60133320689981,0.2085564709996106,
degree_screen,ridge,20,1e-08,,9,0.0192952523866507,0.9996053457862228,2103.57150396058,-47.90432926904536,0.1697896029982075,
degree_screen,ridge,20,1e-08,,10,0.0163537297811644,0.9996409006512482,980.910254916776,-16.27914941248026,0.1782831229975272,
degree_screen,ridge,20,1e-08,,11,0.0158570831735475,0.9996454473303836,1305.5525064874269,-20.71449145958523,0.1078128289991582,
degree_screen,ridge,20,1e-08,,12,0.0160208378491498,0.9996670406846784,538.0068914056894,-10.58072517991878,0.3810117790017102,
degree_screen,ridge,20,1e-08,,13,0.0201096783094563,0.9995993852766812,1904.1981144460556,-49.26165454396305,0.2428882739986875,
degree_screen,ridge,20,1e-08,,14,0.0183101005657419,0.999596724936051,4232.364007774282,-72.98133414312122,0.187195768001402,
degree_screen,ridge,20,1e-08,,15,0.018396731554374,0.9996359850270012,4683.251254938791,-127.0979188937788,0.1720248969977547,
alpha_tuning,ridge,8,0.001,,1,0.1616344346396994,0.9966456201128872,0.2677695317240466,0.9941767192407628,0.0451622250002401,
alpha_tuning,ridge,8,0.001,,2,0.1596584381545137,0.9967282793269432,0.2639799068170986,0.9939535455129822,0.0069996759993955,
alpha_tuning,ridge,8,0.001,,3,0.1647265535983275,0.9965471539227736,0.25013311708005,0.9947684625966058,0.0135932299999694,
alpha_tuning,ridge,8,0.001,,4,0.1688128090642538,0.9964426056604871,0.2321911925043852,0.99528153739322,0.0284547280025435,
alpha_tuning,ridge,8,0.001,,5,0.1556295375098502,0.99667563543142,0.2868057780935524,0.994408065762995,0.0534692719993472,
alpha_tuning,ridge,8,0.001,,6,0.1617063014919069,0.9967924244828787,0.2526394168428119,0.9932349530231124,0.0238211789983324,
alpha_tuning,ridge,8,0.001,,7,0.1570074752593663,0.996624549517212,0.2787681723928428,0.9947218419285532,0.0102648510001017,
alpha_tuning,ridge,8,0.001,,8,0.1599252193068055,0.9966418615037366,0.2599680140354376,0.9946246490736887,0.0195562500011874,
alpha_tuning,ridge,8,0.001,,9,0.1702353810970564,0.9965181014926552,0.2213991352974866,0.9948528603890648,0.0081837399993673,
alpha_tuning,ridge,8,0.001,,10,0.1605996601737895,0.996473511905242,0.2815572955428028,0.9950402490406518,0.0156145389992161,
alpha_tuning,ridge,8,0.001,,11,0.1521711961312037,0.9965975644299412,0.3279874689282739,0.9945447762096862,0.0077891180008009,
alpha_tuning,ridge,8,0.001,,12,0.1597165616227806,0.9966806282228086,0.277965859321477,0.9940167193438892,0.0135912299992924,
alpha_tuning,ridge,8,0.001,,13,0.1619635335734047,0.9967734453434915,0.2655042935560505,0.9929919660242206,0.0101663459972769,
alpha_tuning,ridge,8,0.001,,14,0.1627317390197474,0.996415877006022,0.283966447378439,0.9950362925801396,0.0443015799974091,
alpha_tuning,ridge,8,0.001,,15,0.1694791262603008,0.9966465271623296,0.2251819277790733,0.993840745509742,0.0167229990001942,
alpha_tuning,ridge,8,0.01,,1,0.1692292829715867,0.9964880051433608,0.2528297521386961,0.9945016200255776,0.0351307839991932,
alpha_tuning,ridge,8,0.01,,2,0.1667745082957084,0.9965824568194644,0.260610394430101,0.9940307241268284,0.0112297529994975,
alpha_tuning,ridge,8,0.01,,3,0.1716325782826339,0.9964023962032708,0.251878091601815,0.994731966431743,0.0326145860017277,
alpha_tuning,ridge,8,0.01,,4,0.1750381962114104,0.9963114180028604,0.2360329319656747,0.9952034676619887,0.0245706509995216,
alpha_tuning,ridge,8,0.01,,5,0.1621298205370309,0.9965367844721028,0.2871146014643582,0.9944020445454592,0.0347058349980216,
alpha_tuning,ridge,8,0.01,,6,0.1703046178071949,0.9966218699117402,0.2314859597483132,0.9938013893011732,0.0091683999999077,
alpha_tuning,ridge,8,0.01,,7,0.1642031162758225,0.996469852870426,0.2737143306580319,0.994817530669902,0.0142570889984199,
alpha_tuning,ridge,8,0.01,,8,0.1672406747420869,0.9964882502557958,0.2557269302232759,0.9947123418380578,0.0073798140001599,
alpha_tuning,ridge,8,0.01,,9,0.1760295556056521,0.9963995907139748,0.2349117440952214,0.9945387160546868,0.0180892289972689,
alpha_tuning,ridge,8,0.01,,10,0.1661599442261917,0.9963514177769416,0.2916181088404003,0.9948630235551308,0.0545630519991391,
alpha_tuning,ridge,8,0.01,,11,0.1592171372531426,0.9964400223897436,0.336374648121337,0.9944052771623076,0.0277426699976786,
alpha_tuning,ridge,8,0.01,,12,0.1664922222961576,0.9965398104104132,0.2738040288817804,0.9941063037253116,0.0061537609981314,
alpha_tuning,ridge,8,0.01,,13,0.1687267700878029,0.9966387116056734,0.2645389052850851,0.9930174476226992,0.031015478001791,
alpha_tuning,ridge,8,0.01,,14,0.169682199661803,0.9962627949707904,0.2709642780870904,0.9952635693051948,0.0410370749996218,
alpha_tuning,ridge,8,0.01,,15,0.1761757017999517,0.9965140224422904,0.2148990975731789,0.994122005061709,0.0488712349979323,
alpha_tuning,ridge,8,0.1,,1,0.2112787657175687,0.9956153573099888,0.2741860224962645,0.9940371774974768,0.0222737800031609,
alpha_tuning,ridge,8,0.1,,2,0.2062299381461488,0.9957739361612508,0.2909333686654582,0.9933361770083156,0.0326474829998915,
alpha_tuning,ridge,8,0.1,,3,0.2100649259389219,0.995596812780654,0.3015520477658868,0.9936930349912344,0.0309189399995375,
alpha_tuning,ridge,8,0.1,,4,0.2118287250362495,0.9955361307499874,0.2757406394874444,0.9943965493154246,0.0316991789986786,
alpha_tuning,ridge,8,0.1,,5,0.2009031368919568,0.9957085571242672,0.3194194658108623,0.993772187371166,0.0297887839988106,
alpha_tuning,ridge,8,0.1,,6,0.2141959803184218,0.9957512491721324,0.2500842909780043,0.9933033728553116,0.029110950003087,
alpha_tuning,ridge,8,0.1,,7,0.2039671425149456,0.9956149795508932,0.3075166936734299,0.994177521397494,0.0879419789998792,
alpha_tuning,ridge,8,0.1,,8,0.2064858867113431,0.9956641722418388,0.2908321931458112,0.9939864713563789,0.023667478999414,
alpha_tuning,ridge,8,0.1,,9,0.2113126991611132,0.9956779291881008,0.310827055141803,0.9927738188971648,0.0247636329986562,
alpha_tuning,ridge,8,0.1,,10,0.2015250543443107,0.9955748617140808,0.3350221395531336,0.9940984431788628,0.038085697000497,
alpha_tuning,ridge,8,0.1,,11,0.1936359055267706,0.9956704441487289,0.4020340656314022,0.9933132024631448,0.0420709950012678,
alpha_tuning,ridge,8,0.1,,12,0.2049198106260246,0.9957411740581672,0.3248296287210271,0.9930079656587956,0.0277037800005928,
alpha_tuning,ridge,8,0.1,,13,0.2079850650914109,0.9958566279368638,0.3011326534629148,0.9920515490035222,0.0321750020011677,
alpha_tuning,ridge,8,0.1,,14,0.2099769158127817,0.9953753146331348,0.2831155257579373,0.9950511666119148,0.046012991999305,
alpha_tuning,ridge,8,0.1,,15,0.218187931459314,0.9956827290899972,0.2291921077020374,0.9937310576722638,0.013385966001806,
alpha_tuning,ridge,8,0.1333521432163324,,1,0.2203136295480388,0.9954278578728591,0.2819031663780064,0.9938693499810544,0.0182882110020727,
alpha_tuning,ridge,8,0.1333521432163324,,2,0.2149121694019182,0.99559601988062,0.2999251803355321,0.9931302197418158,0.0180864009998913,
alpha_tuning,ridge,8,0.1333521432163324,,3,0.2186190847449798,0.9954175083938852,0.3149904563606885,0.9934119705003484,0.0233892649994231,
alpha_tuning,ridge,8,0.1333521432163324,,4,0.2203016215201054,0.9953575813012931,0.2846350684320597,0.994215801587954,0.0129309440017095,
alpha_tuning,ridge,8,0.1333521432163324,,5,0.2097834657138212,0.995518866587592,0.3287326725860321,0.9935906051165524,0.0125707259976479,
alpha_tuning,ridge,8,0.1333521432163324,,6,0.2232578460239915,0.9955714997232338,0.2587727951274053,0.9930707166076678,0.0072907630019471,
alpha_tuning,ridge,8,0.1333521432163324,,7,0.2130437663395227,0.9954198442923958,0.316500907385407,0.9940074155360088,0.0286249260025215,
alpha_tuning,ridge,8,0.1333521432163324,,8,0.2152196956813485,0.995480778151474,0.2999124514172466,0.9937987191250452,0.0119703110030968,
alpha_tuning,ridge,8,0.1333521432163324,,9,0.2193297395972425,0.9955139531629762,0.3259557449966619,0.9924221035270534,0.0214905979992181,
alpha_tuning,ridge,8,0.1333521432163324,,10,0.2099894785998247,0.9953889977381934,0.3448522291396433,0.9939252819891904,0.012468737000745,
alpha_tuning,ridge,8,0.1333521432163324,,11,0.2015725521056813,0.9954929865922816,0.4157312424563169,0.9930853853300098,0.0119201090019487,
alpha_tuning,ridge,8,0.1333521432163324,,12,0.2133622649632359,0.9955657154559256,0.3368138239748093,0.9927500030305216,0.0178938140015816,
alpha_tuning,ridge,8,0.1333521432163324,,13,0.2166295641668539,0.9956844166487444,0.3119437742269016,0.9917661875104348,0.0243070420001458,
alpha_tuning,ridge,8,0.1333521432163324,,14,0.2191794890020116,0.995172630421868,0.2900555984931917,0.9949298547778992,0.0153348830026516,
alpha_tuning,ridge,8,0.1333521432163324,,15,0.2274662686217259,0.995499139214716,0.2359706601932582,0.9935456483444336,0.1198271219982416,
alpha_tuning,ridge,8,0.1778279410038923,,1,0.2305667034367416,0.9952150770696224,0.291069634662997,0.993670003483152,0.0653762399997504,
alpha_tuning,ridge,8,0.1778279410038923,,2,0.2247882931011203,0.9953936383563498,0.310382589348792,0.9928906929974768,0.0302311440027551,
alpha_tuning,ridge,8,0.1778279410038923,,3,0.2283348767911478,0.9952138549225964,0.330769252957879,0.9930819567638932,0.0267513670005428,
alpha_tuning,ridge,8,0.1778279410038923,,4,0.2300559410711312,0.9951520284090158,0.2948402263845697,0.9940084179414176,0.0307234700012486,
alpha_tuning,ridge,8,0.1778279410038923,,5,0.2199594037357808,0.9953015008589936,0.3401761859039847,0.9933674876663404,0.0338854309993621,
alpha_tuning,ridge,8,0.1778279410038923,,6,0.2334272286756363,0.9953697817783131,0.2689860975146649,0.992797230105433,0.0210668760009866,
alpha_tuning,ridge,8,0.1778279410038923,,7,0.2234376942030151,0.995196388760951,0.3274077787528294,0.9938009063400414,0.0312599970020528,
alpha_tuning,ridge,8,0.1778279410038923,,8,0.2252133062320456,0.99527093052111,0.3104309908298598,0.9935812275971556,0.0359263350001128,
alpha_tuning,ridge,8,0.1778279410038923,,9,0.2285279148938411,0.9953258188713318,0.3426316569082388,0.9920344179715828,0.0156629999983124,
alpha_tuning,ridge,8,0.1778279410038923,,10,0.2197640986186495,0.9951743641512364,0.3566029685968997,0.9937182877389302,0.0199340180006402,
alpha_tuning,ridge,8,0.1778279410038923,,11,0.2107681332329875,0.9952873801890308,0.4314548586407771,0.9928238636159044,0.0154964920002385,
alpha_tuning,ridge,8,0.1778279410038923,,12,0.2230017095263236,0.9953653799371452,0.3501467065114669,0.9924630095905124,0.0121289189992239,
alpha_tuning,ridge,8,0.1778279410038923,,13,0.2264407870435102,0.9954889624859444,0.3244840028449273,0.9914351859019782,0.0164812799994251,
alpha_tuning,ridge,8,0.1778279410038923,,14,0.2297105732603368,0.9949406861099032,0.2995068393275845,0.9947646479561438,0.0216108589993382,
alpha_tuning,ridge,8,0.1778279410038923,,15,0.2379693833178562,0.9952913147432214,0.2444805651742004,0.9933128824604992,0.0363136349988053,
alpha_tuning,ridge,8,0.4216965034285822,,1,0.2721745559959779,0.9943515943341412,0.3321972554073871,0.9927755862542312,0.0181096449996402,
alpha_tuning,ridge,8,0.4216965034285822,,2,0.2650629022364713,0.9945683310764432,0.3538474905876974,0.991895130303738,0.0523505359997216,
alpha_tuning,ridge,8,0.4216965034285822,,3,0.2677031768455757,0.9943886529291068,0.3968556147572604,0.9916997596456404,0.1532437989990285,
alpha_tuning,ridge,8,0.4216965034285822,,4,0.2701525548158683,0.9943070719891812,0.3366211256372006,0.9931593693247376,0.0320445170000311,
alpha_tuning,ridge,8,0.4216965034285822,,5,0.2616203127778744,0.994411592348499,0.3940491133601453,0.9923171118005116,0.0182449310013907,
alpha_tuning,ridge,8,0.4216965034285822,,6,0.274154280165588,0.9945619277117836,0.3112331314267794,0.9916659609922388,0.0148298800013435,
alpha_tuning,ridge,8,0.4216965034285822,,7,0.265585531273533,0.9942902667005004,0.3770161313300108,0.9928616286444604,0.0183947149998857,
alpha_tuning,ridge,8,0.4216965034285822,,8,0.2663109786984844,0.9944079542087148,0.354698517679709,0.9926659092556251,0.1012095549995137,
alpha_tuning,ridge,8,0.4216965034285822,,9,0.2664682576456709,0.9945498084912072,0.4061200448273313,0.9905584248704636,0.0500265359987679,
alpha_tuning,ridge,8,0.4216965034285822,,10,0.2602030199138531,0.9942863960549276,0.4096669152548617,0.9927835438537248,0.0265039170008094,
alpha_tuning,ridge,8,0.4216965034285822,,11,0.2493165528035864,0.9944254659946818,0.4974110301078099,0.9917268531816928,0.0150194790003297,
alpha_tuning,ridge,8,0.4216965034285822,,12,0.2626196621019754,0.9945420043753778,0.4019728954340842,0.991347438655227,0.0269954670002334,
alpha_tuning,ridge,8,0.4216965034285822,,13,0.266345777034133,0.9946939956904476,0.3756122929112558,0.9900856454139156,0.0287837859978026,
alpha_tuning,ridge,8,0.4216965034285822,,14,0.2724904857959748,0.9939984699870807,0.3513309969392257,0.9938587664407756,0.0317231890003313,
alpha_tuning,ridge,8,0.4216965034285822,,15,0.2798952411130971,0.9944617304255844,0.2838197115612411,0.992236864431801,0.0377061830004095,
alpha_tuning,ridge,8,0.5623413251903491,,1,0.2911288316087739,0.9939582385431422,0.3525087213297215,0.9923338654657016,0.0199586790004104,
alpha_tuning,ridge,8,0.5623413251903491,,2,0.2835828422859833,0.9941888204697747,0.3739848225342977,0.9914338851181738,0.0306454970013874,
alpha_tuning,ridge,8,0.5623413251903491,,3,0.2856324273147884,0.9940128365182253,0.4269170537846631,0.99107102425663,0.0372758269986661,
alpha_tuning,ridge,8,0.5623413251903491,,4,0.2884697331845078,0.993921073870877,0.355240904779707,0.9927809883418812,0.0295802049986377,
alpha_tuning,ridge,8,0.5623413251903491,,5,0.2806697428524825,0.994004682121784,0.4214091891300811,0.9917836645825302,0.0446633790015766,
alpha_tuning,ridge,8,0.5623413251903491,,6,0.2926824714429955,0.994194406024814,0.3303914317177927,0.9911529499859372,0.0339373649985645,
alpha_tuning,ridge,8,0.5623413251903491,,7,0.2846515754979076,0.9938803722793864,0.4011007727112987,0.9924056133712198,0.019141862001561,
alpha_tuning,ridge,8,0.5623413251903491,,8,0.2852481800179701,0.994010307452074,0.3755779920542584,0.9922341849824045,0.0600703449999855,
alpha_tuning,ridge,8,0.5623413251903491,,9,0.2839284137244614,0.9941926883026956,0.4333088232552011,0.9899263337006812,0.0312727210002776,
alpha_tuning,ridge,8,0.5623413251903491,,10,0.2787991539858981,0.9938780574236836,0.4358664350423061,0.9923220282210016,0.0193621790022007,
alpha_tuning,ridge,8,0.5623413251903491,,11,0.2672788202734459,0.994023842958837,0.5283476017033629,0.9912123032755324,0.1332672639982774,
alpha_tuning,ridge,8,0.5623413251903491,,12,0.280902377579928,0.9941620367054548,0.4250350163494896,0.9908510210653156,0.0245956899998418,
alpha_tuning,ridge,8,0.5623413251903491,,13,0.2846309306631067,0.9943297282144,0.3985855582404105,0.98947926190951,0.0812365689998841,
alpha_tuning,ridge,8,0.5623413251903491,,14,0.2918088064114654,0.9935729891464034,0.3796109977254875,0.9933644346243504,0.0801382249992457,
alpha_tuning,ridge,8,0.5623413251903491,,15,0.2987202979114391,0.9940892402078576,0.3026517308662469,0.991721764483022,0.0877124300022842,
alpha_tuning,ridge,8,0.7498942093324559,,1,0.3134529709124692,0.9934949483782444,0.3771409480840277,0.9917981795301436,0.0212177530011103,
alpha_tuning,ridge,8,0.7498942093324559,,2,0.3055822072509417,0.9937380094886458,0.3980595906802943,0.9908824530351964,0.0191691719992377,
alpha_tuning,ridge,8,0.7498942093324559,,3,0.3067567249530196,0.9935700484756111,0.4617684546627062,0.990342106753092,0.070620342001348,
alpha_tuning,ridge,8,0.7498942093324559,,4,0.3100810609149709,0.9934656581037687,0.3765254816753376,0.99234845479442,0.0767719899995427,
alpha_tuning,ridge,8,0.7498942093324559,,5,0.3031445273262124,0.9935246037357244,0.4552385684472205,0.991124083504082,0.0708402349991956,
alpha_tuning,ridge,8,0.7498942093324559,,6,0.3145802487322726,0.993760045868998,0.3527813665170007,0.9905534039506472,0.041804532000242,
alpha_tuning,ridge,8,0.7498942093324559,,7,0.3070541696773417,0.9933987465019274,0.429958350944117,0.9918592279708904,0.1077979670008062,
alpha_tuning,ridge,8,0.7498942093324559,,8,0.3076949585446182,0.9935389659625068,0.4007580623448707,0.9917135374148048,0.086500284000067,
alpha_tuning,ridge,8,0.7498942093324559,,9,0.3045909224686209,0.9937700689982322,0.4641632794881657,0.9892090219838258,0.0898260210014996,
alpha_tuning,ridge,8,0.7498942093324559,,10,0.3007907447721804,0.9933951604922164,0.4678393285930019,0.9917588121652589,0.104911146001541,
alpha_tuning,ridge,8,0.7498942093324559,,11,0.2886603478266081,0.993545767792586,0.5652685253940906,0.990598219140135,0.0366750190005404,
alpha_tuning,ridge,8,0.7498942093324559,,12,0.3025845380987031,0.993711418742212,0.4521146109227698,0.9902681264077444,0.0292998129989427,
alpha_tuning,ridge,8,0.7498942093324559,,13,0.3062635992412431,0.993898773258099,0.4253384893502492,0.9887731134414066,0.0311591910030983,
alpha_tuning,ridge,8,0.7498942093324559,,14,0.3143914978792619,0.9930756114114686,0.4149224453812211,0.9927471937624356,0.0149664199998369,
alpha_tuning,ridge,8,0.7498942093324559,,15,0.3208306800872778,0.9936517434630178,0.32487402490642,0.9911139325592938,0.1147308020008495,
alpha_tuning,ridge,8,1.0,,1,0.3397562383274112,0.9929490798485668,0.4066625660635925,0.991156162236932,0.0283133060002001,
alpha_tuning,ridge,8,1.0,,2,0.3317577209855942,0.9932016208680164,0.4270523993718552,0.990218373331866,0.0360999379990971,
alpha_tuning,ridge,8,1.0,,3,0.3316539621319671,0.9930481755544018,0.5017464288155515,0.9895059669027032,0.0224101540006813,
alpha_tuning,ridge,8,1.0,,4,0.3356417950249221,0.9929270164489052,0.4006411036988783,0.9918583902939968,0.0293046489969128,
alpha_tuning,ridge,8,1.0,,5,0.3296605297540149,0.9929582018792272,0.496896514656594,0.9903118666191922,0.0189565069995296,
alpha_tuning,ridge,8,1.0,,6,0.3405038509758843,0.993245830213176,0.3788921986126123,0.9898542216617554,0.0225569610011007,
alpha_tuning,ridge,8,1.0,,7,0.3334256902899559,0.9928317941206052,0.4643030230931488,0.991208950692252,0.0152360489992133,
alpha_tuning,ridge,8,1.0,,8,0.3342956642920657,0.9929803995626264,0.4312776312498632,0.9910824851925044,0.0122705229987332,
alpha_tuning,ridge,8,1.0,,9,0.3290756726437333,0.9932692717224954,0.4990138026610326,0.9883988087549264,0.0398481970005377,
alpha_tuning,ridge,8,1.0,,10,0.3268075308447592,0.9928238773011464,0.5067206056825734,0.9910739020087882,0.0515529969998169,
alpha_tuning,ridge,8,1.0,,11,0.3141057743906196,0.9929768268455617,0.6092196923301044,0.9898672050795526,0.0234418979998736,
alpha_tuning,ridge,8,1.0,,12,0.3282842339148829,0.9931773047836604,0.4839980309814116,0.9895818282740342,0.0366667620000953,
alpha_tuning,ridge,8,1.0,,13,0.3318719302629718,0.993388617188516,0.4564422241020929,0.9879521247221844,0.0256758940013241,
alpha_tuning,ridge,8,1.0,,14,0.3407688914494017,0.9924946563784466,0.4580556365091731,0.991993229542998,0.01811937200182,
alpha_tuning,ridge,8,1.0,,15,0.3469108740366307,0.9931356963016936,0.3509181097196865,0.9904015656837062,0.0228753749979659,
alpha_tuning,ridge,8,1.333521432163324,,1,0.3708524345275157,0.992303744247079,0.4417018600121746,0.9903941500507274,0.0343124620012531,
alpha_tuning,ridge,8,1.333521432163324,,2,0.3629996397956239,0.9925614114759026,0.4623318994695391,0.9894102970875888,0.0247633549988677,
alpha_tuning,ridge,8,1.333521432163324,,3,0.3611036415053774,0.9924308785389612,0.5471986953960273,0.9885553321548514,0.0158177739976963,
alpha_tuning,ridge,8,1.333521432163324,,4,0.3660415190301405,0.9922864027022448,0.427899953369603,0.9913044508379482,0.0149349530001927,
alpha_tuning,ridge,8,1.333521432163324,,5,0.3610072625687712,0.9922886119698984,0.5480920991014908,0.9893136916753544,0.1134598630014807,
alpha_tuning,ridge,8,1.333521432163324,,6,0.371313491174579,0.9926346960354668,0.4093802653675092,0.9890378280585368,0.0348496250007883,
alpha_tuning,ridge,8,1.333521432163324,,7,0.3646051126735746,0.9921614782890564,0.5051020979358062,0.990436466644522,0.0178358810007921,
alpha_tuning,ridge,8,1.333521432163324,,8,0.3658670917377088,0.9923174570552048,0.4685294723731283,0.9903122299769476,0.0369457159977173,
alpha_tuning,ridge,8,1.333521432163324,,9,0.3582320422651257,0.9926729237764332,0.5382786576848232,0.987485970092124,0.0269421779994445,
alpha_tuning,ridge,8,1.333521432163324,,10,0.3576736046225882,0.9921461122200024,0.5539342603417423,0.9902422134938852,0.0173031569975137,
alpha_tuning,ridge,8,1.333521432163324,,11,0.3444523126712943,0.9922983006599272,0.6614612924364482,0.9889983010916183,0.0137352010024187,
alpha_tuning,ridge,8,1.333521432163324,,12,0.3588091484462032,0.992542908833942,0.521632235740465,0.988771743143822,0.0170111449988326,
alpha_tuning,ridge,8,1.333521432163324,,13,0.3622862828222551,0.992782718016587,0.4926423123457954,0.9869966168283564,0.0124558439965767,
alpha_tuning,ridge,8,1.333521432163324,,14,0.3716494539771147,0.9918145202544842,0.5097558655056236,0.9910895142884414,0.0209589170008257,
alpha_tuning,ridge,8,1.333521432163324,,15,0.3778778152394499,0.9925229553790746,0.381494437386932,0.9895652313235844,0.0079787489994487,
alpha_tuning,ridge,8,1.7782794100389228,,1,0.407901011664201,0.9915348796034128,0.4830679809991677,0.989494546070854,0.0326679290010361,
alpha_tuning,ridge,8,1.7782794100389228,,2,0.4005058713256541,0.991792833789163,0.5058135508466202,0.98841435073227,0.015575481000269,
alpha_tuning,ridge,8,1.7782794100389228,,3,0.3962399661468306,0.9916943833106192,0.5986487701021487,0.98747925317189,0.0118138159996306,
alpha_tuning,ridge,8,1.7782794100389228,,4,0.4025354029602352,0.9915173666507784,0.4589230038534089,0.9906740173487308,0.0128775640005187,
alpha_tuning,ridge,8,1.7782794100389228,,5,0.3982611440184146,0.9914928409002488,0.6110060101231443,0.9880870411686442,0.0182254970022768,
alpha_tuning,ridge,8,1.7782794100389228,,6,0.4082132898778756,0.9919027586290986,0.4452180596880007,0.9880781822314684,0.0247750839989748,
alpha_tuning,ridge,8,1.7782794100389228,,7,0.4017792040752266,0.9913622851005688,0.5537896010724106,0.9895146241850574,0.0164886209968244,
alpha_tuning,ridge,8,1.7782794100389228,,8,0.4035126533248931,0.9915269687874548,0.5143832082673798,0.9893641136379876,0.0179957880027359,
alpha_tuning,ridge,8,1.7782794100389228,,9,0.3932758243517588,0.9919561580150924,0.5826135268953969,0.9864552625369534,0.0324830210010986,
alpha_tuning,ridge,8,1.7782794100389228,,10,0.3945282811915635,0.9913368478789942,0.6113208596991534,0.9892313242513672,0.0084816710004815,
alpha_tuning,ridge,8,1.7782794100389228,,11,0.3808540215404807,0.991484385331558,0.7236050674807835,0.9879647000179266,0.0336501070014492,
alpha_tuning,ridge,8,1.7782794100389228,,12,0.3953046930862608,0.9917844259337304,0.566263805132786,0.9878110380901554,0.0149657719994138,
alpha_tuning,ridge,8,1.7782794100389228,,13,0.3986798210748954,0.9920577045661818,0.5350107813447353,0.9858782934059004,0.0226284160016803,
alpha_tuning,ridge,8,1.7782794100389228,,14,0.4080562858912694,0.991012669526486,0.5708259581553917,0.9900220146777806,0.0336259089999657,
alpha_tuning,ridge,8,1.7782794100389228,,15,0.4150110125041217,0.9917882031346495,0.4177955004618094,0.9885723120074108,0.0741639289990416,
alpha_tuning,ridge,8,2.371373705661655,,1,0.4525433087044647,0.9906084234083564,0.5318617982617827,0.988433409296234,0.0523227480007335,
alpha_tuning,ridge,8,2.371373705661655,,2,0.4458873824841852,0.9908628758743284,0.560071141258827,0.9871715817088308,0.0257082540010742,
alpha_tuning,ridge,8,2.371373705661655,,3,0.4387001748962817,0.9908043715789572,0.6569777967879478,0.9862593008186288,0.1411944370011042,
alpha_tuning,ridge,8,2.371373705661655,,4,0.446873998895096,0.9905830188896402,0.4947909357615511,0.9899451288251582,0.0304539669996302,
alpha_tuning,ridge,8,2.371373705661655,,5,0.4428952191600159,0.9905394233143184,0.6883611310223088,0.9865788262650288,0.0210942469966539,
alpha_tuning,ridge,8,2.371373705661655,,6,0.4528850689065515,0.9910166576955132,0.4878420475103964,0.9869368192424136,0.0222130969996214,
alpha_tuning,ridge,8,2.371373705661655,,7,0.4466256573952522,0.9903981464042404,0.6125102654729573,0.988402815236044,0.0240926810001838,
alpha_tuning,ridge,8,2.371373705661655,,8,0.4487338815405086,0.990577405310366,0.5712507839444061,0.988188264460054,0.0247623120012576,
alpha_tuning,ridge,8,2.371373705661655,,9,0.4359182711226941,0.9910839734503774,0.6330506529913307,0.9852826882663208,0.0326513660002092,
alpha_tuning,ridge,8,2.371373705661655,,10,0.4389393785247721,0.9903616577331918,0.6812268622511763,0.9879999004214388,0.023567157000798,
alpha_tuning,ridge,8,2.371373705661655,,11,0.4249036410826815,0.990499468368372,0.7977408862926125,0.9867316422922208,0.0078003499984333,
alpha_tuning,ridge,8,2.371373705661655,,12,0.4394005430190866,0.9908679867224732,0.6196021978948044,0.9866629166107044,0.0325019459996838,
alpha_tuning,ridge,8,2.371373705661655,,13,0.4427012520815138,0.9911807321387052,0.5851002344866475,0.9845561732068436,0.0123463950003497,
alpha_tuning,ridge,8,2.371373705661655,,14,0.4514741070151069,0.9900564036377556,0.6422814041724161,0.9887729800440817,0.014825172998826,
alpha_tuning,ridge,8,2.371373705661655,,15,0.4600748376750502,0.9908965280534356,0.4616864152328739,0.9873717924250824,0.049397978997149,
alpha_tuning,ridge,8,3.1622776601683795,,1,0.5070008309200547,0.9894782730314942,0.5895459277391475,0.9871789316895544,0.034574806002638,
alpha_tuning,ridge,8,3.1622776601683795,,2,0.5012288955245688,0.9897288176035264,0.6283380393787024,0.985607929772482,0.0148084749998815,
alpha_tuning,ridge,8,3.1622776601683795,,3,0.490725132638844,0.9897138724011666,0.723570032692464,0.9848665233368744,0.0166900059994077,
alpha_tuning,ridge,8,3.1622776601683795,,4,0.5014013419076775,0.9894339635397716,0.537160070708947,0.989084126403944,0.0733234379986242,
alpha_tuning,ridge,8,3.1622776601683795,,5,0.4968589884819112,0.9893867164079616,0.7834114927097459,0.9847256021936982,0.0482002859971544,
alpha_tuning,ridge,8,3.1622776601683795,,6,0.5075766312620269,0.9899318062408324,0.5392527303748459,0.9855601707010332,0.0120255229994654,
alpha_tuning,ridge,8,3.1622776601683795,,7,0.5014117839453808,0.9892203180428312,0.6843409766494409,0.98704278247219,0.0087302190004265,
alpha_tuning,ridge,8,3.1622776601683795,,8,0.5035110758404605,0.9894271839400698,0.6420565180880101,0.9867242163923364,0.0243835180008318,
alpha_tuning,ridge,8,3.1622776601683795,,9,0.4884577761301504,0.9900093600363902,0.6910990059053145,0.9839331663893196,0.0177784090010391,
alpha_tuning,ridge,8,3.1622776601683795,,10,0.4929757263194724,0.9891751138950792,0.7665099652058571,0.9864976024579633,0.0085603340012312,
alpha_tuning,ridge,8,3.1622776601683795,,11,0.4787164826282669,0.9892962529711378,0.8865072293394346,0.985255243611654,0.0333540140018158,
alpha_tuning,ridge,8,3.1622776601683795,,12,0.4933078578050927,0.9897476369136196,0.6839582081135811,0.9852776383179442,0.0804477999990922,
alpha_tuning,ridge,8,3.1622776601683795,,13,0.4965589718898374,0.9901078061978932,0.6450490016425231,0.98297381462647,0.0686684540014539,
alpha_tuning,ridge,8,3.1622776601683795,,14,0.5039828983026682,0.9888999115645228,0.7255808034886505,0.987316914194496,0.1014254459987569,
alpha_tuning,ridge,8,3.1622776601683795,,15,0.5153921445297156,0.9898019679734806,0.5158291758082423,0.9858908607869272,0.0271945960012089,
alpha_tuning,ridge,8,4.216965034285822,,1,0.574119680307805,0.9880853636620625,0.6579816694498264,0.9856906348867704,0.025213970002369,
alpha_tuning,ridge,8,4.216965034285822,,2,0.569087841346252,0.988338252103432,0.7143580379735017,0.983637643424752,0.0741280459988047,
alpha_tuning,ridge,8,4.216965034285822,,3,0.5551884806987765,0.9883626511583768,0.8003915616890493,0.983259800056794,0.0178470219980226,
alpha_tuning,ridge,8,4.216965034285822,,4,0.5691033135823321,0.9880072790829209,0.5883500209019422,0.9880438721926476,0.0171776819988735,
alpha_tuning,ridge,8,4.216965034285822,,5,0.5626178610495596,0.987982057179826,0.8998590998855801,0.9824551899108206,0.0298372619981819,
alpha_tuning,ridge,8,4.216965034285822,,6,0.5751241765204922,0.9885919459483532,0.6020379805753037,0.9838789399082704,0.0389487560023553,
alpha_tuning,ridge,8,4.216965034285822,,7,0.5690176699924252,0.9877668820180824,0.7734356286638631,0.9853558766370794,0.0556268820000696,
alpha_tuning,ridge,8,4.216965034285822,,8,0.5703426474635122,0.9880238425883684,0.7301155464637202,0.9849034224708008,0.0175236510003742,
alpha_tuning,ridge,8,4.216965034285822,,9,0.5538164436324571,0.9886725507000949,0.758803398014065,0.9823591586228078,0.0089255109996884,
alpha_tuning,ridge,8,4.216965034285822,,10,0.5592275379167692,0.9877203398027729,0.870451518883774,0.9846666279858708,0.0106244609996792,
alpha_tuning,ridge,8,4.216965034285822,,11,0.5449608718381324,0.9878150773485836,0.9930888082028414,0.9834825345306494,0.024424141000054,
alpha_tuning,ridge,8,4.216965034285822,,12,0.5598386540766822,0.9883649346740138,0.7623115456852682,0.9835910642538532,0.0143126340008166,
alpha_tuning,ridge,8,4.216965034285822,,13,0.5630344351861598,0.9887835160264572,0.7175947665160307,0.981058956006961,0.024135166000633,
alpha_tuning,ridge,8,4.216965034285822,,14,0.5683551081841387,0.9874821308722058,0.8229541190416804,0.985614837581681,0.0262656779996177,
alpha_tuning,ridge,8,4.216965034285822,,15,0.5838437333441143,0.9884475206804736,0.5836969962886803,0.9840345165315912,0.0068297969992272,
alpha_tuning,ridge,8,5.623413251903491,,1,0.6573600004388479,0.986357887358719,0.7394703458883088,0.9839184711960598,0.0062582470018242,
alpha_tuning,ridge,8,5.623413251903491,,2,0.6524383159383621,0.9866302341998108,0.8220784071583744,0.981170310522584,0.0172895710020384,
alpha_tuning,ridge,8,5.623413251903491,,3,0.6355544914922981,0.9866780929675496,0.8899991958229336,0.9813856552211422,0.0186869479985034,
alpha_tuning,ridge,8,5.623413251903491,,4,0.6536013759065941,0.9862266504074172,0.6514322437451594,0.9867619497113174,0.0108585400012088,
alpha_tuning,ridge,8,5.623413251903491,,5,0.6431521219252175,0.9862617844880508,1.041733520062032,0.9796890237867854,0.0146596039994619,
alpha_tuning,ridge,8,5.623413251903491,,6,0.6589095517586157,0.986929995141074,0.6793084996252711,0.9818098301160058,0.0074415419985598,
alpha_tuning,ridge,8,5.623413251903491,,7,0.6528773680488578,0.985964010799222,0.8850506975719189,0.9832425723391196,0.0252678869983355,
alpha_tuning,ridge,8,5.623413251903491,,8,0.6522482403585766,0.9863039742289414,0.8389627303757942,0.9826527924729568,0.0182125100000121,
alpha_tuning,ridge,8,5.623413251903491,,9,0.6355116075320989,0.9870016038769002,0.8387667368549476,0.9805001519549744,0.0240261020007892,
alpha_tuning,ridge,8,5.623413251903491,,10,0.6407868184584443,0.985929440422687,0.9966149670332196,0.9824442054349384,0.0162169840004935,
alpha_tuning,ridge,8,5.623413251903491,,11,0.6268438785130814,0.9859842337883216,1.1211676521595806,0.981352274009198,0.0289941679984622,
alpha_tuning,ridge,8,5.623413251903491,,12,0.6423463606826431,0.9866501860598064,0.858273132009791,0.981525468483974,0.0131491520005511,
alpha_tuning,ridge,8,5.623413251903491,,13,0.6454264858277997,0.987142143744736,0.8059676245266576,0.978726338393964,0.0106247719995735,
alpha_tuning,ridge,8,5.623413251903491,,14,0.6480855063423082,0.9857260901939764,0.93779185213411,0.983607484554261,0.0118351669989351,
alpha_tuning,ridge,8,5.623413251903491,,15,0.6687910073131681,0.9867666743003014,0.6694484832791824,0.9816890120033116,0.0131442519996198,
alpha_tuning,ridge,8,7.498942093324558,,1,0.7607339156059462,0.984212580990917,0.8368390542001797,0.9818009587142864,0.0133102380023046,
alpha_tuning,ridge,8,7.498942093324558,,2,0.7545862929441483,0.9845370178816272,0.9552143123572184,0.9781208352762332,0.0095898630024748,
alpha_tuning,ridge,8,7.498942093324558,,3,0.7357848559203998,0.9845771565181752,0.995501699299463,0.9791790689860514,0.0080284989999199,
alpha_tuning,ridge,8,7.498942093324558,,4,0.7590928679715319,0.9840036269365162,0.7303517043758727,0.9851581915329092,0.0098430399993958,
alpha_tuning,ridge,8,7.498942093324558,,5,0.7419162007702853,0.9841521091037092,1.213265449467154,0.976344616727918,0.0172668919985881,
alpha_tuning,ridge,8,7.498942093324558,,6,0.7627674167309785,0.9848698902356232,0.7745465439861969,0.979259595270865,0.0134636239999963,
alpha_tuning,ridge,8,7.498942093324558,,7,0.7568535809489941,0.9837286614475276,1.0254310730154907,0.9805846297004024,0.016903823998291,
alpha_tuning,ridge,8,7.498942093324558,,8,0.7527456272142065,0.9841937120386716,0.9721908336074084,0.9798980389284722,0.0224166430016339,
alpha_tuning,ridge,8,7.498942093324558,,9,0.7375592572760625,0.9849143787828464,0.9341245928976138,0.9782832498998172,0.0133996299991849,
alpha_tuning,ridge,8,7.498942093324558,,10,0.7412097126447905,0.9837243290270212,1.1487220471413513,0.9797647748237176,0.0609922740004549,
alpha_tuning,ridge,8,7.498942093324558,,11,0.7280726102142984,0.9837208341029092,1.2748891939022144,0.9787955134892358,0.0468419090029783,
alpha_tuning,ridge,8,7.498942093324558,,12,0.7446097837884215,0.9845248565570462,0.97592700476075,0.9789929411345156,0.0336743590014521,
alpha_tuning,ridge,8,7.498942093324558,,13,0.7474492963393001,0.985109697507838,0.9136556754754708,0.9758838927606868,0.0308221080013026,
alpha_tuning,ridge,8,7.498942093324558,,14,0.7473212298389753,0.9835404499461,1.074973602269855,0.981209560161064,0.0144674560033308,
alpha_tuning,ridge,8,7.498942093324558,,15,0.7739415980596734,0.9846860661586722,0.7776479700784779,0.9787295019685364,0.0126992369987419,
alpha_tuning,ridge,8,10.0,,1,0.8887076653702831,0.9815567572288282,0.9535982930731328,0.9792617533580446,0.0100686459991266,
alpha_tuning,ridge,8,10.0,,2,0.8791105234361052,0.981985267382836,1.1167749310201571,0.974420292536377,0.025646082998719,
alpha_tuning,ridge,8,10.0,,3,0.8602418256885229,0.9819684043136266,1.1205390086398717,0.9765639120317454,0.0134391770006914,
alpha_tuning,ridge,8,10.0,,4,0.8902519010573658,0.981239711067443,0.8301090908520421,0.9831309764057504,0.0306768880000163,
alpha_tuning,ridge,8,10.0,,5,0.8627767723363235,0.9815704359311146,1.4187880266470403,0.9723374842933864,0.0141276009999273,
alpha_tuning,ridge,8,10.0,,6,0.8908821401231926,0.98232863088862,0.8914035057029435,0.976130460294742,0.0149386299999605,
alpha_tuning,ridge,8,10.0,,7,0.8850902120877248,0.9809717455887552,1.201587827977051,0.9772493020334764,0.0154163469997001,
alpha_tuning,ridge,8,10.0,,8,0.8758221613430358,0.9816093288561054,1.1333653064300158,0.976565439127688,0.0133303740003611,
alpha_tuning,ridge,8,10.0,,9,0.8643369515206183,0.982321339301218,1.04846777993604,0.97562497236655,0.0262366309980279,
alpha_tuning,ridge,8,10.0,,10,0.8644902260267634,0.9810173042282968,1.330633508525081,0.9765603274185276,0.0203746229999524,
alpha_tuning,ridge,8,10.0,,11,0.8528177532635902,0.9809316248261616,1.458926829964832,0.9757345230988332,0.0167940959981933,
alpha_tuning,ridge,8,10.0,,12,0.8707103491677916,0.9819041223416632,1.119584912178212,0.9759006708080576,0.0270233590017596,
alpha_tuning,ridge,8,10.0,,13,0.8731354537162737,0.9826058421806788,1.0440924607728836,0.9724409901589524,0.0772460419975686,
alpha_tuning,ridge,8,10.0,,14,0.87070044510158,0.9808230557544976,1.2410079565312553,0.9783072948976588,0.0357675699997344,
alpha_tuning,ridge,8,10.0,,15,0.9032117090669406,0.982128206582976,0.9128656580426008,0.9750309806885676,0.0311232040003233,
alpha_tuning,ridge,9,0.001,,1,0.1450008188611774,0.9969908155308178,0.2747571147966001,0.9940247577468692,0.0198869460000423,
alpha_tuning,ridge,9,0.001,,2,0.142166084349197,0.9970867326365634,0.2877273766516809,0.9934096101912832,0.0242814000012003,
alpha_tuning,ridge,9,0.001,,3,0.1499377277662056,0.996857143649055,0.2509758784087459,0.9947508362324334,0.0264055260013265,
alpha_tuning,ridge,9,0.001,,4,0.1506882412051579,0.9968245448952258,0.2387965938439321,0.995147306034626,0.0310596839990466,
alpha_tuning,ridge,9,0.001,,5,0.138419617280464,0.9970432523372726,0.282453806123466,0.994492917404478,0.0190168350018211,
alpha_tuning,ridge,9,0.001,,6,0.1445359562676908,0.9971330121931512,0.2627753801324898,0.99296353746703,0.0078115959986462,
alpha_tuning,ridge,9,0.001,,7,0.1411709196403484,0.9969650142576432,0.288689206779252,0.9945339984338162,0.0119489479984622,
alpha_tuning,ridge,9,0.001,,8,0.1404126388817388,0.997051590174242,0.2796978841532202,0.9942166951336354,0.0275046400020073,
alpha_tuning,ridge,9,0.001,,9,0.1519361597445732,0.9968923834492152,0.228439783603241,0.994689177727285,0.0117998460009403,
alpha_tuning,ridge,9,0.001,,10,0.1455413136447353,0.9968041668998042,0.2744913792567529,0.9951647181474134,0.0117195450002327,
alpha_tuning,ridge,9,0.001,,11,0.1366629168174817,0.9969443181028368,0.3306638624379571,0.9945002613213768,0.0146515809974516,
alpha_tuning,ridge,9,0.001,,12,0.1444754442928084,0.9969973826921256,0.2821901700575459,0.9939257900593568,0.0214613649986858,
alpha_tuning,ridge,9,0.001,,13,0.1419695428149518,0.9971717553986044,0.3044157796485264,0.9919648902924808,0.0188313350008684,
alpha_tuning,ridge,9,0.001,,14,0.1449292183271728,0.996807972759127,0.3182145312203581,0.9944376392200276,0.0281912569989799,
alpha_tuning,ridge,9,0.001,,15,0.1514793544982296,0.9970026875168246,0.2395192498837191,0.9934485860837068,0.0220860800000082,
alpha_tuning,ridge,9,0.0013335214321633,,1,0.1457698436151061,0.996974856053043,0.2719117650557699,0.9940866365957898,0.0101635290011472,
alpha_tuning,ridge,9,0.0013335214321633,,2,0.1429178274062198,0.9970713279180348,0.2862715613043822,0.993442955612702,0.0295140739981434,
alpha_tuning,ridge,9,0.0013335214321633,,3,0.1505994245845748,0.9968432737706796,0.2500295128925753,0.994770629479537,0.0067809860011038,
alpha_tuning,ridge,9,0.0013335214321633,,4,0.1514724572640592,0.99680801910086,0.2366896999322324,0.9951901211820552,0.0073357929977646,
alpha_tuning,ridge,9,0.0013335214321633,,5,0.1392287648166398,0.9970259683342289,0.2815122040239013,0.9945112760897638,0.0089434130022709,
alpha_tuning,ridge,9,0.0013335214321633,,6,0.1454113109431872,0.9971156488238822,0.2584781841434339,0.9930786055474514,0.0147347870006342,
alpha_tuning,ridge,9,0.0013335214321633,,7,0.1418986046035825,0.9969493700053144,0.2870835424039256,0.9945643998613174,0.0202813569994759,
alpha_tuning,ridge,9,0.0013335214321633,,8,0.1412939946022577,0.997033083308428,0.2773215892282853,0.9942658297134156,0.0165315100020961,
alpha_tuning,ridge,9,0.0013335214321633,,9,0.1526733954511154,0.9968773044457224,0.2269442683397485,0.9947239458208512,0.0229701909993309,
alpha_tuning,ridge,9,0.0013335214321633,,10,0.1461795403567337,0.9967901525556944,0.2742697697567264,0.9951686218925756,0.052002459000505,
alpha_tuning,ridge,9,0.0013335214321633,,11,0.1374067635784169,0.9969276862385786,0.3275671320797619,0.9945517674267088,0.0080332020006608,
alpha_tuning,ridge,9,0.0013335214321633,,12,0.1452786265175433,0.9969806902440688,0.279860580629451,0.9939759350210288,0.0172099179981159,
alpha_tuning,ridge,9,0.0013335214321633,,13,0.1429811869984058,0.9971516019407312,0.3002279237618844,0.9920754295080474,0.013791774999845,
alpha_tuning,ridge,9,0.0013335214321633,,14,0.1457101963145095,0.996790771927998,0.3113763787029389,0.994557169497996,0.0109002379977027,
alpha_tuning,ridge,9,0.0013335214321633,,15,0.1522406716524984,0.9969876233820604,0.2361790920600069,0.9935399472434444,0.1021698959993955,
alpha_tuning,ridge,9,0.0017782794100389,,1,0.1466948241006942,0.9969556600448178,0.2687462935671039,0.9941554772480296,0.0386794900005043,
alpha_tuning,ridge,9,0.0017782794100389,,2,0.1438071349669649,0.997053104227732,0.2847889393680567,0.9934769150385068,0.0209548660022846,
alpha_tuning,ridge,9,0.0017782794100389,,3,0.1514007249585103,0.9968264776513388,0.2488271499711806,0.9947957769157068,0.0073601930016593,
alpha_tuning,ridge,9,0.0017782794100389,,4,0.1524205387605882,0.996788040168172,0.2345518707496625,0.9952335649791642,0.0140857789992878,
alpha_tuning,ridge,9,0.0017782794100389,,5,0.1401813984041446,0.9970056193606612,0.2806923637754528,0.9945272607494337,0.0440338589978637,
alpha_tuning,ridge,9,0.0017782794100389,,6,0.1464641685908364,0.997094764539334,0.2542902996820445,0.9931907465406072,0.0094984210008988,
alpha_tuning,ridge,9,0.0017782794100389,,7,0.1427546905496551,0.9969309653037852,0.2854991085904381,0.9945943993122932,0.0080032009973365,
alpha_tuning,ridge,9,0.0017782794100389,,8,0.1423400077700566,0.9970111189359444,0.2750248961080667,0.9943133183690376,0.0079637010021542,
alpha_tuning,ridge,9,0.0017782794100389,,9,0.1535705681118387,0.99685895418194,0.2252100296975519,0.994764263812148,0.0383985869993921,
alpha_tuning,ridge,9,0.0017782794100389,,10,0.1469414018996853,0.9967734234065904,0.274098858920021,0.9951716325593198,0.024404316998698,
alpha_tuning,ridge,9,0.0017782794100389,,11,0.1383108308682978,0.9969074719616128,0.3247783801801761,0.9945981511064196,0.0122135589990648,
alpha_tuning,ridge,9,0.0017782794100389,,12,0.1462248715852968,0.9969610245366411,0.2773736498473726,0.9940294667924406,0.0073140949971275,
alpha_tuning,ridge,9,0.0017782794100389,,13,0.1441307413698895,0.997128701106646,0.2962605059058208,0.992180150221822,0.0067955880003864,
alpha_tuning,ridge,9,0.0017782794100389,,14,0.1466370729418354,0.9967703577183756,0.3047677118861416,0.9946726883869944,0.0111473449978802,
alpha_tuning,ridge,9,0.0017782794100389,,15,0.1531636798199766,0.996969359877363,0.232648195121353,0.9936365255658638,0.0212543769994226,
alpha_tuning,ridge,9,0.0023713737056616,,1,0.1477853145140023,0.996933029229066,0.2653851378010769,0.9942285735169558,0.0229565979971084,
alpha_tuning,ridge,9,0.0023713737056616,,2,0.1448393689928152,0.9970319516883432,0.2832397313164941,0.9935123996179492,0.0130796700032078,
alpha_tuning,ridge,9,0.0023713737056616,,3,0.15235774569224,0.9968064174654484,0.2473844340241365,0.9948259513385402,0.0158098059982876,
alpha_tuning,ridge,9,0.0023713737056616,,4,0.1535421269617785,0.9967644049266268,0.2324637359247533,0.9952759989146764,0.008865114999935,
alpha_tuning,ridge,9,0.0023713737056616,,5,0.1412864963890774,0.9969820136323098,0.2800012248162539,0.9945407360832784,0.0245202190017153,
alpha_tuning,ridge,9,0.0023713737056616,,6,0.1477030881293602,0.9970701895664182,0.2503109954021646,0.9932973022820872,0.0093827220007369,
alpha_tuning,ridge,9,0.0023713737056616,,7,0.1437492309904138,0.9969095840160128,0.2839623394216957,0.9946234962874692,0.0641977350023808,
alpha_tuning,ridge,9,0.0023713737056616,,8,0.1435517609371441,0.9969856743251694,0.2728478027159252,0.9943583340646244,0.0488842359991394,
alpha_tuning,ridge,9,0.0023713737056616,,9,0.1546453309224173,0.996836971589357,0.2233322803592267,0.9948079181741478,0.0341598449995217,
alpha_tuning,ridge,9,0.0023713737056616,,10,0.1478358514580802,0.9967537828561956,0.274000861985757,0.9951733588168044,0.0386433019994001,
alpha_tuning,ridge,9,0.0023713737056616,,11,0.139383965578536,0.9968834774619808,0.3224257856560741,0.9946372804355332,0.009488224000961,
alpha_tuning,ridge,9,0.0023713737056616,,12,0.1473199686127765,0.9969382652552656,0.2747480713573841,0.9940859829884532,0.0166261160011345,
alpha_tuning,ridge,9,0.0023713737056616,,13,0.1454214481521613,0.9971029883064456,0.2925524324894403,0.9922780254920808,0.0222656900004949,
alpha_tuning,ridge,9,0.0023713737056616,,14,0.1477166314486542,0.9967465807312252,0.2986083117241358,0.9947803541361288,0.010667539001588,
alpha_tuning,ridge,9,0.0023713737056616,,15,0.1542612614672959,0.9969476420981732,0.2290021418992758,0.9937362536830412,0.027328354997735,
alpha_tuning,ridge,9,0.0031622776601683,,1,0.1490513157032374,0.9969067560593932,0.2619706343855366,0.9943028299564918,0.0081464060021971,
alpha_tuning,ridge,9,0.0031622776601683,,2,0.1460207482788375,0.9970077428643218,0.2815725575157713,0.9935505862005174,0.0071265919978031,
alpha_tuning,ridge,9,0.0031622776601683,,3,0.1534874196539269,0.996782738281844,0.2457537957159783,0.9948600561600054,0.0103484340033901,
alpha_tuning,ridge,9,0.0031622776601683,,4,0.1548437626412227,0.996736975542424,0.2305127023891454,0.995315646752663,0.0141049829981056,
alpha_tuning,ridge,9,0.0031622776601683,,5,0.1425551091148824,0.9969549151054852,0.2794486458119643,0.994551509874076,0.0195787550001114,
alpha_tuning,ridge,9,0.0031622776601683,,6,0.1491347559431374,0.9970417912752833,0.246602808071347,0.9933965981948374,0.0101376320017152,
alpha_tuning,ridge,9,0.0031622776601683,,7,0.144895126118714,0.9968849488051248,0.282493763330811,0.994651302104328,0.0212886770023033,
alpha_tuning,ridge,9,0.0031622776601683,,8,0.1449285495558822,0.996956764270321,0.2708166514839901,0.9944003321184872,0.0313991179973527,
alpha_tuning,ridge,9,0.0031622776601683,,9,0.1559146312223132,0.9968110100366464,0.2214470315680223,0.9948517468852068,0.0141898889996809,
alpha_tuning,ridge,9,0.0031622776601683,,10,0.1488722273386203,0.9967310258516012,0.27400400416021,0.9951733034660712,0.0217177890008315,
alpha_tuning,ridge,9,0.0031622776601683,,11,0.1406317211316814,0.9968555785692552,0.3206130114840034,0.9946674312483744,0.0114903530011361,
alpha_tuning,ridge,9,0.0031622776601683,,12,0.1485708851642288,0.9969122675938188,0.2720329821061595,0.994144425924705,0.0494014590003644,
alpha_tuning,ridge,9,0.0031622776601683,,13,0.1468590350773875,0.99707434943518,0.2891380309031156,0.99236814924113,0.0238843180013645,
alpha_tuning,ridge,9,0.0031622776601683,,14,0.1489551046295264,0.996719303690915,0.2931005948090375,0.9948766285219596,0.0435577799980819,
alpha_tuning,ridge,9,0.0031622776601683,,15,0.1555469881502905,0.9969222015049672,0.2253193859847014,0.9938369857050428,0.0309519119982724,
alpha_tuning,ridge,9,0.0042169650342858,,1,0.1505043066823929,0.9968766023132098,0.25863692622877,0.9943753293123416,0.0365823880019888,
alpha_tuning,ridge,9,0.0042169650342858,,2,0.1473599455325343,0.996980300034548,0.2797392348382599,0.993592578419786,0.0169783269993786,
alpha_tuning,ridge,9,0.0042169650342858,,3,0.1548060280241641,0.9967550988294356,0.2440220204082153,0.9948962762631351,0.0118796579990885,
alpha_tuning,ridge,9,0.0042169650342858,,4,0.1563289375386099,0.996705678434092,0.2287823595869128,0.9953508098340924,0.0706302409998897,
alpha_tuning,ridge,9,0.0042169650342858,,5,0.1440002436148645,0.9969240459401232,0.279050411456629,0.9945592743631348,0.0329419390000111,
alpha_tuning,ridge,9,0.0042169650342858,,6,0.1507648807197982,0.9970094564294842,0.2431846544146283,0.9934881277366282,0.1215356200009409,
alpha_tuning,ridge,9,0.0042169650342858,,7,0.1462083956573583,0.9968567152685308,0.2811174054567307,0.9946773618742076,0.0265957539995724,
alpha_tuning,ridge,9,0.0042169650342858,,8,0.1464705483096556,0.996924385103366,0.2689496392089449,0.9944389362759998,0.0262612500009709,
alpha_tuning,ridge,9,0.0042169650342858,,9,0.1573921076077475,0.9967807905676505,0.2197205719033944,0.994891884028988,0.0519175920017005,
alpha_tuning,ridge,9,0.0042169650342858,,10,0.150060127076264,0.9967049416476992,0.274134824752593,0.9951709990059528,0.024246523000329,
alpha_tuning,ridge,9,0.0042169650342858,,11,0.1420565661614352,0.99682372008661,0.3194154252056184,0.994687350000692,0.0205922770001052,
alpha_tuning,ridge,9,0.0042169650342858,,12,0.149986878604142,0.9968828391575104,0.2693105952354222,0.9942030259439372,0.015644314000383,
alpha_tuning,ridge,9,0.0042169650342858,,13,0.1484511762647215,0.9970426316129736,0.2860497224764526,0.992449665702095,0.0332405529989046,
alpha_tuning,ridge,9,0.0042169650342858,,14,0.1503581108303288,0.9966884028548808,0.2883946298627393,0.9949588883570112,0.0289065940014552,
alpha_tuning,ridge,9,0.0042169650342858,,15,0.1570360773895939,0.9968927369896192,0.2216738000563226,0.9939367010406402,0.0106915459982701,
alpha_tuning,ridge,9,0.0056234132519034,,1,0.1521573491399524,0.996842296922873,0.2554913359690934,0.9944437376003112,0.0141057399996498,
alpha_tuning,ridge,9,0.0056234132519034,,2,0.1488689315855436,0.996949377892743,0.2777134482838251,0.9936389790203072,0.0343658239980868,
alpha_tuning,ridge,9,0.0056234132519034,,3,0.1563271827773586,0.996723213786571,0.2423025712497119,0.9949322385646928,0.0258370409974304,
alpha_tuning,ridge,9,0.0056234132519034,,4,0.1579983084552107,0.9966704997608492,0.2273422422141354,0.9953800751128464,0.0369197590007388,
alpha_tuning,ridge,9,0.0056234132519034,,5,0.1456349497819278,0.9968891273806468,0.2788275370982658,0.994563619808207,0.1679744180000852,
alpha_tuning,ridge,9,0.0056234132519034,,6,0.1525988923224785,0.996973077323286,0.2400328997853657,0.9935725237837416,0.0476657850012998,
alpha_tuning,ridge,9,0.0056234132519034,,7,0.1477066378101326,0.9968245050684142,0.2798698596142963,0.9947009827348718,0.0138663459983945,
alpha_tuning,ridge,9,0.0056234132519034,,8,0.1481805904783125,0.9968884773305852,0.2672653029518678,0.9944737632468996,0.033538245003001,
alpha_tuning,ridge,9,0.0056234132519034,,9,0.1590844796784231,0.9967461757434652,0.2183301022911298,0.9949242099963388,0.0619511209988559,
alpha_tuning,ridge,9,0.0056234132519034,,10,0.1514088820700752,0.9966753253432608,0.2744104327244878,0.9951661440548484,0.0245282750001933,
alpha_tuning,ridge,9,0.0056234132519034,,11,0.143657634548246,0.9967879213798384,0.3188810220853293,0.9946962384153162,0.0194818029995076,
alpha_tuning,ridge,9,0.0056234132519034,,12,0.1515795578073802,0.9968497386803672,0.2666944358907825,0.9942593393906256,0.0376553400019474,
alpha_tuning,ridge,9,0.0056234132519034,,13,0.1502060880227732,0.9970076711587296,0.2833187341460604,0.9925217506343216,0.0401573800008918,
alpha_tuning,ridge,9,0.0056234132519034,,14,0.1519304656501369,0.9966537721608424,0.2845599001952924,0.9950259190794054,0.0430733150024025,
alpha_tuning,ridge,9,0.0056234132519034,,15,0.1587451909213853,0.9968589188674006,0.2181320594273083,0.9940335759634538,0.0446558759977051,
alpha_tuning,ridge,9,0.0074989420933245,,1,0.154024219088762,0.9968035539964532,0.2526103668301099,0.9945063910771536,0.035145015001035,
alpha_tuning,ridge,9,0.0074989420933245,,2,0.1505627211142072,0.996914668758163,0.2755084994600109,0.9936894833290256,0.0415929529990535,
alpha_tuning,ridge,9,0.0074989420933245,,3,0.1580600562271809,0.9966868908916712,0.2407248082998344,0.9949652374973504,0.0145436340026208,
alpha_tuning,ridge,9,0.0074989420933245,,4,0.159850275757336,0.9966314732317956,0.2262410709916348,0.995402452513044,0.0576961469996604,
alpha_tuning,ridge,9,0.0074989420933245,,5,0.1474692409792743,0.9968499455340484,0.2788015853373353,0.994564125797108,0.1412108440017618,
alpha_tuning,ridge,9,0.0074989420933245,,6,0.1546427478781944,0.9969325357922476,0.2370918430272092,0.9936512778727878,0.0427544230005878,
alpha_tuning,ridge,9,0.0074989420933245,,7,0.1494060138285615,0.9967879707595072,0.2788028642664389,0.9947211850774104,0.0626816219992179,
alpha_tuning,ridge,9,0.0074989420933245,,8,0.1500643518592683,0.9968489217705642,0.2657902214389959,0.9945042634636514,0.0766001709998818,
alpha_tuning,ridge,9,0.0074989420933245,,9,0.1609888601809075,0.9967072246183448,0.2174386091564868,0.9949449356401856,0.1454673580010421,
alpha_tuning,ridge,9,0.0074989420933245,,10,0.1529268716211738,0.9966419929434652,0.2748342194173548,0.9951586788728416,0.0218188569997437,
alpha_tuning,ridge,9,0.0074989420933245,,11,0.1454303454825739,0.9967482848724591,0.3190341958995302,0.9946936907648282,0.0401596010015055,
alpha_tuning,ridge,9,0.0074989420933245,,12,0.1533617614795956,0.9968126993369788,0.2643248121997775,0.9943103460992452,0.0275253149993659,
alpha_tuning,ridge,9,0.0074989420933245,,13,0.1521307715796223,0.9969693285975638,0.2809752143269392,0.9925836082649284,0.0307370350019482,
alpha_tuning,ridge,9,0.0074989420933245,,14,0.1536764248302999,0.996615317877235,0.28157708726418,0.995078058375491,0.0547809370000322,
alpha_tuning,ridge,9,0.0074989420933245,,15,0.1606908801664445,0.9968204196363872,0.2147561535977037,0.994125914915095,0.0363183969966485,
alpha_tuning,ridge,9,0.01,,1,0.156118100041129,0.996760099938113,0.2500508677496292,0.9945620534284776,0.0175970630007213,
alpha_tuning,ridge,9,0.01,,2,0.1524580709229039,0.9968758292503772,0.2731879600480502,0.9937426352378544,0.0101888469980622,
alpha_tuning,ridge,9,0.01,,3,0.1600087144977936,0.9966460449143922,0.2394223825626446,0.9949924777486168,0.1760963189990434,
alpha_tuning,ridge,9,0.01,,4,0.1618823444764228,0.9965886514234338,0.2255053741681234,0.995417402942103,0.0124272900029609,
alpha_tuning,ridge,9,0.01,,5,0.1495076439482588,0.9968064037057104,0.2789883090773951,0.9945604851909744,0.0129597779996402,
alpha_tuning,ridge,9,0.01,,6,0.1569042031469435,0.996887677994585,0.234293593144152,0.9937262079535668,0.0417244630007189,
alpha_tuning,ridge,9,0.01,,7,0.1513182048634035,0.9967468612127096,0.2779781718716999,0.9947367996893024,0.0612357770005473,
alpha_tuning,ridge,9,0.01,,8,0.1521292901504838,0.996805561825221,0.2645628349497604,0.9945296420977358,0.0728446879984403,
alpha_tuning,ridge,9,0.01,,9,0.1630932432009763,0.99666418275449,0.2171725929974294,0.9949511200469476,0.0469309450018045,
alpha_tuning,ridge,9,0.01,,10,0.1546211367929167,0.996604789838857,0.2753965082189179,0.995148773917555,0.0519652229995699,
alpha_tuning,ridge,9,0.01,,11,0.1473669401044622,0.9967049840468508,0.3198806685164428,0.9946796118807392,0.0608828650001669,
alpha_tuning,ridge,9,0.01,,12,0.1553455013943528,0.996771471487973,0.2623620692398424,0.9943525946042012,0.0631729630003974,
alpha_tuning,ridge,9,0.01,,13,0.1542296633351355,0.996927515549788,0.2790482103404825,0.9926344718845996,0.0466878899969742,
alpha_tuning,ridge,9,0.01,,14,0.1556008329425004,0.9965729333036646,0.2793536744922278,0.99511692342654,0.016292071002681,
alpha_tuning,ridge,9,0.01,,15,0.1628872983825908,0.9967769592469544,0.2116086715954539,0.99421200593868,0.0616498470008082,
alpha_tuning,ridge,9,0.0133352143216332,,1,0.1584506189434082,0.9967116934552398,0.2478703796743348,0.994609473290524,0.0388526079987059,
alpha_tuning,ridge,9,0.0133352143216332,,2,0.1545716111614045,0.9968325185843604,0.2708640977621758,0.9937958632570436,0.0138221449997217,
alpha_tuning,ridge,9,0.0133352143216332,,3,0.1621730794790581,0.9966006774920064,0.2385230535327347,0.9950112872269968,0.0196586060010304,
alpha_tuning,ridge,9,0.0133352143216332,,4,0.1640935632059034,0.9965420543847654,0.2251437213768579,0.9954247522526164,0.0262594749983691,
alpha_tuning,ridge,9,0.0133352143216332,,5,0.151749333064019,0.996758519531604,0.2793938966708494,0.99455257733373,0.0323269389991764,
alpha_tuning,ridge,9,0.0133352143216332,,6,0.1593944010374245,0.9968382829016752,0.2315844026999045,0.993798753246988,0.0239857509986904,
alpha_tuning,ridge,9,0.0133352143216332,,7,0.1534490785962093,0.9967010502807252,0.2774582695653337,0.99474664344776,0.0093542979993799,
alpha_tuning,ridge,9,0.0133352143216332,,8,0.1543835306902802,0.9967582268772412,0.2636326423741142,0.9945488756620714,0.0205377160018542,
alpha_tuning,ridge,9,0.0133352143216332,,9,0.1653810795765111,0.9966173886391324,0.2176124652823391,0.994940893791735,0.0070954740003799,
alpha_tuning,ridge,9,0.0133352143216332,,10,0.1564979382229651,0.996563578556765,0.2760794797245587,0.9951367430853444,0.00772508099908,
alpha_tuning,ridge,9,0.0133352143216332,,11,0.1494588963086074,0.9966582094509944,0.3214128446058987,0.9946541280917351,0.0077275809999264,
alpha_tuning,ridge,9,0.0133352143216332,,12,0.1575397054583915,0.9967258695856432,0.260976868514613,0.9943824113763916,0.0067168700006732,
alpha_tuning,ridge,9,0.0133352143216332,,13,0.1565045906959048,0.9968821956107426,0.2775647892915978,0.9926736270521932,0.0068157710011291,
alpha_tuning,ridge,9,0.0133352143216332,,14,0.1577112631018889,0.9965264516442968,0.2777566097457062,0.99514483997163,0.0081940860000031,
alpha_tuning,ridge,9,0.0133352143216332,,15,0.1653442724204643,0.996728343255825,0.208757392999153,0.9942899951035764,0.0080415839984198,
alpha_tuning,ridge,9,0.0177827941003892,,1,0.1610317754715988,0.996658127025766,0.2461471822200658,0.9946469482882028,0.0291355080007633,
alpha_tuning,ridge,9,0.0177827941003892,,2,0.1569182831271499,0.99678443058305,0.2686831041252999,0.9938458188726844,0.0645933970008627,
alpha_tuning,ridge,9,0.0177827941003892,,3,0.1645515041091898,0.996550823148704,0.2381419721476018,0.9950192575491332,0.0314578389989037,
alpha_tuning,ridge,9,0.0177827941003892,,4,0.1664878218080986,0.9964916001446756,0.2251553807849374,0.9954245153164932,0.0396461279997311,
alpha_tuning,ridge,9,0.0177827941003892,,5,0.1541915963555051,0.9967063509414812,0.2800175273554419,0.994540418228012,0.0243307620003179,
alpha_tuning,ridge,9,0.0177827941003892,,6,0.1621290526465551,0.9967840388711806,0.2289511673385185,0.9938692646546836,0.0249770689988508,
alpha_tuning,ridge,9,0.0177827941003892,,7,0.1558000892917255,0.996650506698809,0.2772981898829158,0.994749674374356,0.0168956819979939,
alpha_tuning,ridge,9,0.0177827941003892,,8,0.1568359120393619,0.996706731332939,0.2630564798316644,0.9945607889578963,0.0117246270019677,
alpha_tuning,ridge,9,0.0177827941003892,,9,0.1678386463052477,0.9965671229548232,0.2188003202652443,0.9949132782573458,0.0172609860019292,
alpha_tuning,ridge,9,0.0177827941003892,,10,0.1585648719358691,0.9965181923017548,0.2768649088585636,0.9951229074186346,0.0179856949980603,
alpha_tuning,ridge,9,0.0177827941003892,,11,0.1517011642055928,0.9966080739966888,0.3236157832504233,0.99461748790136,0.0078444850005325,
alpha_tuning,ridge,9,0.0177827941003892,,12,0.1599489701636276,0.9966757981016025,0.260337227985262,0.9943961797895898,0.024343561999558,
alpha_tuning,ridge,9,0.0177827941003892,,13,0.1589568028690184,0.9968333438943634,0.2765478810968884,0.992700468528402,0.0076760820011259,
alpha_tuning,ridge,9,0.0177827941003892,,14,0.1600207366239283,0.996475586108144,0.2766499326490689,0.9951641845856388,0.0084516909992089,
alpha_tuning,ridge,9,0.0177827941003892,,15,0.1680667195477692,0.9966744743653316,0.206276481487985,0.9943578538590094,0.0118369279989565,
alpha_tuning,ridge,9,0.0237137370566165,,1,0.1638710066202436,0.9965992048048846,0.2449913597165872,0.9946720843778178,0.022666944998491,
alpha_tuning,ridge,9,0.0237137370566165,,2,0.1595112780218661,0.9967312949323432,0.266801981124239,0.9938889059574082,0.0821008860002621,
alpha_tuning,ridge,9,0.0237137370566165,,3,0.1671446138729384,0.9964964687736504,0.2383799027648613,0.9950142812271726,0.0628207780027878,
alpha_tuning,ridge,9,0.0237137370566165,,4,0.1690773430527599,0.9964370311325912,0.2255414740688928,0.9954166693396348,0.0393872249987907,
alpha_tuning,ridge,9,0.0237137370566165,,5,0.156835662643452,0.996649871686802,0.2808606929443139,0.9945239787875124,0.0488381270006357,
alpha_tuning,ridge,9,0.0237137370566165,,6,0.165128588980249,0.996724540637544,0.2264402593225537,0.993936500444312,0.0470737100004043,
alpha_tuning,ridge,9,0.0237137370566165,,7,0.1583724302184415,0.9965952048132865,0.2775425983243273,0.9947450467786848,0.0325701609981479,
alpha_tuning,ridge,9,0.0237137370566165,,8,0.1594978124813057,0.9966508362690708,0.2628948260747678,0.9945641314678398,0.0330542659976345,
alpha_tuning,ridge,9,0.0237137370566165,,9,0.1704625753473179,0.9965134545895508,0.220761779432256,0.9948676777893936,0.0389055320010811,
alpha_tuning,ridge,9,0.0237137370566165,,10,0.1608348231883083,0.99646834813609,0.2777439545263085,0.99510742265705,0.0226291510007285,
alpha_tuning,ridge,9,0.0237137370566165,,11,0.1540970939283979,0.9965545027774336,0.3264744502665285,0.9945699413643968,0.017117089999374,
alpha_tuning,ridge,9,0.0237137370566165,,12,0.1625746879619725,0.9966212280966752,0.2605943209382404,0.9943906458031636,0.0275222049967851,
alpha_tuning,ridge,9,0.0237137370566165,,13,0.1615914350343576,0.9967808581002238,0.2760146458094971,0.9927145433705112,0.0192511139975977,
alpha_tuning,ridge,9,0.0237137370566165,,14,0.1625504474992466,0.9964198699032354,0.2759268252343159,0.9951768244368364,0.0223938480012293,
alpha_tuning,ridge,9,0.0237137370566165,,15,0.1710560515724864,0.9966153246401186,0.2042437187374098,0.9944134546935108,0.045691805997194,
alpha_tuning,ridge,9,0.0316227766016837,,1,0.1669796645058573,0.9965346912034936,0.2445425107472611,0.9946818456585358,0.0244259699975373,
alpha_tuning,ridge,9,0.0316227766016837,,2,0.162364737794674,0.9966728218354224,0.2653662200939409,0.9939217920350972,0.0288339200014888,
alpha_tuning,ridge,9,0.0316227766016837,,3,0.1699601837811471,0.9964374513942396,0.2393269799082943,0.9949944730963756,0.0093028029987181,
alpha_tuning,ridge,9,0.0316227766016837,,4,0.171885832076395,0.996377847809888,0.2263166887767894,0.9954009158497116,0.0316334509989246,
alpha_tuning,ridge,9,0.0316227766016837,,5,0.1596931139955605,0.9965888343658448,0.2819399502379244,0.9945029361995604,0.0274683040006493,
alpha_tuning,ridge,9,0.0316227766016837,,6,0.1684176350583408,0.996659299743544,0.2241627721106265,0.9939974858129867,0.0201478239978314,
alpha_tuning,ridge,9,0.0316227766016837,,7,0.1611734333429169,0.996534986996694,0.2782303748913388,0.9947320245121638,0.0282439130023703,
alpha_tuning,ridge,9,0.0316227766016837,,8,0.1623868424519897,0.9965901718985388,0.2632108988804849,0.9945575960397977,0.0246381730030407,
alpha_tuning,ridge,9,0.0316227766016837,,9,0.1732654316448405,0.9964561265470736,0.2235331025468108,0.994803249412298,0.0168646870006341,
alpha_tuning,ridge,9,0.0316227766016837,,10,0.1633314824922552,0.9964135258574968,0.2787291120112688,0.995090068690882,0.019870219999575,
alpha_tuning,ridge,9,0.0316227766016837,,11,0.1566628642975333,0.9964971340467508,0.3299830028217491,0.994511585661262,0.0200799220001499,
alpha_tuning,ridge,9,0.0316227766016837,,12,0.1654195302066904,0.99656210405242,0.2618711176700549,0.9943631624524892,0.023750063002808,
alpha_tuning,ridge,9,0.0316227766016837,,13,0.1644241549977744,0.996724426102311,0.2759794260871279,0.99271547300147,0.022593951998715,
alpha_tuning,ridge,9,0.0316227766016837,,14,0.1653323016212947,0.996358600310808,0.2755313585499561,0.995183737158158,0.0203422310005407,
alpha_tuning,ridge,9,0.0316227766016837,,15,0.1743140264197592,0.996550859296231,0.2027356626604642,0.9944547035683876,0.024227174999396,
alpha_tuning,ridge,9,0.0421696503428582,,1,0.1703754158790797,0.996464219585652,0.2449552732832901,0.9946728691625218,0.1188601519970689,
alpha_tuning,ridge,9,0.0421696503428582,,2,0.1655000279852062,0.996608573469655,0.2644975167857232,0.9939416896670012,0.0896689199980755,
alpha_tuning,ridge,9,0.0421696503428582,,3,0.1730191654436633,0.9963733318421516,0.2410716493222947,0.9949579833128458,0.0400436560012167,
alpha_tuning,ridge,9,0.0421696503428582,,4,0.1749514032858412,0.9963132469912164,0.2275199742290952,0.9953764633399036,0.0524196959995606,
alpha_tuning,ridge,9,0.0421696503428582,,5,0.1627918489178171,0.9965226430454324,0.2832983413419619,0.994476451259918,0.0254392890019516,
alpha_tuning,ridge,9,0.0421696503428582,,6,0.1720253864016167,0.9965877370723693,0.2222850812080452,0.9940477656439124,0.0428543870002613,
alpha_tuning,ridge,9,0.0421696503428582,,7,0.1642246718647812,0.9964693894541268,0.2794071367112595,0.9947097438664048,0.0200698279986681,
alpha_tuning,ridge,9,0.0421696503428582,,8,0.1655323526081288,0.9965241219109788,0.2640742244730301,0.9945397450820912,0.0257121920003555,
alpha_tuning,ridge,9,0.0421696503428582,,9,0.1762790026035733,0.9963944886657158,0.2271842475223379,0.9947183667278938,0.0281938199987052,
alpha_tuning,ridge,9,0.0421696503428582,,10,0.1660956114120891,0.9963528304132,0.2798678672060254,0.9950700090360302,0.0287421269968035,
alpha_tuning,ridge,9,0.0421696503428582,,11,0.159431237572274,0.9964352352647168,0.3341566461542781,0.9944421678921188,0.0284101229990483,
alpha_tuning,ridge,9,0.0421696503428582,,12,0.168495407616301,0.9964981784296804,0.2642579973926744,0.9943117843037208,0.0362824120020377,
alpha_tuning,ridge,9,0.0421696503428582,,13,0.1674891058014444,0.9966633677204064,0.2764649065524076,0.9927026586565504,0.0082565939992491,
alpha_tuning,ridge,9,0.0421696503428582,,14,0.168411684381935,0.9962907777297544,0.2754712481383898,0.9951847878826316,0.007451884997863,
alpha_tuning,ridge,9,0.0421696503428582,,15,0.1778493988724214,0.9964809051033304,0.2018240489418382,0.9944796383442162,0.010600819998217,
alpha_tuning,ridge,9,0.0562341325190349,,1,0.1740889645598838,0.9963871527586948,0.2463782545206247,0.9946419230753896,0.0116987340006744,
alpha_tuning,ridge,9,0.0562341325190349,,2,0.1689553644408651,0.996537766715906,0.264296677456658,0.9939462898878172,0.0211396410013549,
alpha_tuning,ridge,9,0.0562341325190349,,3,0.176363086014993,0.996303239663477,0.2437136643907634,0.9949027255332588,0.0104891219998535,
alpha_tuning,ridge,9,0.0562341325190349,,4,0.1783299963374464,0.99624204985953,0.22922294200971,0.9953418565587132,0.0132841550002922,
alpha_tuning,ridge,9,0.0562341325190349,,5,0.1661820087421725,0.9964502266688096,0.2850127400198952,0.994443025138845,0.013566259000072,
alpha_tuning,ridge,9,0.0562341325190349,,6,0.1759889810262437,0.9965091159613768,0.2210089602162118,0.994081936948477,0.0110667289991397,
alpha_tuning,ridge,9,0.0562341325190349,,7,0.1675711412750639,0.9963974448427768,0.2811445484050293,0.9946768479533736,0.0080426940003235,
alpha_tuning,ridge,9,0.0562341325190349,,8,0.1689826898159664,0.996451671110205,0.265568961232478,0.994508838454388,0.0281982289998268,
alpha_tuning,ridge,9,0.0562341325190349,,9,0.1795564842273999,0.996327452904405,0.2318314981654882,0.994610326342663,0.0201480350006022,
alpha_tuning,ridge,9,0.0562341325190349,,10,0.169191049205022,0.9962848600045886,0.281255552414641,0.9950455643735984,0.0165813940002408,
alpha_tuning,ridge,9,0.0562341325190349,,11,0.1624555474293247,0.9963676139297064,0.3390458860947024,0.9943608480230192,0.038458647999505,
alpha_tuning,ridge,9,0.0562341325190349,,12,0.1718339756905842,0.9964287933356776,0.2678171346505266,0.9942351730351306,0.0564438580004207,
alpha_tuning,ridge,9,0.0562341325190349,,13,0.1708468472918957,0.9965964765122292,0.2775212772742878,0.9926747755597808,0.0447759219969157,
alpha_tuning,ridge,9,0.0562341325190349,,14,0.1718511435289053,0.9962150245626724,0.2758263431321019,0.9951785808547544,0.0202291360001254,
alpha_tuning,ridge,9,0.0562341325190349,,15,0.18168730241114,0.9964049647468116,0.201576306491324,0.9944864146819792,0.0230988690018421,
alpha_tuning,ridge,9,0.0749894209332455,,1,0.1781728684936696,0.9963023999939332,0.2489340528436779,0.9945863412057744,0.0070989830019243,
alpha_tuning,ridge,9,0.0749894209332455,,2,0.172797306856475,0.9964590376329264,0.2648608780207055,0.9939333668851796,0.0124247449966787,
alpha_tuning,ridge,9,0.0749894209332455,,3,0.1800626703143726,0.9962256923897896,0.2473796138518239,0.994826052152507,0.0174514029968122,
alpha_tuning,ridge,9,0.0749894209332455,,4,0.1821000423888719,0.9961626036341078,0.2315349580792096,0.9952948730308172,0.0301146509991667,
alpha_tuning,ridge,9,0.0749894209332455,,5,0.1699429599328112,0.9963698899083054,0.2871980988661158,0.99440041657275,0.0079866929991112,
alpha_tuning,ridge,9,0.0749894209332455,,6,0.1803611780990016,0.9964223898897444,0.2205487339023105,0.9940942606494751,0.0134263559993996,
alpha_tuning,ridge,9,0.0749894209332455,,7,0.1712905583025539,0.996317482357039,0.2835635786841646,0.9946310463681952,0.0270535160016152,
alpha_tuning,ridge,9,0.0749894209332455,,8,0.172813800419288,0.9963712247612412,0.267805936126151,0.9944625845907678,0.008170594999683,
alpha_tuning,ridge,9,0.0749894209332455,,9,0.1831750630734231,0.99625344053282,0.2376371259521202,0.9944753557308456,0.0199539329987601,
alpha_tuning,ridge,9,0.0749894209332455,,10,0.1727098342504461,0.996207593629571,0.2830434538875757,0.9950140697322378,0.0150111750008363,
alpha_tuning,ridge,9,0.0749894209332455,,11,0.1658150016250975,0.99629249901478,0.3447518198895041,0.9942659445625758,0.0093650089984294,
alpha_tuning,ridge,9,0.0749894209332455,,12,0.1754978887989816,0.9963526466315256,0.2725940674408587,0.9941323484305922,0.0186038160027237,
alpha_tuning,ridge,9,0.0749894209332455,,13,0.1745909975785519,0.996521887465698,0.279248294078974,0.9926291906380386,0.0175806049992388,
alpha_tuning,ridge,9,0.0749894209332455,,14,0.1757354159197025,0.9961294745029572,0.2767576334116053,0.9951623019862011,0.0172888019988022,
alpha_tuning,ridge,9,0.0749894209332455,,15,0.185880512201733,0.99632199396778,0.2020610901274965,0.9944731547111754,0.0143266670020238,
alpha_tuning,ridge,9,0.1,,1,0.1827115718435731,0.9962082088318556,0.252708067724782,0.994504266340495,0.0123230440003681,
alpha_tuning,ridge,9,0.1,,2,0.1771317719329479,0.9963702157757092,0.2663093734405935,0.9939001891265518,0.0326121889993373,
alpha_tuning,ridge,9,0.1,,3,0.1842269731371414,0.9961384041150586,0.2522397657946671,0.9947244020112864,0.0187555240008805,
alpha_tuning,ridge,9,0.1,,4,0.1863687488496563,0.99607264913193,0.2346048007752098,0.9952324893640918,0.0135812619992066,
alpha_tuning,ridge,9,0.1,,5,0.1741918094501588,0.9962791312707184,0.2900122618005653,0.9943455480336074,0.0178582129992719,
alpha_tuning,ridge,9,0.1,,6,0.1852219578958268,0.9963259723838924,0.2211130367782223,0.9940791500404008,0.025182401001075,
alpha_tuning,ridge,9,0.1,,7,0.1755016408425302,0.99622694972113,0.2868574587466382,0.9945686804980568,0.0281597659995895,
alpha_tuning,ridge,9,0.1,,8,0.1771381911522511,0.9962804204274646,0.2709364627640998,0.9943978547841968,0.0418789549985376,
alpha_tuning,ridge,9,0.1,,9,0.1872397747531208,0.9961703032117818,0.2447976161967361,0.994308886955246,0.0146884740024688,
alpha_tuning,ridge,9,0.1,,10,0.1767767346273326,0.9961182915990054,0.2854398043242666,0.9949718570047912,0.0481928580011299,
alpha_tuning,ridge,9,0.1,,11,0.1696217279930871,0.9962073834243842,0.3514403810349775,0.9941546976359692,0.0488152480029384,
alpha_tuning,ridge,9,0.1,,12,0.1795908155278877,0.9962675837843668,0.2786325365886024,0.994002368958536,0.0246628200002305,
alpha_tuning,ridge,9,0.1,,13,0.1788527415738071,0.996436987182101,0.2818126100564765,0.9925615050527914,0.0175822290002543,
alpha_tuning,ridge,9,0.1,,14,0.1801777532487201,0.996031633212353,0.2785192478042712,0.9951315091284092,0.0369747299992013,
alpha_tuning,ridge,9,0.1,,15,0.1905211127412992,0.9962301706960692,0.2033578364339874,0.9944376856547116,0.1246240799991937,
alpha_tuning,ridge,9,0.1333521432163324,,1,0.1878317871588443,0.9961019496222414,0.257752351342303,0.99439456648202,0.0418930550004006,
alpha_tuning,ridge,9,0.1333521432163324,,2,0.1821123750786677,0.9962681532573447,0.268809347262694,0.9938429272761468,0.0322892020012659,
alpha_tuning,ridge,9,0.1333521432163324,,3,0.189012103307728,0.996038102630097,0.2585261343719022,0.9945929225305712,0.0471411739999894,
alpha_tuning,ridge,9,0.1333521432163324,,4,0.1912798963610179,0.9959691564618282,0.2386203031621963,0.9951508885175822,0.0313819210023211,
alpha_tuning,ridge,9,0.1333521432163324,,5,0.1790929013506978,0.9961744402427668,0.2936655456199902,0.9942743189147132,0.0668019889999413,
alpha_tuning,ridge,9,0.1333521432163324,,6,0.1906921761099221,0.9962174661732194,0.2228964329166095,0.994031395185654,0.0335829920004471,
alpha_tuning,ridge,9,0.1333521432163324,,7,0.1803707463675707,0.9961222704721449,0.2913099118145388,0.9944843783666608,0.1882847499982745,
alpha_tuning,ridge,9,0.1333521432163324,,8,0.1821129760897646,0.996175958999294,0.2751657733941232,0.9943104054535664,0.0270756899990374,
alpha_tuning,ridge,9,0.1333521432163324,,9,0.1918889185323851,0.9960752122460782,0.2535265699181074,0.994105954168716,0.2137338659995293,
alpha_tuning,ridge,9,0.1333521432163324,,10,0.1815544603988971,0.9960133810840316,0.2887061276893449,0.9949143193359048,0.0202174940022814,
alpha_tuning,ridge,9,0.1333521432163324,,11,0.1740293266043566,0.996108832774361,0.3593542423703868,0.9940230710077592,0.102351751000242,
alpha_tuning,ridge,9,0.1333521432163324,,12,0.1842650459401681,0.9961704397665332,0.285989170102756,0.993844015687718,0.1239857229993504,
alpha_tuning,ridge,9,0.1333521432163324,,13,0.1838032536918549,0.9963383656123306,0.2854545264709681,0.9924653760085944,0.0484619759990891,
alpha_tuning,ridge,9,0.1333521432163324,,14,0.1853273119074679,0.9959182155612616,0.2814729811087751,0.995079878141526,0.0869647069994243,
alpha_tuning,ridge,9,0.1333521432163324,,15,0.1957511737422081,0.9961266838071944,0.2055689155508838,0.9943772074488744,0.0404901980000431,
alpha_tuning,ridge,9,0.1778279410038923,,1,0.1937129880593113,0.9959798977707496,0.2641077804052795,0.9942563526697882,0.0225503649999154,
alpha_tuning,ridge,9,0.1778279410038923,,2,0.1879451401468017,0.9961486282370886,0.2725939813121305,0.9937562403089232,0.0634863560007943,
alpha_tuning,ridge,9,0.1778279410038923,,3,0.1946288273668953,0.9959203700410824,0.2665525701553692,0.9944250495215616,0.0242065400016144,
alpha_tuning,ridge,9,0.1778279410038923,,4,0.1970225553318825,0.9958481413408196,0.2438080334718468,0.9950454662954208,0.0311667370006034,
alpha_tuning,ridge,9,0.1778279410038923,,5,0.1848672823334318,0.9960510950998612,0.2984382790210921,0.994181263567338,0.044068844999856,
alpha_tuning,ridge,9,0.1778279410038923,,6,0.1969469326470237,0.9960933980092156,0.2260826853043558,0.9939460753754966,0.0210741869996127,
alpha_tuning,ridge,9,0.1778279410038923,,7,0.1861172220865496,0.9959987289388011,0.2973057186294121,0.9943708545885944,0.0940022030008549,
alpha_tuning,ridge,9,0.1778279410038923,,8,0.1879461165343977,0.9960534736679236,0.2807639699540197,0.9941946517091084,0.030819142000837,
alpha_tuning,ridge,9,0.1778279410038923,,9,0.1973011161700744,0.9959645142069592,0.2640417299350188,0.9938614952345578,0.0157416660003946,
alpha_tuning,ridge,9,0.1778279410038923,,10,0.1872509919209941,0.9958882951992152,0.2931563583723853,0.9948359266384008,0.0195587090020126,
alpha_tuning,ridge,9,0.1778279410038923,,11,0.1792423645004237,0.9959922730967308,0.3688228814286733,0.993865584670792,0.0176744380005402,
alpha_tuning,ridge,9,0.1778279410038923,,12,0.1897270062869452,0.9960569244438952,0.2947477281723293,0.9936554856603216,0.0260887130025366,
alpha_tuning,ridge,9,0.1778279410038923,,13,0.1896549724791918,0.9962217906643452,0.2904829879873944,0.9923326488549916,0.028837478999776,
alpha_tuning,ridge,9,0.1778279410038923,,14,0.1913775187602973,0.9957849613747692,0.2861027874267094,0.9949989495523036,0.0103502490019309,
alpha_tuning,ridge,9,0.1778279410038923,,15,0.2017716557998426,0.9960075569064636,0.2088334560297708,0.99428791460108,0.0243640439985028,
alpha_tuning,ridge,9,0.2371373705661655,,1,0.2005979455721559,0.995837015079594,0.2718428154093684,0.9940881360686636,0.0238245519976771,
alpha_tuning,ridge,9,0.2371373705661655,,2,0.1948901979326467,0.9960063101147508,0.2779673149166216,0.9936331642101592,0.0131856070001958,
alpha_tuning,ridge,9,0.2371373705661655,,3,0.2013481658702676,0.9957795254651102,0.2767361242876226,0.9942120603541764,0.0093799629976274,
alpha_tuning,ridge,9,0.2371373705661655,,4,0.2038394767054761,0.9957044882753814,0.250433143023191,0.99491083443731,0.0303012580006907,
alpha_tuning,ridge,9,0.2371373705661655,,5,0.1918009098888472,0.9959029875738368,0.3047072739267865,0.9940590351817116,0.0180238369975995,
alpha_tuning,ridge,9,0.2371373705661655,,6,0.2042265415067635,0.995949001068977,0.2308574380521371,0.9938182195284344,0.0134269040026993,
alpha_tuning,ridge,9,0.2371373705661655,,7,0.1930180201851375,0.9958503710199504,0.3053328078917826,0.994218870789236,0.0151203800014627,
alpha_tuning,ridge,9,0.2371373705661655,,8,0.1949005916791608,0.9959074423489976,0.2880720730229881,0.9940435422784074,0.0129008119984064,
alpha_tuning,ridge,9,0.2371373705661655,,9,0.2037036788600252,0.9958335597994226,0.2765636921606654,0.9935703816866586,0.0079770829979679,
alpha_tuning,ridge,9,0.2371373705661655,,10,0.1941290672610027,0.9957372646753948,0.2991667452983757,0.9947300511281792,0.0099768549989676,
alpha_tuning,ridge,9,0.2371373705661655,,11,0.185525692414639,0.9958517825246832,0.380271938483623,0.9936751591992734,0.0073416929990344,
alpha_tuning,ridge,9,0.2371373705661655,,12,0.1962419520136598,0.9959215250416324,0.3050359578862142,0.9934340290901408,0.0106656440002552,
alpha_tuning,ridge,9,0.2371373705661655,,13,0.1966628289174728,0.996082183733549,0.2972613875414416,0.9921537317695468,0.0220797770016361,
alpha_tuning,ridge,9,0.2371373705661655,,14,0.1985750531341226,0.9956264376067288,0.2930257404063049,0.9948779369700448,0.0211683910019928,
alpha_tuning,ridge,9,0.2371373705661655,,15,0.2088490497967,0.9958675169555052,0.2133412765980774,0.9941646151234068,0.0506680610014882,
alpha_tuning,ridge,9,0.3162277660168379,,1,0.208802013155494,0.995666757056572,0.281100874557962,0.993886797711156,0.0972144810002646,
alpha_tuning,ridge,9,0.3162277660168379,,2,0.2032619296680778,0.99583475659021,0.2852945065243165,0.993465335032902,0.0215668320015538,
alpha_tuning,ridge,9,0.3162277660168379,,3,0.2095028489657921,0.9956085945197202,0.2896136538141893,0.993942726656312,0.015353552000306,
alpha_tuning,ridge,9,0.3162277660168379,,4,0.2120332214480422,0.995531821394662,0.258795943054625,0.9947408901822729,0.0825381169997854,
alpha_tuning,ridge,9,0.3162277660168379,,5,0.2002493348391461,0.9957225228303536,0.3129781789416402,0.993897774982454,0.03717356800189,
alpha_tuning,ridge,9,0.3162277660168379,,6,0.2128431460739592,0.9957780837355432,0.2374241364388762,0.9936423798925434,0.0515819110005395,
alpha_tuning,ridge,9,0.3162277660168379,,7,0.2014104833274491,0.9956699443000204,0.315975736287093,0.9940173590530456,0.0226469269982771,
alpha_tuning,ridge,9,0.3162277660168379,,8,0.2032963792063849,0.9957311460936364,0.2975002253986596,0.9938485966509848,0.015356256000814,
alpha_tuning,ridge,9,0.3162277660168379,,9,0.2113806915527522,0.995676538510056,0.2913253403192802,0.99322719938896,0.0594019029995251,
alpha_tuning,ridge,9,0.3162277660168379,,10,0.2025151863651484,0.9955531201438934,0.3071988772454588,0.9945885617234976,0.021293516998412,
alpha_tuning,ridge,9,0.3162277660168379,,11,0.1932111294048476,0.995679941829126,0.3942309748514783,0.993442986709475,0.0626332369974989,
alpha_tuning,ridge,9,0.3162277660168379,,12,0.2041382866135861,0.9957574163859744,0.3170482258019952,0.9931754621911988,0.0191807949995563,
alpha_tuning,ridge,9,0.3162277660168379,,13,0.2051257132638876,0.9959135904811484,0.3061870221655136,0.9919181380250424,0.0188116909994278,
alpha_tuning,ridge,9,0.3162277660168379,,14,0.207227526119421,0.99543586920521,0.3029954590924389,0.9947036672030594,0.015880561000813,
alpha_tuning,ridge,9,0.3162277660168379,,15,0.2173186310129446,0.995699929883387,0.2193427163044386,0.9940004616550356,0.0098140000009152,
alpha_tuning,ridge,9,0.4216965034285822,,1,0.2187177872565087,0.9954609761950636,0.2921436374769186,0.9936466467558897,0.0318449229998805,
alpha_tuning,ridge,9,0.4216965034285822,,2,0.2134284732958156,0.9956264237808398,0.2949812191792431,0.9932434610732396,0.0549300580023555,
alpha_tuning,ridge,9,0.4216965034285822,,3,0.2194810114693979,0.995399441480906,0.3058407755411244,0.9936033361939256,0.0275854809988231,
alpha_tuning,ridge,9,0.4216965034285822,,4,0.2219678737792755,0.9953224683475556,0.2692199845066064,0.9945290585047996,0.0364501699987158,
alpha_tuning,ridge,9,0.4216965034285822,,5,0.2106349353206226,0.9955006785531268,0.3239151941437053,0.9936845328707864,0.0690916019993892,
alpha_tuning,ridge,9,0.4216965034285822,,6,0.2231810723583547,0.9955730225910996,0.2460150319181676,0.9934123373591288,0.0147184500019648,
alpha_tuning,ridge,9,0.4216965034285822,,7,0.2116895824944751,0.9954489574317924,0.3298989516411126,0.993753738816666,0.030042604998016,
alpha_tuning,ridge,9,0.4216965034285822,,8,0.2135096215996329,0.995516686594371,0.3095162597669775,0.9936001414642496,0.028678791000857,
alpha_tuning,ridge,9,0.4216965034285822,,9,0.2206779648652503,0.9954863773234652,0.3085814743276727,0.99282602469256,0.067811888999131,
alpha_tuning,ridge,9,0.4216965034285822,,10,0.2128030853378082,0.9953272158474092,0.31782912275997,0.994401305448404,0.0554361639988201,
alpha_tuning,ridge,9,0.4216965034285822,,11,0.2026976272350869,0.995467830743234,0.4113354980317553,0.99315849717675,0.0742689730031997,
alpha_tuning,ridge,9,0.4216965034285822,,12,0.2138094119301782,0.9955564224495695,0.3310724089913696,0.9928735883416564,0.0154715620010392,
alpha_tuning,ridge,9,0.4216965034285822,,13,0.2153875117004615,0.995709160182555,0.3176657902393019,0.9916151538601394,0.0297121090006839,
alpha_tuning,ridge,9,0.4216965034285822,,14,0.2177055367006203,0.9952050938267776,0.3168931110016732,0.9944607375240871,0.0156624629998987,
alpha_tuning,ridge,9,0.4216965034285822,,15,0.227582340398939,0.995496842509743,0.2271479292867841,0.9937869707519998,0.0187298950004333,
alpha_tuning,ridge,9,0.5623413251903491,,1,0.2308108739604587,0.995210009828254,0.3053771650779537,0.9933588524494956,0.0419254369990085,
alpha_tuning,ridge,9,0.5623413251903491,,2,0.2258102615094074,0.9953726961799934,0.3074510097367457,0.99295784076987,0.0303978159972757,
alpha_tuning,ridge,9,0.5623413251903491,,3,0.2317092843397611,0.9951431237040242,0.3261575754046106,0.993178410060018,0.0420766380011627,
alpha_tuning,ridge,9,0.5623413251903491,,4,0.2340650358603493,0.9950675447066902,0.2820292126417695,0.9942687563661804,0.0375637910001387,
alpha_tuning,ridge,9,0.5623413251903491,,5,0.2234330129907476,0.99522730193945,0.3383564533104891,0.9934029675128744,0.0693952229994465,
alpha_tuning,ridge,9,0.5623413251903491,,6,0.2356898438127413,0.995324900973722,0.2568914720013147,0.9931210937003864,0.0644547709998732,
alpha_tuning,ridge,9,0.5623413251903491,,7,0.2242954467493944,0.9951779482297468,0.3478175921446296,0.9934144697523708,0.0353961690016149,
alpha_tuning,ridge,9,0.5623413251903491,,8,0.2259680456413448,0.9952550823673542,0.3246277019156809,0.9932876826225212,0.049236712999118,
alpha_tuning,ridge,9,0.5623413251903491,,9,0.2320026597762225,0.9952547483985464,0.3286070891110706,0.9923604644502108,0.0172423800031538,
alpha_tuning,ridge,9,0.5623413251903491,,10,0.2254468458353407,0.995049580945696,0.3317716293372639,0.9941557022924314,0.0632982600000104,
alpha_tuning,ridge,9,0.5623413251903491,,11,0.2144414876109049,0.9952052466978406,0.4323184393986089,0.992809500182111,0.0163434700007201,
alpha_tuning,ridge,9,0.5623413251903491,,12,0.2257089175477416,0.9953091163298524,0.3475126694099179,0.9925197078601332,0.017310080002062,
alpha_tuning,ridge,9,0.5623413251903491,,13,0.227837190230995,0.9954611440560328,0.3320854801060033,0.9912345435311968,0.1397147780007799,
alpha_tuning,ridge,9,0.5623413251903491,,14,0.2304338829954705,0.9949247554065932,0.3357000397324036,0.9941319941371576,0.0171389829993131,
alpha_tuning,ridge,9,0.5623413251903491,,15,0.2400999091025477,0.9952491581631956,0.2371116992580122,0.9935144382466586,0.0300212210022436,
alpha_tuning,ridge,9,0.7498942093324559,,1,0.2456052093571973,0.9949029847737928,0.3213525244254346,0.9930114305374091,0.0261784789981902,
alpha_tuning,ridge,9,0.7498942093324559,,2,0.2408775018491444,0.995063938294878,0.3231338603281864,0.9925986253906725,0.016529176999029,
alpha_tuning,ridge,9,0.7498942093324559,,3,0.2466279987712451,0.9948304113727288,0.351313345235159,0.9926522768061892,0.0259818779995839,
alpha_tuning,ridge,9,0.7498942093324559,,4,0.2487954925642672,0.9947571296168198,0.2975189767346217,0.993953981839758,0.0290263099996082,
alpha_tuning,ridge,9,0.7498942093324559,,5,0.239148275687257,0.9948916120483784,0.3573088131013441,0.9930334479366266,0.131940407998627,
alpha_tuning,ridge,9,0.7498942093324559,,6,0.2508716211424313,0.99502375811893,0.2703350265348443,0.9927611091853326,0.0302468230001977,
alpha_tuning,ridge,9,0.7498942093324559,,7,0.2396920731697449,0.9948469413780155,0.3704591965496085,0.9929857767419212,0.0269805879979685,
alpha_tuning,ridge,9,0.7498942093324559,,8,0.2411431811042521,0.9949364321456764,0.3433684131737077,0.9929001814909134,0.1033156019984744,
alpha_tuning,ridge,9,0.7498942093324559,,9,0.2458190569200912,0.9949721556009616,0.3516844690944821,0.9918239560466454,0.0685585309984162,
alpha_tuning,ridge,9,0.7498942093324559,,10,0.2409437251540454,0.9947092965368488,0.3498851497097087,0.9938366249626424,0.0794346480033709,
alpha_tuning,ridge,9,0.7498942093324559,,11,0.2289377412957458,0.9948811211706458,0.4579915854712076,0.9923824937550512,0.0546268969992524,
alpha_tuning,ridge,9,0.7498942093324559,,12,0.2403368255488778,0.9950051061227396,0.3668972176109784,0.9921024508899354,0.1084674839985382,
alpha_tuning,ridge,9,0.7498942093324559,,13,0.2429092898858332,0.9951608853974834,0.3497974458338198,0.9907670329838686,0.1036104310005612,
alpha_tuning,ridge,9,0.7498942093324559,,14,0.2458704222980323,0.994584769760308,0.3604471225869503,0.9936994174017052,0.0323092530015856,
alpha_tuning,ridge,9,0.7498942093324559,,15,0.2553756270412096,0.9949468984907888,0.2496096712816469,0.9931725893644464,0.0282402080010797,
alpha_tuning,ridge,9,1.0,,1,0.2636643136779941,0.9945282063644276,0.340742541730375,0.9925897488249076,0.0207256260000576,
alpha_tuning,ridge,9,1.0,,2,0.2591506964206511,0.9946894839964804,0.3424822830874425,0.992155450154269,0.0791826649983704,
alpha_tuning,ridge,9,1.0,,3,0.2646715262821579,0.9944521995919048,0.3819631153291694,0.9920112364652536,0.014691459997266,
alpha_tuning,ridge,9,1.0,,4,0.2666733840541484,0.9943803885961529,0.3159346791224666,0.9935797479932568,0.072841896002501,
alpha_tuning,ridge,9,1.0,,5,0.2582935629896195,0.994482654238816,0.3819328081070061,0.9925533468673968,0.0923848089987586,
alpha_tuning,ridge,9,1.0,,6,0.2692706253971092,0.9946587989612335,0.2866412254614424,0.9923244702667844,0.0657248179995804,
alpha_tuning,ridge,9,1.0,,7,0.2583487527607839,0.9944458477483732,0.398533511942822,0.9924542215320092,0.0782155570013856,
alpha_tuning,ridge,9,1.0,,8,0.2595446882075297,0.9945500339924604,0.3663086794068396,0.9924258462854704,0.0222590480007056,
alpha_tuning,ridge,9,1.0,,9,0.2626477079355007,0.9946279518609776,0.3780962685887694,0.991209928267402,0.040446052000334,
alpha_tuning,ridge,9,1.0,,10,0.2598166424330779,0.9942948802297044,0.3731689451056841,0.9934264710494582,0.0230092569981934,
alpha_tuning,ridge,9,1.0,,11,0.2467028452138086,0.9944839065662175,0.4892288766770996,0.9918629421554486,0.1325843300000997,
alpha_tuning,ridge,9,1.0,,12,0.2582229720678777,0.9946333803019816,0.38986796849598,0.9916080000614702,0.0276023070000519,
alpha_tuning,ridge,9,1.0,,13,0.2610899439394522,0.9947986997085148,0.3711238217230426,0.9902041194248816,0.0255857359989022,
alpha_tuning,ridge,9,1.0,,14,0.2644809369148452,0.9941748781572948,0.3921433047089288,0.9931453710492838,0.0168242600011581,
alpha_tuning,ridge,9,1.0,,15,0.2739503692403386,0.994579361232331,0.265027072134925,0.9927508872484274,0.0188067320013942,
alpha_tuning,ridge,9,1.333521432163324,,1,0.2855867907812962,0.9940732518466298,0.3643104199669797,0.9920772096611438,0.0094852639995224,
alpha_tuning,ridge,9,1.333521432163324,,2,0.281216393148652,0.9942373137448804,0.3660334152927737,0.991616011942042,0.0084698790014954,
alpha_tuning,ridge,9,1.333521432163324,,3,0.2862775686100366,0.9939993136614548,0.4185750777229324,0.9912454967946712,0.0236768619979557,
alpha_tuning,ridge,9,1.333521432163324,,4,0.2882677214223519,0.9939253308671512,0.3374792308352379,0.9931419313795428,0.0257080340015818,
alpha_tuning,ridge,9,1.333521432163324,,5,0.2813931070692531,0.9939892305152904,0.4135497338081566,0.9919369026295146,0.0325196359990513,
alpha_tuning,ridge,9,1.333521432163324,,6,0.2914804019519259,0.9942182500471796,0.3061368151879727,0.9918024274993084,0.010860346003028,
alpha_tuning,ridge,9,1.333521432163324,,7,0.2807472303513789,0.993964310472062,0.4327428353323219,0.9918065069280888,0.0105895500018959,
alpha_tuning,ridge,9,1.333521432163324,,8,0.2817298846805726,0.9940841852498656,0.3941095071916946,0.9918510093927858,0.0181438420004269,
alpha_tuning,ridge,9,1.333521432163324,,9,0.2830810758507959,0.99421001927384,0.4081503391622235,0.9905112241062018,0.0197500189970014,
alpha_tuning,ridge,9,1.333521432163324,,10,0.2826174080287711,0.9937942152324214,0.4027742708921402,0.9929049607022016,0.0535648370023409,
alpha_tuning,ridge,9,1.333521432163324,,11,0.2682793090943867,0.994001472767642,0.5269760336716088,0.9912351157646232,0.0259190300021145,
alpha_tuning,ridge,9,1.333521432163324,,12,0.2799265091994408,0.9941823180709408,0.4171667246877104,0.9910203878983916,0.1124514139992243,
alpha_tuning,ridge,9,1.333521432163324,,13,0.2829389153322497,0.994363435678199,0.3964098219414578,0.9895366908636756,0.0266215270021348,
alpha_tuning,ridge,9,1.333521432163324,,14,0.2867317747434533,0.993684809409937,0.4317014076219749,0.9924538990434963,0.0332566340002813,
alpha_tuning,ridge,9,1.333521432163324,,15,0.29641659235649,0.9941348234851318,0.2837939397943724,0.9922375693501414,0.0368638840009225,
alpha_tuning,ridge,9,1.7782794100389228,,1,0.3120442629268674,0.9935241831248144,0.3928990906473396,0.9914554815099488,0.0543605390012089,
alpha_tuning,ridge,9,1.7782794100389228,,2,0.3077780514087742,0.9936930122507356,0.3945337103530292,0.990963213253588,0.0578600900007586,
alpha_tuning,ridge,9,1.7782794100389228,,3,0.3119533921838207,0.993461120730384,0.4614053197495002,0.9903497017245338,0.0321810490022471,
alpha_tuning,ridge,9,1.7782794100389228,,4,0.3142535091960734,0.9933777320513596,0.3623730565846262,0.9926360526480056,0.1140300029983336,
alpha_tuning,ridge,9,1.7782794100389228,,5,0.3090355616852495,0.9933987667885176,0.453711712071193,0.991153853059287,0.0519105729981674,
alpha_tuning,ridge,9,1.7782794100389228,,6,0.3181920435106875,0.9936884029930108,0.3292452047712124,0.9911836430552796,0.0610094450021279,
alpha_tuning,ridge,9,1.7782794100389228,,7,0.3074425268061575,0.9933903973436736,0.4738702010347244,0.9910278070665652,0.0391691509976226,
alpha_tuning,ridge,9,1.7782794100389228,,8,0.3083488661748698,0.9935252350925684,0.4276351547970652,0.9911578005702336,0.020090418998734,
alpha_tuning,ridge,9,1.7782794100389228,,9,0.3078331580232533,0.9937037541401492,0.4422552075186995,0.9897183460373354,0.0294421949984098,
alpha_tuning,ridge,9,1.7782794100389228,,10,0.3099771626928999,0.9931934427962024,0.4400712750557312,0.99224795818403,0.0106677529984153,
alpha_tuning,ridge,9,1.7782794100389228,,11,0.2942884615858831,0.9934199273251796,0.5723162347020935,0.9904809987121416,0.0440974929988442,
alpha_tuning,ridge,9,1.7782794100389228,,12,0.3060805735943423,0.9936387610200677,0.4496511898041857,0.9903211521281068,0.0678781660026288,
alpha_tuning,ridge,9,1.7782794100389228,,13,0.3091435883384509,0.9938413995886856,0.4261351843980375,0.988752084531145,0.0359423059999244,
alpha_tuning,ridge,9,1.7782794100389228,,14,0.3131317892413922,0.993103356157035,0.4798980196606447,0.9916114266915792,0.0427125120004348,
alpha_tuning,ridge,9,1.7782794100389228,,15,0.3234780061848897,0.9935993609876256,0.3065014920187769,0.9916164644756056,0.0725612010028271,
alpha_tuning,ridge,9,2.371373705661655,,1,0.3438888056485945,0.992863317178408,0.427471831543411,0.9907036156215564,0.0571535130002303,
alpha_tuning,ridge,9,2.371373705661655,,2,0.339762234941095,0.993037592370126,0.4291330667041235,0.990170715688226,0.0422569189977366,
alpha_tuning,ridge,9,2.371373705661655,,3,0.3424190653659958,0.9928225273898492,0.5105902302371802,0.98932099868072,0.0185972440012847,
alpha_tuning,ridge,9,2.371373705661655,,4,0.3455257021909155,0.9927187327552716,0.3909857270597606,0.9920546015849362,0.0370456900018325,
alpha_tuning,ridge,9,2.371373705661655,,5,0.3419933482956475,0.9926947635522456,0.5043595366444771,0.9901663579462396,0.0409449359976861,
alpha_tuning,ridge,9,2.371373705661655,,6,0.350306091619984,0.993051394827462,0.3566192201748805,0.9904506359003942,0.0298646890005329,
alpha_tuning,ridge,9,2.371373705661655,,7,0.3391983003367719,0.9927076907342072,0.5229704781466362,0.9900981492016664,0.0101450600013777,
alpha_tuning,ridge,9,2.371373705661655,,8,0.3402464524955158,0.9928554438424732,0.4681234298240045,0.9903206257067094,0.025774444999115,
alpha_tuning,ridge,9,2.371373705661655,,9,0.337841769574129,0.99308997491815,0.4810491138309574,0.9888164561018828,0.041020736000064,
alpha_tuning,ridge,9,2.371373705661655,,10,0.3427239291912903,0.9924743809870216,0.4868019988077333,0.9914247767015072,0.0538652630020806,
alpha_tuning,ridge,9,2.371373705661655,,11,0.3255524558729669,0.9927208875007654,0.62661295051282,0.9895779131863608,0.0298920949971943,
alpha_tuning,ridge,9,2.371373705661655,,12,0.3375090782712637,0.9929855858554888,0.4883800179929107,0.9894875049704988,0.0208146180011681,
alpha_tuning,ridge,9,2.371373705661655,,13,0.3406221904882562,0.9932142989808762,0.4610862296701958,0.987829545353056,0.030563186002837,
alpha_tuning,ridge,9,2.371373705661655,,14,0.3443530914573895,0.9924157153326432,0.5374151241633257,0.9906060329874126,0.0166552750015398,
alpha_tuning,ridge,9,2.371373705661655,,15,0.3560708950587125,0.9929544475404576,0.3341167173671973,0.9908611232170762,0.0369639999989885,
alpha_tuning,ridge,9,3.1622776601683795,,1,0.3823399913216352,0.9920653443693044,0.4692177872751573,0.9897957512382434,0.0331994510015647,
alpha_tuning,ridge,9,3.1622776601683795,,2,0.3784878016638422,0.9922440280669352,0.4716343162396876,0.9891972254174828,0.0140989089995855,
alpha_tuning,ridge,9,3.1622776601683795,,3,0.3788274634007343,0.9920593681323632,0.5663738506320213,0.9881542835332052,0.0210191160003887,
alpha_tuning,ridge,9,3.1622776601683795,,4,0.3833879087235219,0.9919208620252769,0.4240449249896975,0.991382790619326,0.0496909279972896,
alpha_tuning,ridge,9,3.1622776601683795,,5,0.3814066335661704,0.9918528659845915,0.5680553344328874,0.9889244627697408,0.0708915409995825,
alpha_tuning,ridge,9,3.1622776601683795,,6,0.3891168759522743,0.9922815514727136,0.3893424162402502,0.9895743911663674,0.0250098620017524,
alpha_tuning,ridge,9,3.1622776601683795,,7,0.3771982760906557,0.9918907421380178,0.5816630573418348,0.9889868720140518,0.0526296870011719,
alpha_tuning,ridge,9,3.1622776601683795,,8,0.37863119832155,0.992049434051232,0.5173944174244484,0.9893018509554348,0.0322419629992509,
alpha_tuning,ridge,9,3.1622776601683795,,9,0.3744360792433634,0.9923414955398124,0.5255717564609609,0.9877813831457192,0.0295389999992039,
alpha_tuning,ridge,9,3.1622776601683795,,10,0.3820680340240614,0.991610453148435,0.54531568095117,0.9903940334185586,0.0437555739990784,
alpha_tuning,ridge,9,3.1622776601683795,,11,0.3632893512454119,0.9918771183881924,0.6917287956559506,0.9884948794085404,0.0334834070017677,
alpha_tuning,ridge,9,3.1622776601683795,,12,0.3754235080695137,0.9921976144207052,0.5347890229876004,0.9884885401964366,0.0298950789983791,
alpha_tuning,ridge,9,3.1622776601683795,,13,0.3786851772114294,0.9924560276321184,0.5025714711041362,0.9867345348823456,0.0276947610000206,
alpha_tuning,ridge,9,3.1622776601683795,,14,0.3814429517180817,0.9915988210881364,0.6050064961999664,0.9894245420120028,0.052973997000663,
alpha_tuning,ridge,9,3.1622776601683795,,15,0.3955489531963193,0.9921732976810635,0.3682798389917227,0.98992668161982,0.056466130001354,
alpha_tuning,ridge,9,4.216965034285822,,1,0.4292335767411975,0.9910921674586008,0.5197087521774888,0.9886977059806744,0.0258373430006031,
alpha_tuning,ridge,9,4.216965034285822,,2,0.4258801471557288,0.9912728641354654,0.5247523068713518,0.987980558904229,0.039013765999698,
alpha_tuning,ridge,9,4.216965034285822,,3,0.4230331667203497,0.991132768953518,0.6294379726147631,0.9868352966001024,0.0323400039997068,
alpha_tuning,ridge,9,4.216965034285822,,4,0.4298029003809461,0.9909427583523036,0.4629072058117282,0.9905930525724383,0.0559837260007043,
alpha_tuning,ridge,9,4.216965034285822,,5,0.429007545224919,0.9908360745278898,0.648234179616225,0.9873611929066142,0.1628501289997075,
alpha_tuning,ridge,9,4.216965034285822,,6,0.4365511133333142,0.9913406549393502,0.4291710600025415,0.9885078804474748,0.0286388690001331,
alpha_tuning,ridge,9,4.216965034285822,,7,0.4233080628115083,0.9908994434651932,0.6524922330152464,0.9876458021850768,0.022902314998646,
alpha_tuning,ridge,9,4.216965034285822,,8,0.4252979616834747,0.991069516967354,0.5780582319758374,0.9880475070587356,0.0683274420007364,
alpha_tuning,ridge,9,4.216965034285822,,9,0.4195629578384869,0.991418495807272,0.5774587957055738,0.9865751009503022,0.0218741059979947,
alpha_tuning,ridge,9,4.216965034285822,,10,0.4298300286076242,0.9905616831504253,0.6188363254118858,0.989098936141136,0.0957885179996083,
alpha_tuning,ridge,9,4.216965034285822,,11,0.4093594759265545,0.9908470244222028,0.7702911854563342,0.9871881971158802,0.0634101099967665,
alpha_tuning,ridge,9,4.216965034285822,,12,0.4216754441400884,0.9912363655077984,0.5909413271264867,0.9872798486111808,0.0424705080004059,
alpha_tuning,ridge,9,4.216965034285822,,13,0.4252431848283723,0.9915285228231048,0.552640227072032,0.9854129609889504,0.0547587260007276,
alpha_tuning,ridge,9,4.216965034285822,,14,0.4261104401701843,0.9906150316109958,0.6838133354390868,0.9880470056999552,0.0636300120022497,
alpha_tuning,ridge,9,4.216965034285822,,15,0.4439092581298258,0.9912163953616188,0.4116308369984257,0.9887409300288136,0.0511450920021161,
alpha_tuning,ridge,9,5.623413251903491,,1,0.4872862382247771,0.9898874075910148,0.5810770118860623,0.9873631082626744,0.0356760430004214,
alpha_tuning,ridge,9,5.623413251903491,,2,0.4846817214051001,0.9900679022912704,0.5923012293453972,0.9864333521856912,0.0202953950029041,
alpha_tuning,ridge,9,5.623413251903491,,3,0.4778559611209049,0.9899836241043511,0.7012576168167786,0.9853331878056836,0.0160901540002669,
alpha_tuning,ridge,9,5.623413251903491,,4,0.4876607615975456,0.9897235189525856,0.5098529053523483,0.989639047704974,0.0262678529979893,
alpha_tuning,ridge,9,5.623413251903491,,5,0.487338800447979,0.9895900748211048,0.7493893782420349,0.9853889410844692,0.0680390540001099,
alpha_tuning,ridge,9,5.623413251903491,,6,0.4954124567371873,0.9901730924988936,0.4787580784390824,0.9871800650441654,0.0215149069990729,
alpha_tuning,ridge,9,5.623413251903491,,7,0.4803343007762868,0.9896734557079108,0.7392901817779429,0.9860023818121038,0.0286699759999464,
alpha_tuning,ridge,9,5.623413251903491,,8,0.482860878505311,0.989860800494902,0.6536650931635403,0.98648418622933,0.0404550889979873,
alpha_tuning,ridge,9,5.623413251903491,,9,0.476033882337791,0.9902634713555076,0.6391272839265606,0.9851414173090258,0.0399283920014568,
alpha_tuning,ridge,9,5.623413251903491,,10,0.4886622830483045,0.9892698295770844,0.7116785987512319,0.9874634801911308,0.0444937380016199,
alpha_tuning,ridge,9,5.623413251903491,,11,0.4665149367400726,0.9895690705265962,0.8659537198944792,0.9855970981162328,0.0535485270011122,
alpha_tuning,ridge,9,5.623413251903491,,12,0.4790073088241989,0.9900448436541306,0.6597863659662331,0.985797942919005,0.0168969669975922,
alpha_tuning,ridge,9,5.623413251903491,,13,0.4830233129410102,0.9903774566707292,0.6142416942163869,0.9837869790926752,0.0382887770028901,
alpha_tuning,ridge,9,5.623413251903491,,14,0.4810392232806604,0.9894052398656156,0.7758272321654494,0.9864386112360056,0.0456665489982697,
alpha_tuning,ridge,9,5.623413251903491,,15,0.504008650446511,0.9900272124566696,0.4680749658116664,0.987197050565348,0.2056523229985032,
alpha_tuning,ridge,9,7.498942093324558,,1,0.5603145167821069,0.988371860552234,0.6561924907086566,0.9857295448033364,0.0848475349994259,
alpha_tuning,ridge,9,7.498942093324558,,2,0.558590314048189,0.9885533674300884,0.6792053865988518,0.9844428142015644,0.0590938819987059,
alpha_tuning,ridge,9,7.498942093324558,,3,0.5472709356391448,0.988528611434988,0.7843871669646145,0.9835945321810204,0.0391876849971595,
alpha_tuning,ridge,9,7.498942093324558,,4,0.5609973161010803,0.9881780968645556,0.5683582317266288,0.9884501344140908,0.0844825480016879,
alpha_tuning,ridge,9,7.498942093324558,,5,0.5599093193708089,0.9880399136775928,0.8771047129755495,0.9828988386965948,0.0526670300023397,
alpha_tuning,ridge,9,7.498942093324558,,6,0.5695653236620337,0.988702210299016,0.5417841902940796,0.9854923845832224,0.0533126359987363,
alpha_tuning,ridge,9,7.498942093324558,,7,0.5522107396254177,0.9881282085162496,0.8474552512593324,0.98395439932676,0.0328088300011586,
alpha_tuning,ridge,9,7.498942093324558,,8,0.5549331456066053,0.9883474140777072,0.7487357663312693,0.9845184127361052,0.0102776029998494,
alpha_tuning,ridge,9,7.498942093324558,,9,0.547723920151565,0.9887971637404476,0.7139038979239476,0.9834029928505904,0.0338127399991208,
alpha_tuning,ridge,9,7.498942093324558,,10,0.5622056416962898,0.9876549458442048,0.829328507298863,0.985391027244524,0.0335889380003209,
alpha_tuning,ridge,9,7.498942093324558,,11,0.5385877058232128,0.9879575766342192,0.9835974061192266,0.9836403994717068,0.1083103899982234,
alpha_tuning,ridge,9,7.498942093324558,,12,0.5512256918255173,0.988543936923524,0.7453282633959943,0.9839566334091684,0.0545255479992192,
alpha_tuning,ridge,9,7.498942093324558,,13,0.5557373877756423,0.9889288840718544,0.6912565328907246,0.9817541584597576,0.0387434900003427,
alpha_tuning,ridge,9,7.498942093324558,,14,0.5501517853822341,0.9878830541844872,0.8844659453114645,0.9845396165079124,0.0087207879987545,
alpha_tuning,ridge,9,7.498942093324558,,15,0.5797001801336243,0.9885295089078702,0.5428732526738616,0.9851511417805562,0.0204429049990721,
alpha_tuning,ridge,9,10.0,,1,0.653347298607594,0.986441162474852,0.7488407974762522,0.983714688599563,0.0329637319991888,
alpha_tuning,ridge,9,10.0,,2,0.6522674908364658,0.9866337347477544,0.7912409180572628,0.9818766425938084,0.0356791590020293,
alpha_tuning,ridge,9,10.0,,3,0.6364683469454838,0.9866589375724556,0.882610829114257,0.9815401830071372,0.0144003450004674,
alpha_tuning,ridge,9,10.0,,4,0.6550940082068104,0.9861951961491462,0.643310704509326,0.9869269911962266,0.0579895850023604,
alpha_tuning,ridge,9,10.0,,5,0.6512387437233969,0.9860890481334004,1.037882506328521,0.9797641081023342,0.0291803000000072,
alpha_tuning,ridge,9,10.0,,6,0.6639971681041291,0.986829078148478,0.622933035405977,0.9833194229917076,0.0296078040009888,
alpha_tuning,ridge,9,10.0,,7,0.6440449808787235,0.9861538952966854,0.9840559171187152,0.9813680211872404,0.107723707002151,
alpha_tuning,ridge,9,10.0,,8,0.6461959964846754,0.986431060333496,0.8686315036187162,0.9820393321273616,0.0777769019987317,
alpha_tuning,ridge,9,10.0,,9,0.6396504992738641,0.9869169493186948,0.8060437871777393,0.9812609028506089,0.050241549997736,
alpha_tuning,ridge,9,10.0,,10,0.6551349537258474,0.985614380427244,0.9783463584441692,0.98276601470932,0.0723042620011256,
alpha_tuning,ridge,9,10.0,,11,0.6305564757232777,0.9859012228563816,1.1294320938825393,0.9812148163823926,0.0414849420012615,
alpha_tuning,ridge,9,10.0,,12,0.6432338164034814,0.986631742164926,0.8526054619657901,0.9816474664179012,0.0510800119991472,
alpha_tuning,ridge,9,10.0,,13,0.6481511740870483,0.9870878638991656,0.7883594755625097,0.9791911086789886,0.0323283520010591,
alpha_tuning,ridge,9,10.0,,14,0.6387404779340322,0.985931911943312,1.0151847927144395,0.9822546630609124,0.0303708399987954,
alpha_tuning,ridge,9,10.0,,15,0.6758283465263298,0.9866274269108348,0.6424518897763317,0.982427432228212,0.0165768580009171,
alpha_tuning,ridge,10,0.001,,1,0.1330831955410487,0.9972381405272293,0.30423742991568,0.9933836386818888,0.0563473760012129,
alpha_tuning,ridge,10,0.001,,2,0.1297516457224437,0.9973411293096678,0.2880707038071049,0.9934017462896536,0.0618299310008296,
alpha_tuning,ridge,10,0.001,,3,0.1365546349489495,0.9971376676964888,0.2633796300009317,0.9944914116062408,0.0664946309989318,
alpha_tuning,ridge,10,0.001,,4,0.139039308983884,0.9970700229829078,0.2316270011040198,0.9952930025827348,0.0366503670011297,
alpha_tuning,ridge,10,0.001,,5,0.1247086312313288,0.9973361293640334,0.2896510033635321,0.9943525915926176,0.066930217002664,
alpha_tuning,ridge,10,0.001,,6,0.1331558674314601,0.9973587454762513,0.2653120106085142,0.9928956128947376,0.0221738119980727,
alpha_tuning,ridge,10,0.001,,7,0.1274128288665972,0.9972607947869956,0.2927499194796426,0.9944571134604298,0.0702451690012821,
alpha_tuning,ridge,10,0.001,,8,0.1301837133857263,0.9972663789901176,0.2783285962631009,0.994245007858783,0.0502819590001308,
alpha_tuning,ridge,10,0.001,,9,0.140231673335672,0.9971317804153088,0.2280556079411322,0.9946981091342002,0.062952894000773,
alpha_tuning,ridge,10,0.001,,10,0.1330640847095959,0.9970781450592084,0.2735047459982282,0.9951820981099572,0.0295714820022112,
alpha_tuning,ridge,10,0.001,,11,0.1252322480672479,0.9971998994147682,0.3155254082514334,0.9947520503781256,0.0469690060017455,
alpha_tuning,ridge,10,0.001,,12,0.1340452893715738,0.997214151457528,0.2696824474502303,0.9941950217373444,0.0346869540007901,
alpha_tuning,ridge,10,0.001,,13,0.1323115530733598,0.9973641569292806,0.275583986082169,0.9927259107121112,0.2100951350003015,
alpha_tuning,ridge,10,0.001,,14,0.1330687703035401,0.997069195952196,0.2990434455288263,0.9947727480371868,0.0141199709978536,
alpha_tuning,ridge,10,0.001,,15,0.1380498226594633,0.997268416820708,0.2603979774095961,0.9928775038590676,0.0406032929968205,
alpha_tuning,ridge,10,0.0013335214321633,,1,0.1344093101495312,0.9972106198310322,0.2961526038502295,0.9935594623156144,0.0381420080011594,
alpha_tuning,ridge,10,0.0013335214321633,,2,0.1313348359448141,0.9973086865760435,0.2825613759695415,0.9935279373336066,0.0875390159999369,
alpha_tuning,ridge,10,0.0013335214321633,,3,0.1378703114688625,0.9971100896988226,0.2605174608489086,0.9945512739113542,0.0889222730002075,
alpha_tuning,ridge,10,0.0013335214321633,,4,0.1404118852436128,0.9970410986670104,0.229110335802328,0.9953441448805616,0.0544614509999519,
alpha_tuning,ridge,10,0.0013335214321633,,5,0.1261301366441144,0.9973057649338364,0.2868835773658723,0.994406548888344,0.0889068719989154,
alpha_tuning,ridge,10,0.0013335214321633,,6,0.1345632809080831,0.9973308282895466,0.2599794187199653,0.9930384062683348,0.029376788999798,
alpha_tuning,ridge,10,0.0013335214321633,,7,0.1287058078095255,0.99723299747104,0.2917752667248251,0.9944755674010664,0.0466565009992336,
alpha_tuning,ridge,10,0.0013335214321633,,8,0.1315146620306722,0.9972384314912772,0.2753667645043948,0.9943062495663324,0.0632736070001556,
alpha_tuning,ridge,10,0.0013335214321633,,9,0.1416921303526569,0.9971019090508796,0.224834479354554,0.9947729946955988,0.0333651139990252,
alpha_tuning,ridge,10,0.0013335214321633,,10,0.1343361921669524,0.9970502118008268,0.2719832290784926,0.9952089002746384,0.049118915998406,
alpha_tuning,ridge,10,0.0013335214321633,,11,0.1265082929304545,0.9971713679939608,0.3129501094429123,0.9947948838173826,0.0684908399998676,
alpha_tuning,ridge,10,0.0013335214321633,,12,0.1354929963057554,0.9971840639231476,0.2683577116257117,0.9942235369882916,0.0475040149976848,
alpha_tuning,ridge,10,0.0013335214321633,,13,0.1338063334960623,0.997334378678418,0.2711692481063002,0.9928424385215664,0.0232841540018853,
alpha_tuning,ridge,10,0.0013335214321633,,14,0.1344421786497533,0.9970389470009868,0.2952247702076926,0.9948394981310816,0.0379775520013936,
alpha_tuning,ridge,10,0.0013335214321633,,15,0.1393767490081625,0.997242161012302,0.2546432472322431,0.9930349092425044,0.101025670999661,
alpha_tuning,ridge,10,0.0017782794100389,,1,0.1358302732580127,0.997181130755378,0.2887403236821432,0.9937206598506996,0.1513946059967565,
alpha_tuning,ridge,10,0.0017782794100389,,2,0.1330001064542781,0.9972745618531976,0.2778609301391221,0.9936356009513608,0.103881890001503,
alpha_tuning,ridge,10,0.0017782794100389,,3,0.1392651034955773,0.997080853354877,0.2572724854983004,0.9946191426130998,0.1137619559995073,
alpha_tuning,ridge,10,0.0017782794100389,,4,0.1418827275212628,0.9970101035901447,0.2267098162279184,0.9953929269283496,0.1468913749995408,
alpha_tuning,ridge,10,0.0017782794100389,,5,0.1276400520266685,0.997273511999852,0.2841745340756443,0.9944593678797355,0.0498526410010526,
alpha_tuning,ridge,10,0.0017782794100389,,6,0.136080125689454,0.9973007404442424,0.2552145422648276,0.9931659976531664,0.0474520249990746,
alpha_tuning,ridge,10,0.0017782794100389,,7,0.1300601996060661,0.9972038798609648,0.2906702481773714,0.994496489669614,0.0394917699995858,
alpha_tuning,ridge,10,0.0017782794100389,,8,0.1329463594299476,0.997208368451987,0.2723094734350826,0.9943694650832196,0.1336291150000761,
alpha_tuning,ridge,10,0.0017782794100389,,9,0.1432504113594351,0.9970700368497156,0.2215915828071838,0.9948483863237128,0.0714256889987154,
alpha_tuning,ridge,10,0.0017782794100389,,10,0.1356782383824264,0.9970207428094456,0.2706324408675472,0.9952326949808356,0.0701529800026037,
alpha_tuning,ridge,10,0.0017782794100389,,11,0.127875460667678,0.997140799132983,0.3106435261924332,0.9948332478678856,0.166041836997465,
alpha_tuning,ridge,10,0.0017782794100389,,12,0.136987990542767,0.9971529936219404,0.2674443454667086,0.9942431974102024,0.0171031170029891,
alpha_tuning,ridge,10,0.0017782794100389,,13,0.1353824262865978,0.9973029805641624,0.2670636752953651,0.9929508058604284,0.033355929001118,
alpha_tuning,ridge,10,0.0017782794100389,,14,0.1358983163711488,0.9970068759574332,0.2914590587919817,0.9949053224207745,0.0194888330006506,
alpha_tuning,ridge,10,0.0017782794100389,,15,0.1408400882968278,0.9972132060096116,0.2488299141217444,0.9931939175537722,0.0825056719986605,
alpha_tuning,ridge,10,0.0023713737056616,,1,0.1373422366934222,0.9971497531609372,0.2820779048881981,0.9938655498795352,0.0101969710012781,
alpha_tuning,ridge,10,0.0023713737056616,,2,0.1347312372754487,0.9972390875208612,0.2739147226071896,0.99372598875597,0.0505744570000388,
alpha_tuning,ridge,10,0.0023713737056616,,3,0.1407453848470879,0.997049825062558,0.2537996922487128,0.9946917761291714,0.1359214580006664,
alpha_tuning,ridge,10,0.0023713737056616,,4,0.1434501814981132,0.9969770726137894,0.2244213294496494,0.9954394323068392,0.0432212050000089,
alpha_tuning,ridge,10,0.0023713737056616,,5,0.1292454300418541,0.9972392199118704,0.281511810835648,0.9945112837558676,0.0338742389976687,
alpha_tuning,ridge,10,0.0023713737056616,,6,0.1376983943948437,0.9972686407732236,0.2510358460058609,0.993277892609414,0.1036590300027455,
alpha_tuning,ridge,10,0.0023713737056616,,7,0.1314803148488329,0.9971733492848002,0.2893719798712719,0.9945210709023994,0.0727968130013323,
alpha_tuning,ridge,10,0.0023713737056616,,8,0.1344722198850252,0.9971763281599284,0.2691929832178764,0.9944339046591346,0.0507325569997192,
alpha_tuning,ridge,10,0.0023713737056616,,9,0.1449038948056951,0.9970362174315294,0.2183860411095003,0.9949229095174212,0.0336122370026714,
alpha_tuning,ridge,10,0.0023713737056616,,10,0.1370915544847643,0.996989708855802,0.2694465976137404,0.9952535841117828,0.0956218739993346,
alpha_tuning,ridge,10,0.0023713737056616,,11,0.1293343058787795,0.9971081804313912,0.3086550598206011,0.9948663208663552,0.0129932920026476,
alpha_tuning,ridge,10,0.0023713737056616,,12,0.1385121454532819,0.997121317277655,0.2667796735979103,0.9942575046288836,0.0323220280006353,
alpha_tuning,ridge,10,0.0023713737056616,,13,0.1370374740305799,0.9972700095497168,0.2632402407633755,0.9930517261082537,0.1419396279998181,
alpha_tuning,ridge,10,0.0023713737056616,,14,0.137437385974471,0.9969729783613784,0.2878204708193373,0.9949689246043576,0.0561624069996469,
alpha_tuning,ridge,10,0.0023713737056616,,15,0.1424386171451582,0.997181576019586,0.2431195809541529,0.9933501085747404,0.1335312670016719,
alpha_tuning,ridge,10,0.0031622776601683,,1,0.1389362144687464,0.9971166735328124,0.2761824405809742,0.9939937606720252,0.0650159709985018,
alpha_tuning,ridge,10,0.0031622776601683,,2,0.1365109918361428,0.9972026167908672,0.2706273826845198,0.993801285211164,0.0945541849978326,
alpha_tuning,ridge,10,0.0031622776601683,,3,0.1423152416019971,0.9970169191732547,0.2502707596813245,0.9947655837998064,0.0674214890022995,
alpha_tuning,ridge,10,0.0031622776601683,,4,0.1451116866229997,0.9969420596964692,0.2222466808503091,0.9954836243280274,0.1701512319996254,
alpha_tuning,ridge,10,0.0031622776601683,,5,0.130952632094291,0.9972027527854792,0.2789017469759005,0.9945621729170104,0.0150190090025716,
alpha_tuning,ridge,10,0.0031622776601683,,6,0.1394062073325917,0.9972347649198006,0.2474111998038433,0.9933749515012438,0.0259464930022659,
alpha_tuning,ridge,10,0.0031622776601683,,7,0.132972969507605,0.9971412592083227,0.2878315463495953,0.9945502372579276,0.0283179110010678,
alpha_tuning,ridge,10,0.0031622776601683,,8,0.1360860872062223,0.9971424398838789,0.2660466331669006,0.994498961645948,0.0801390959968557,
alpha_tuning,ridge,10,0.0031622776601683,,9,0.1466481231378372,0.9970005419686084,0.2152852670346982,0.9949949970485832,0.0840374250001332,
alpha_tuning,ridge,10,0.0031622776601683,,10,0.1385763304850586,0.996957105767584,0.2684089217716686,0.9952718632110448,0.0637240739997651,
alpha_tuning,ridge,10,0.0031622776601683,,11,0.1308838483678331,0.9970735338056428,0.3070021854593556,0.9948938121591394,0.0702287219974096,
alpha_tuning,ridge,10,0.0031622776601683,,12,0.1400491798907728,0.9970893732595736,0.266222783607044,0.9942694918172316,0.055391811998561,
alpha_tuning,ridge,10,0.0031622776601683,,13,0.1387690960877149,0.9972355130609796,0.2596816219200047,0.9931456564979552,0.1609638970003288,
alpha_tuning,ridge,10,0.0031622776601683,,14,0.1390573250771419,0.9969372996362464,0.284362671322666,0.9950293666219848,0.0699520210000628,
alpha_tuning,ridge,10,0.0031622776601683,,15,0.1441659690664738,0.9971473970154984,0.2376661457413701,0.993499272833404,0.1396488660029717,
alpha_tuning,ridge,10,0.0042169650342858,,1,0.1406001242435195,0.9970821426143548,0.2710106571245868,0.9941062333155656,0.0577393099993059,
alpha_tuning,ridge,10,0.0042169650342858,,2,0.1383234247166989,0.9971654764167512,0.2678668117477229,0.99386451603327,0.1498405969978193,
alpha_tuning,ridge,10,0.0042169650342858,,3,0.1439752612436435,0.9969821233726835,0.246851219056041,0.9948371035365468,0.0439614170027198,
alpha_tuning,ridge,10,0.0042169650342858,,4,0.1468634604130343,0.9969051445464916,0.2201938104592935,0.9955253416389732,0.0773854270009906,
alpha_tuning,ridge,10,0.0042169650342858,,5,0.1327645314087373,0.9971640492464264,0.2763667256005722,0.994611598953384,0.1675173430012364,
alpha_tuning,ridge,10,0.0042169650342858,,6,0.1411889281412861,0.997199403208061,0.2442690795591955,0.993459089563814,0.0484834839990071,
alpha_tuning,ridge,10,0.0042169650342858,,7,0.1345458154658561,0.997107445126284,0.2860150458440431,0.9945846306275968,0.1312319839998963,
alpha_tuning,ridge,10,0.0042169650342858,,8,0.1377843369880352,0.997106779729756,0.2628986349388211,0.9945640527120706,0.0596725930008688,
alpha_tuning,ridge,10,0.0042169650342858,,9,0.1484761381258946,0.9969631527806658,0.2123626709738166,0.9950629422550156,0.1495752270020602,
alpha_tuning,ridge,10,0.0042169650342858,,10,0.1401318492436407,0.9969229492919266,0.2674954076106799,0.9952879551497305,0.0500638739977148,
alpha_tuning,ridge,10,0.0042169650342858,,11,0.1325211885483855,0.9970369240883492,0.3056722691422653,0.9949159318796148,0.1348140519985463,
alpha_tuning,ridge,10,0.0042169650342858,,12,0.1415875634431251,0.997057401202986,0.265657045962582,0.9942816694534088,0.0571321130009891,
alpha_tuning,ridge,10,0.0042169650342858,,13,0.1405743682709405,0.9971995493521092,0.2563834368815706,0.9932327126901476,0.1599806390004232,
alpha_tuning,ridge,10,0.0042169650342858,,14,0.1407531589985077,0.9968999493480472,0.2811162683075676,0.9950861134485296,0.048811692999152,
alpha_tuning,ridge,10,0.0042169650342858,,15,0.1460101070664888,0.9971109071725992,0.2325944895781948,0.9936379945385788,0.0349084090012183,
alpha_tuning,ridge,10,0.0056234132519034,,1,0.1423218110428053,0.9970464126562903,0.2664730696917407,0.9942049138690284,0.1169828259990026,
alpha_tuning,ridge,10,0.0056234132519034,,2,0.1401561032989341,0.9971279211677218,0.2654746797975764,0.9939193077677544,0.0403670640007476,
alpha_tuning,ridge,10,0.0056234132519034,,3,0.1457213015250915,0.996945524486804,0.2436799275322124,0.9949034311400948,0.1365175630016892,
alpha_tuning,ridge,10,0.0056234132519034,,4,0.1486994589359489,0.9968664545277128,0.2182729502195305,0.9955643763117202,0.1499700519998441,
alpha_tuning,ridge,10,0.0056234132519034,,5,0.1346783109000252,0.9971231694697806,0.27393747288681,0.99465896278793,0.1628642440009571,
alpha_tuning,ridge,10,0.0056234132519034,,6,0.1430307297981611,0.9971628695798258,0.2415063058445525,0.9935330696821963,0.1853162909974344,
alpha_tuning,ridge,10,0.0056234132519034,,7,0.1362052052265966,0.997071770468375,0.2839065158709014,0.9946245532428694,0.0402399729973694,
alpha_tuning,ridge,10,0.0056234132519034,,8,0.1395660431293746,0.9970693671439976,0.2597837852392645,0.9946284583670508,0.0373715950008772,
alpha_tuning,ridge,10,0.0056234132519034,,9,0.1503776256983639,0.996924260825905,0.2096945737087475,0.9951249708130784,0.0486339039998711,
alpha_tuning,ridge,10,0.0056234132519034,,10,0.141756374507086,0.996887277553923,0.2666813507365672,0.995302295106202,0.0539669610006967,
alpha_tuning,ridge,10,0.0056234132519034,,11,0.1342409979138167,0.9969984704209834,0.3046316479712773,0.9949332399230812,0.0314224440007819,
alpha_tuning,ridge,10,0.0056234132519034,,12,0.1431227038914209,0.9970254965474742,0.2649874949059593,0.9942960816977584,0.0163699669974448,
alpha_tuning,ridge,10,0.0056234132519034,,13,0.1424485973602337,0.997162211919034,0.2533501601450591,0.9933127765796717,0.1400404600026377,
alpha_tuning,ridge,10,0.0056234132519034,,14,0.1425173524591447,0.9968610934592932,0.2780842808568733,0.9951391123107012,0.1537881469994317,
alpha_tuning,ridge,10,0.0056234132519034,,15,0.1479536878004997,0.9970724496625616,0.2279834000575361,0.993764118664592,0.1556909419996373,
alpha_tuning,ridge,10,0.0074989420933245,,1,0.1440922113858456,0.99700967175194,0.2624581301060452,0.9942922282109116,0.2280393339970032,
alpha_tuning,ridge,10,0.0074989420933245,,2,0.1420022015001836,0.9970900909238628,0.2632848040771604,0.993969466827341,0.0990911239969136,
alpha_tuning,ridge,10,0.0074989420933245,,3,0.1475442736838739,0.9969073130258717,0.2408566323269462,0.9949624803961056,0.1286497090004559,
alpha_tuning,ridge,10,0.0074989420933245,,4,0.150610705316731,0.9968261788099276,0.2164923030968764,0.9956005616500764,0.070654644001479,
alpha_tuning,ridge,10,0.0074989420933245,,5,0.1366849208517448,0.9970803067643252,0.2716434826082883,0.994703689372112,0.0415883620007662,
alpha_tuning,ridge,10,0.0074989420933245,,6,0.1449172613886433,0.997125448697114,0.2389959350154011,0.9936002910873156,0.0520514269992418,
alpha_tuning,ridge,10,0.0074989420933245,,7,0.1379544150489833,0.9970341647994112,0.2815127628374689,0.9946698762321692,0.0666460190004727,
alpha_tuning,ridge,10,0.0074989420933245,,8,0.1414314698146599,0.9970301965792112,0.2567489807226406,0.9946912089301542,0.0910162889995263,
alpha_tuning,ridge,10,0.0074989420933245,,9,0.1523389789366427,0.9968841444125676,0.2073573263180758,0.995179307694787,0.1686207899983856,
alpha_tuning,ridge,10,0.0074989420933245,,10,0.1434468886879441,0.9968501568145244,0.2659482788150089,0.995315208478449,0.1719206109992228,
alpha_tuning,ridge,10,0.0074989420933245,,11,0.1360352666136707,0.9969583518978868,0.3038405690251511,0.9949463974766336,0.0230959489999804,
alpha_tuning,ridge,10,0.0074989420933245,,12,0.1446580404557281,0.9969935878161048,0.2641412327948542,0.9943142976892176,0.0581056759983766,
alpha_tuning,ridge,10,0.0074989420933245,,13,0.1443844444897366,0.9971236469628852,0.2505864975866849,0.9933857239540712,0.0344534230025601,
alpha_tuning,ridge,10,0.0074989420933245,,14,0.1443415208345139,0.9968209166390956,0.2752421029802781,0.99518879331895,0.1003331479987537,
alpha_tuning,ridge,10,0.0074989420933245,,15,0.1499761105275923,0.9970324321109536,0.2238579235300406,0.9938769601349404,0.0544503519995487,
alpha_tuning,ridge,10,0.01,,1,0.1459082291286043,0.9969719841552066,0.2588591838778135,0.99437049579494,0.1127928319983766,
alpha_tuning,ridge,10,0.01,,2,0.1438625270093038,0.9970519691340146,0.2611475282797043,0.994018421086744,0.0220154460002959,
alpha_tuning,ridge,10,0.01,,3,0.1494319913829062,0.996867744428644,0.2384414751681153,0.995012993439556,0.0157548040006076,
alpha_tuning,ridge,10,0.01,,4,0.1525864458294916,0.9967845440065296,0.2148574028672857,0.9956337851996692,0.0117042769998079,
alpha_tuning,ridge,10,0.01,,5,0.1387710982048182,0.9970357444390282,0.2695062854383683,0.9947453589162376,0.0388609580004413,
alpha_tuning,ridge,10,0.01,,6,0.1468399082887842,0.9970873114379716,0.2365999365189449,0.9936644498895628,0.0225281489983899,
alpha_tuning,ridge,10,0.01,,7,0.1397933094740422,0.9969946310315786,0.2788693492777783,0.9947199262593888,0.0298377979997894,
alpha_tuning,ridge,10,0.01,,8,0.1433804697526585,0.9969892711282452,0.2538547008609941,0.9947510538691288,0.0221369469982164,
alpha_tuning,ridge,10,0.01,,9,0.1543454130054785,0.9968431059413384,0.2054272361416466,0.9952241788890056,0.0147143979993416,
alpha_tuning,ridge,10,0.01,,10,0.1451995430522816,0.9968116715852072,0.2652892786855201,0.9953268170447204,0.0253201679988706,
alpha_tuning,ridge,10,0.01,,11,0.1378941170732842,0.9969167893743344,0.3032700943172704,0.9949558858488826,0.1275930470001185,
alpha_tuning,ridge,10,0.01,,12,0.1462053910379914,0.9969614293987186,0.2630744880157374,0.9943372596220876,0.0263001739986066,
alpha_tuning,ridge,10,0.01,,13,0.1463729498104184,0.9970840329771912,0.2480895527242783,0.993451631266518,0.0281265869998605,
alpha_tuning,ridge,10,0.01,,14,0.1462195790852639,0.9967795529088171,0.2725466774205237,0.9952359091101788,0.0969377430010354,
alpha_tuning,ridge,10,0.01,,15,0.1520576410293637,0.9969912449975166,0.2201947376000576,0.9939771568719096,0.0286044900021806,
alpha_tuning,ridge,10,0.0133352143216332,,1,0.1477754140463068,0.9969332346922756,0.2555978933359338,0.9944414202587522,0.0223493490011605,
alpha_tuning,ridge,10,0.0133352143216332,,2,0.1457474154559338,0.9970133440004576,0.2589544297304184,0.9940686539651616,0.0319431130010343,
alpha_tuning,ridge,10,0.0133352143216332,,3,0.151373314871347,0.9968270521963036,0.2364655217919633,0.9950543205301684,0.0266758769976149,
alpha_tuning,ridge,10,0.0133352143216332,,4,0.1546178648137948,0.9967417358900368,0.213376238898844,0.9956638846049232,0.033416121998016,
alpha_tuning,ridge,10,0.0133352143216332,,5,0.1409240439970031,0.9969897558893984,0.2675388826184077,0.9947837179313872,0.0113540769998508,
alpha_tuning,ridge,10,0.0133352143216332,,6,0.1488011784834872,0.9970484080544858,0.2341884710168628,0.9937290228592466,0.0328616240003611,
alpha_tuning,ridge,10,0.0133352143216332,,7,0.1417203188001227,0.9969532029113614,0.2760460620354216,0.9947733819900711,0.0485015300000668,
alpha_tuning,ridge,10,0.0133352143216332,,8,0.1454125780354879,0.996946600553318,0.2511730544647851,0.9948065021922364,0.0832592669976293,
alpha_tuning,ridge,10,0.0133352143216332,,9,0.1563852861441603,0.996801383526227,0.2039852677505364,0.995257702112182,0.0853376809973269,
alpha_tuning,ridge,10,0.0133352143216332,,10,0.1470116701505067,0.9967718804385064,0.2647116612712474,0.9953369920200092,0.1165330930016352,
alpha_tuning,ridge,10,0.0133352143216332,,11,0.1398083831992565,0.9968739877974055,0.3029164807897831,0.9949617672959208,0.0733451000014611,
alpha_tuning,ridge,10,0.0133352143216332,,12,0.1477852767409098,0.9969285948074892,0.2617847154653506,0.994365022280316,0.039624270000786,
alpha_tuning,ridge,10,0.0133352143216332,,13,0.148407305516532,0.9970435055835752,0.2458470780468721,0.9935108217922852,0.0526304580016585,
alpha_tuning,ridge,10,0.0133352143216332,,14,0.1481518495059718,0.9967369951700064,0.2699545044053987,0.9952812200564104,0.0755916139969485,
alpha_tuning,ridge,10,0.0133352143216332,,15,0.154185122524577,0.9969491486546556,0.2169399637301504,0.9940661825800148,0.0155825059991911,
alpha_tuning,ridge,10,0.0177827941003892,,1,0.1497106129388443,0.9968930737435446,0.2526406867447313,0.9945057316990148,0.0251324729979387,
alpha_tuning,ridge,10,0.0177827941003892,,2,0.1476783339793966,0.996973775618578,0.2566563183920062,0.994121292159414,0.0313419189988053,
alpha_tuning,ridge,10,0.0177827941003892,,3,0.1533637721125805,0.9967853300675564,0.2349471529285962,0.9950860772347326,0.0166737170002306,
alpha_tuning,ridge,10,0.0177827941003892,,4,0.1567036052780624,0.9966977830563484,0.2120684826334755,0.995690460113539,0.0969107769997208,
alpha_tuning,ridge,10,0.0177827941003892,,5,0.1431377400480101,0.9969424696683166,0.2657515347737563,0.9948185663632158,0.0217529510009626,
alpha_tuning,ridge,10,0.0177827941003892,,6,0.1508197569848198,0.9970083679143024,0.2316634734078196,0.9937966359326742,0.025167476000206,
alpha_tuning,ridge,10,0.0177827941003892,,7,0.1437367644387199,0.9969098520301816,0.2731492503988786,0.9948282298214776,0.0291550169968104,
alpha_tuning,ridge,10,0.0177827941003892,,8,0.147529608961048,0.996902146757477,0.2487840926530572,0.9948558986848598,0.0254516419990977,
alpha_tuning,ridge,10,0.0177827941003892,,9,0.1584554808683468,0.996759040930501,0.2031253441692836,0.9952776938195635,0.0179199300000618,
alpha_tuning,ridge,10,0.0177827941003892,,10,0.1488854791285252,0.9967307348654356,0.2642368883291485,0.9953453553463812,0.0827939369992236,
alpha_tuning,ridge,10,0.0177827941003892,,11,0.1417738666827854,0.9968300410381848,0.3028096831655529,0.994963543598358,0.2935748870004318,
alpha_tuning,ridge,10,0.0177827941003892,,12,0.1494276667219498,0.996894461196705,0.2603228304083129,0.994396489700828,0.0334453559989924,
alpha_tuning,ridge,10,0.0177827941003892,,13,0.150488752318244,0.9970020400652442,0.2438444238654994,0.9935636822125702,0.0509380840012454,
alpha_tuning,ridge,10,0.0177827941003892,,14,0.1501490701369221,0.9966930069202,0.2674427005736995,0.9953251261566968,0.029214750000392,
alpha_tuning,ridge,10,0.0177827941003892,,15,0.1563579551863469,0.9969061549511072,0.2140339856337108,0.9941456679046836,0.0269004490000952,
alpha_tuning,ridge,10,0.0237137370566165,,1,0.1517443223852998,0.9968508684171944,0.2500074795507537,0.9945629970073158,0.0181183330023486,
alpha_tuning,ridge,10,0.0237137370566165,,2,0.1496891368280298,0.9969325702471276,0.2542700400867837,0.9941759498162784,0.0159303289983654,
alpha_tuning,ridge,10,0.0237137370566165,,3,0.1554112934968628,0.9967424118128774,0.2339081715647492,0.9951078075434971,0.022076041001128,
alpha_tuning,ridge,10,0.0237137370566165,,4,0.1588552488534656,0.9966524414456126,0.2109742256355966,0.99571269700664,0.0374277679984516,
alpha_tuning,ridge,10,0.0237137370566165,,5,0.1454191895139067,0.9968937361830746,0.2641612207789084,0.994849573169754,0.0529590959995402,
alpha_tuning,ridge,10,0.0237137370566165,,6,0.1529335925598018,0.9969664382728788,0.2289817972274695,0.9938684444634394,0.0850108550002914,
alpha_tuning,ridge,10,0.0237137370566165,,7,0.1458524680915488,0.9968643672346036,0.2703183928761059,0.9948818288868038,0.090708165000251,
alpha_tuning,ridge,10,0.0237137370566165,,8,0.149740201134607,0.996855728345736,0.2467719983695242,0.9948975026987648,0.0126431230019079,
alpha_tuning,ridge,10,0.0237137370566165,,9,0.1605661297042962,0.9967158709091808,0.2029616308182692,0.9952814998663791,0.0417754770023748,
alpha_tuning,ridge,10,0.0237137370566165,,10,0.1508327507536062,0.9966879761809172,0.2638986264228887,0.9953513139730644,0.0485651890012377,
alpha_tuning,ridge,10,0.0237137370566165,,11,0.1437963205543059,0.99678482046316,0.3030146500324819,0.9949601345043084,0.016454029999295,
alpha_tuning,ridge,10,0.0237137370566165,,12,0.1511729460993185,0.9968581892468852,0.2588000541696733,0.99442926781838,0.027831850999064,
alpha_tuning,ridge,10,0.0237137370566165,,13,0.1526328010009069,0.9969593274242676,0.2420790069066705,0.9936102807133448,0.0988994800027285,
alpha_tuning,ridge,10,0.0237137370566165,,14,0.1522351268378841,0.99664706207973,0.2650245852841875,0.9953673945898708,0.0343840630011982,
alpha_tuning,ridge,10,0.0237137370566165,,15,0.1585928378733782,0.9968619334676024,0.2114352901369206,0.9942167483287,0.0475887889988371,
alpha_tuning,ridge,10,0.0316227766016837,,1,0.1539219438649485,0.9968056765018122,0.2477727141058779,0.9946115972589306,0.0363847720000194,
alpha_tuning,ridge,10,0.0316227766016837,,2,0.1518270206198551,0.9968887607330228,0.25187437223222,0.9942308225405826,0.0685407370001485,
alpha_tuning,ridge,10,0.0316227766016837,,3,0.157540859650038,0.9966977738114284,0.2333857602678502,0.99511873378258,0.0423331839992897,
alpha_tuning,ridge,10,0.0316227766016837,,4,0.1611010559011682,0.9966051155269016,0.2101576577565465,0.9957292908531232,0.0266156520010554,
alpha_tuning,ridge,10,0.0316227766016837,,5,0.1477930270786264,0.9968430292182016,0.2628008997597838,0.9948760957375024,0.0632179259991971,
alpha_tuning,ridge,10,0.0316227766016837,,6,0.155200057406789,0.9969214811061724,0.2261731435393194,0.9939436531319028,0.0343043680004484,
alpha_tuning,ridge,10,0.0316227766016837,,7,0.1480909612139063,0.9968162426298476,0.2677158577381416,0.9949311049276328,0.020691842000815,
alpha_tuning,ridge,10,0.0316227766016837,,8,0.1520649070662243,0.996806913752795,0.2452222003207705,0.994929547827116,0.034040268001263,
alpha_tuning,ridge,10,0.0316227766016837,,9,0.1627435197617326,0.9966713358005443,0.2036294162411327,0.9952659750324768,0.0470110930000373,
alpha_tuning,ridge,10,0.0316227766016837,,10,0.1528795080858354,0.996643032963994,0.2637405468517445,0.9953540986116336,0.0862002710018714,
alpha_tuning,ridge,10,0.0316227766016837,,11,0.1458959509880185,0.9967378742771978,0.3036262673574487,0.9949499618309664,0.0632396260007226,
alpha_tuning,ridge,10,0.0316227766016837,,12,0.1530724965078641,0.9968187110991502,0.2573854580422179,0.9944597173335336,0.0510835009990842,
alpha_tuning,ridge,10,0.0316227766016837,,13,0.1548738013860626,0.9969146833610736,0.2405779470573734,0.9936499014602737,0.0654354299986152,
alpha_tuning,ridge,10,0.0316227766016837,,14,0.1544479131729844,0.9965983260529896,0.2627530483006208,0.9954071008477188,0.1305195619970618,
alpha_tuning,ridge,10,0.0316227766016837,,15,0.1609262964311873,0.9968157614695274,0.2091365843492398,0.9942796233297456,0.0306752659998892,
alpha_tuning,ridge,10,0.0421696503428582,,1,0.1563029752984868,0.9967562632442408,0.2460575770643325,0.9946488969639014,0.026796057998581,
alpha_tuning,ridge,10,0.0421696503428582,,2,0.1541530405665908,0.9968410959328804,0.2495989027439455,0.9942829421237104,0.0380460819978907,
alpha_tuning,ridge,10,0.0421696503428582,,3,0.1597973019573813,0.9966504763490632,0.2334396483798031,0.995117606712016,0.0313234679997549,
alpha_tuning,ridge,10,0.0421696503428582,,4,0.1634873443110418,0.9965548292427696,0.2097039626889834,0.9957385105965084,0.037879580999288,
alpha_tuning,ridge,10,0.0421696503428582,,5,0.1503036962377102,0.9967893994270358,0.2617252758678407,0.9948970674839837,0.0514125100016826,
alpha_tuning,ridge,10,0.0421696503428582,,6,0.1576930701271479,0.9968720301788312,0.2233489211354861,0.994019278691342,0.0376045810007781,
alpha_tuning,ridge,10,0.0421696503428582,,7,0.1504928849595077,0.996764604485528,0.265511554282676,0.9949728409047908,0.0390664830010791,
alpha_tuning,ridge,10,0.0421696503428582,,8,0.1545403158099153,0.9967549346751222,0.2442196414111565,0.9949502777079956,0.0213915459971758,
alpha_tuning,ridge,10,0.0421696503428582,,9,0.1650310275054138,0.9966245484068376,0.2052770706020094,0.9952276699730888,0.0642917380027938,
alpha_tuning,ridge,10,0.0421696503428582,,10,0.1550696722380853,0.9965949407837236,0.2638154474925206,0.995352779205137,0.0615750320030201,
alpha_tuning,ridge,10,0.0421696503428582,,11,0.1481105168539974,0.996688358219848,0.3047603560299194,0.9949310991972,0.0447929960027977,
alpha_tuning,ridge,10,0.0421696503428582,,12,0.1551883563274189,0.9967747374166582,0.2562932009057591,0.9944832284259102,0.1072883300003013,
alpha_tuning,ridge,10,0.0421696503428582,,13,0.1572665535042721,0.9968670161774889,0.2394129004991534,0.9936806530754512,0.0517920109996339,
alpha_tuning,ridge,10,0.0421696503428582,,14,0.1568386151365951,0.9965456714821532,0.2607105125323128,0.9954428041853564,0.016325336000591,
alpha_tuning,ridge,10,0.0421696503428582,,15,0.1634147460028075,0.9967665226739868,0.2071702255187154,0.994333407861106,0.0952751189979608,
alpha_tuning,ridge,10,0.0562341325190349,,1,0.158957591534289,0.9967011723143334,0.2450111951723465,0.9946716530089944,0.0514650189979875,
alpha_tuning,ridge,10,0.0562341325190349,,2,0.1567416265705628,0.9967880506291616,0.2476102217153879,0.9943284928229034,0.0550855269975727,
alpha_tuning,ridge,10,0.0562341325190349,,3,0.1622457272188514,0.9965991547170931,0.2341556025441358,0.9951026325213388,0.0651516500001889,
alpha_tuning,ridge,10,0.0562341325190349,,4,0.1660778640975113,0.996500239188402,0.2097113173105253,0.995738361139906,0.0582947340008104,
alpha_tuning,ridge,10,0.0562341325190349,,5,0.1530151273501679,0.996731481208781,0.2610113353858371,0.9949109873856364,0.0526266209999448,
alpha_tuning,ridge,10,0.0562341325190349,,6,0.1604975919520384,0.9968164002159928,0.2206988471748016,0.9940902409942964,0.0976768260006792,
alpha_tuning,ridge,10,0.0562341325190349,,7,0.1531170524695367,0.9967081883978608,0.2638666014658324,0.9950039862142172,0.0223844520005513,
alpha_tuning,ridge,10,0.0562341325190349,,8,0.1572210409606388,0.996698644326636,0.2438474296297589,0.9949579739199752,0.0193592449977586,
alpha_tuning,ridge,10,0.0562341325190349,,9,0.1674884802664247,0.9965742850535596,0.208051110164925,0.9951631784433572,0.0186169429980509,
alpha_tuning,ridge,10,0.0562341325190349,,10,0.1574668113017993,0.9965423037958212,0.2641862371003695,0.9953462475892196,0.0584441350001725,
alpha_tuning,ridge,10,0.0562341325190349,,11,0.1504964393092715,0.9966350107557048,0.3065435025025652,0.9949014411645593,0.0296432690010988,
alpha_tuning,ridge,10,0.0562341325190349,,12,0.1575917697721442,0.9967247875387226,0.2557616204735782,0.9944946708200402,0.0183550430010654,
alpha_tuning,ridge,10,0.0562341325190349,,13,0.1598846250036299,0.9968148602964646,0.23870653739498,0.9936992976576796,0.1338067110009433,
alpha_tuning,ridge,10,0.0562341325190349,,14,0.1594702426776462,0.9964877105899616,0.2589905618932531,0.9954728687645618,0.0110967270011315,
alpha_tuning,ridge,10,0.0562341325190349,,15,0.1661322563652303,0.9967127514669504,0.2056038551286983,0.9943762517693772,0.0826604030007729,
alpha_tuning,ridge,10,0.0749894209332455,,1,0.1619612120059322,0.9966388385416995,0.2447810150631716,0.9946766588189992,0.0508853259998431,
alpha_tuning,ridge,10,0.0749894209332455,,2,0.1596784450655995,0.9967278693453264,0.2460979923964355,0.994363130405215,0.0307031750016903,
alpha_tuning,ridge,10,0.0749894209332455,,3,0.1649692105071353,0.9965420675724712,0.2356461921466158,0.995071456820378,0.0324716799987072,
alpha_tuning,ridge,10,0.0749894209332455,,4,0.168951849021956,0.9964396756697996,0.2102821865927995,0.9957267602461222,0.0463075139996362,
alpha_tuning,ridge,10,0.0749894209332455,,5,0.1560083224757033,0.9966675442982088,0.2607539164994341,0.994916006355246,0.0225308549997862,
alpha_tuning,ridge,10,0.0749894209332455,,6,0.1637023684647047,0.9967528308771046,0.2184733365830215,0.9941498345600556,0.0501342229981673,
alpha_tuning,ridge,10,0.0749894209332455,,7,0.1560395906473647,0.9966453577403586,0.2629213363845951,0.9950218837327012,0.0218119540004408,
alpha_tuning,ridge,10,0.0749894209332455,,8,0.1601790670452622,0.9966365311633038,0.2441847243980102,0.9949509996860424,0.0155092379973211,
alpha_tuning,ridge,10,0.0749894209332455,,9,0.1701902330376904,0.9965190249256072,0.2120796795626319,0.9950695213064652,0.0779540920011641,
alpha_tuning,ridge,10,0.0749894209332455,,10,0.1601533668211081,0.9964833117279396,0.2649282918370857,0.9953331759808806,0.0167838420020416,
alpha_tuning,ridge,10,0.0749894209332455,,11,0.1531276719738132,0.9965761783364392,0.3091042799507005,0.9948588492505984,0.020803450999665,
alpha_tuning,ridge,10,0.0749894209332455,,12,0.1603607728978703,0.9966672396505568,0.256028701281616,0.9944889218426792,0.0513877259982109,
alpha_tuning,ridge,10,0.0749894209332455,,13,0.1628159656915129,0.9967564636269328,0.238627915086696,0.9937013729077644,0.0495985220004513,
alpha_tuning,ridge,10,0.0749894209332455,,14,0.1624162141188231,0.9964228263575092,0.2576801762004183,0.9954957741861228,0.0351921869987563,
alpha_tuning,ridge,10,0.0749894209332455,,15,0.1691664365560499,0.9966527143338886,0.2045295689149268,0.9944056360199308,0.09548964699934,
alpha_tuning,ridge,10,0.1,,1,0.1653894318512381,0.996567693109581,0.2454796618672053,0.9946614650945108,0.0560698469998897,
alpha_tuning,ridge,10,0.1,,2,0.1630568047083634,0.9966586400004074,0.2452621127168041,0.9943822762125624,0.0644045690023631,
alpha_tuning,ridge,10,0.1,,3,0.1680642041668774,0.996477193170114,0.2380493799605373,0.9950211941159324,0.0997227609987021,
alpha_tuning,ridge,10,0.1,,4,0.1722015186070506,0.9963711953438612,0.2115184888283355,0.9957016367872772,0.0612729599997692,
alpha_tuning,ridge,10,0.1,,5,0.1593777978509514,0.9965955697570552,0.2610587881499998,0.9949100621855296,0.091219337999064,
alpha_tuning,ridge,10,0.1,,6,0.1673928113141604,0.9966796279529018,0.2169533904750747,0.994190534886834,0.0259182679983496,
alpha_tuning,ridge,10,0.1,,7,0.1593523292946505,0.996574138295247,0.262792970680007,0.9950243141912216,0.0316269830000237,
alpha_tuning,ridge,10,0.1,,8,0.1635011065722607,0.9965667743802892,0.2453040164200631,0.9949278561180542,0.0262109679970308,
alpha_tuning,ridge,10,0.1,,9,0.1732222310772219,0.9964570101471276,0.2174604859718331,0.9949444270427936,0.0278019729994412,
alpha_tuning,ridge,10,0.1,,10,0.1632276535218746,0.996415805760378,0.2661329868178188,0.9953119547687828,0.0214170559993363,
alpha_tuning,ridge,10,0.1,,11,0.156092949145877,0.9965098769286708,0.3125688997044082,0.9948012242560628,0.0375229980018048,
alpha_tuning,ridge,10,0.1,,12,0.163577450770899,0.9966003877872336,0.2573093855512847,0.994461354811836,0.0488810279966855,
alpha_tuning,ridge,10,0.1,,13,0.1661573062049152,0.9966898991506296,0.2393785700560654,0.993681559233722,0.0538158429990289,
alpha_tuning,ridge,10,0.1,,14,0.1657597674538369,0.9963491854902649,0.2568519805668997,0.9955102509697328,0.0248329679998278,
alpha_tuning,ridge,10,0.1,,15,0.1726134788188145,0.9965845079249132,0.2040510783483112,0.994418723860505,0.0409023130014247,
alpha_tuning,ridge,10,0.1333521432163324,,1,0.1693172570162452,0.9964861794286444,0.2471634829889874,0.9946248464281624,0.0299656829993182,
alpha_tuning,ridge,10,0.1333521432163324,,2,0.166974483071574,0.9965783589364094,0.24530275779716,0.9943813452378096,0.0188459519995376,
alpha_tuning,ridge,10,0.1333521432163324,,3,0.1716358501282211,0.9964023276218614,0.2415266835213886,0.9949484662666418,0.0511359409974829,
alpha_tuning,ridge,10,0.1333521432163324,,4,0.1759303042671771,0.9962926185991572,0.2135241427571626,0.9956608789834897,0.0418338160015991,
alpha_tuning,ridge,10,0.1333521432163324,,5,0.1632288678707318,0.9965133079902356,0.2620379702424913,0.9948909707923794,0.0740991919992666,
alpha_tuning,ridge,10,0.1333521432163324,,6,0.1716474117084061,0.9965952345066736,0.2164157496281832,0.994204931553955,0.03550534399983,
alpha_tuning,ridge,10,0.1333521432163324,,7,0.1631621551147138,0.9964922321415276,0.2635869618855699,0.9950092808714048,0.0453455110000504,
alpha_tuning,ridge,10,0.1333521432163324,,8,0.1672862088141982,0.9964872941231664,0.247270703310333,0.9948871909914748,0.0620055250001314,
alpha_tuning,ridge,10,0.1333521432163324,,9,0.1766791947699511,0.9963863033607704,0.2242582575736786,0.9947863908362342,0.0436510990002716,
alpha_tuning,ridge,10,0.1333521432163324,,10,0.1668005587090738,0.9963373510015526,0.267913904634518,0.9952805831474832,0.0124460850020113,
alpha_tuning,ridge,10,0.1333521432163324,,11,0.159493532059018,0.9964338424059964,0.3170656037393561,0.994726433207156,0.0242462659989541,
alpha_tuning,ridge,10,0.1333521432163324,,12,0.1673264850030752,0.9965224720201048,0.25978006072497,0.9944081729462272,0.0222213519991782,
alpha_tuning,ridge,10,0.1333521432163324,,13,0.1700097440055277,0.9966131528556444,0.2411753345911158,0.9936341333079884,0.0506833479994384,
alpha_tuning,ridge,10,0.1333521432163324,,14,0.1695953773310795,0.9962647072093852,0.2565735959626866,0.9955151171070468,0.1204296249998151,
alpha_tuning,ridge,10,0.1333521432163324,,15,0.1765746062043336,0.9965061293458694,0.2042738197277268,0.9944126313607432,0.0590167130030749,
alpha_tuning,ridge,10,0.1778279410038923,,1,0.1738264806423648,0.9963926000557116,0.2498395099409209,0.994566649903113,0.0162622140014718,
alpha_tuning,ridge,10,0.1778279410038923,,2,0.1715342041725198,0.9964849211327972,0.24641633442835,0.9943558387873396,0.0223291570000583,
alpha_tuning,ridge,10,0.1778279410038923,,3,0.1757971684666525,0.9963151019051384,0.246265254083439,0.9948493590015848,0.0122976860002381,
alpha_tuning,ridge,10,0.1778279410038923,,4,0.1802537960902404,0.9962015096043864,0.2164162934932529,0.99560210627573,0.0578521050010749,
alpha_tuning,ridge,10,0.1778279410038923,,5,0.1676789346774263,0.996418251199239,0.2638136179458161,0.9948563504815509,0.1173822229975485,
alpha_tuning,ridge,10,0.1778279410038923,,6,0.1765417611228455,0.9964981511202554,0.2171060108459915,0.9941864480978768,0.0636201300003449,
alpha_tuning,ridge,10,0.1778279410038923,,7,0.1675932674108006,0.9963969691604856,0.2654231440691176,0.9949745148515629,0.0094296050010598,
alpha_tuning,ridge,10,0.1778279410038923,,8,0.1716470561755984,0.996395724266554,0.2501499783867342,0.9948276563060002,0.020772809999471,
alpha_tuning,ridge,10,0.1778279410038923,,9,0.1806645860418151,0.9963047884146338,0.2325152928387778,0.9945944293219094,0.037233416998788,
alpha_tuning,ridge,10,0.1778279410038923,,10,0.1709953824539082,0.9962452399972096,0.2704188199867781,0.9952364580030876,0.032636015999742,
alpha_tuning,ridge,10,0.1778279410038923,,11,0.1634446784456811,0.9963454976906344,0.3227421064710269,0.9946320192563768,0.0219905100020696,
alpha_tuning,ridge,10,0.1778279410038923,,12,0.1716978133295503,0.9964316231830882,0.2635750345133686,0.9943264852407157,0.0178784090021508,
alpha_tuning,ridge,10,0.1778279410038923,,13,0.1744785857400358,0.9965241268768358,0.2442372438028374,0.9935533136590888,0.0209475100018607,
alpha_tuning,ridge,10,0.1778279410038923,,14,0.1740338568644487,0.9961669508856976,0.2569366984838616,0.9955087701083252,0.0133300069974211,
alpha_tuning,ridge,10,0.1778279410038923,,15,0.1811572254644105,0.9964154533460978,0.2053028448859689,0.9943844851063393,0.0166564080027455,
alpha_tuning,ridge,10,0.2371373705661655,,1,0.1790224932311491,0.996284767834441,0.2535087659399356,0.9944868532670949,0.0572715270027401,
alpha_tuning,ridge,10,0.2371373705661655,,2,0.1768506952888021,0.9963759755982275,0.2487995782885181,0.9943012506343786,0.0318879149999702,
alpha_tuning,ridge,10,0.2371373705661655,,3,0.180676190258054,0.9962128323506244,0.2524897454160012,0.9947191736842484,0.0261656160000711,
alpha_tuning,ridge,10,0.2371373705661655,,4,0.185305402149928,0.99609505704962,0.2203430671708418,0.9955223085255952,0.0256249160011066,
alpha_tuning,ridge,10,0.2371373705661655,,5,0.1728659918944964,0.9963074517359524,0.2665363223085355,0.994803265136324,0.0491667300011613,
alpha_tuning,ridge,10,0.2371373705661655,,6,0.1821626398991946,0.9963866564352531,0.2192313828325494,0.9941295359916344,0.0345012210018467,
alpha_tuning,ridge,10,0.2371373705661655,,7,0.172793841840746,0.9962851637738864,0.2684729577159352,0.9949167701012273,0.0280215170023439,
alpha_tuning,ridge,10,0.2371373705661655,,8,0.1767179977630231,0.9962892437237676,0.2540251441397999,0.9947475296185012,0.0202798129976145,
alpha_tuning,ridge,10,0.2371373705661655,,9,0.1852967677573007,0.9962100443814196,0.2422763251191646,0.9943675025282412,0.0515460320020793,
alpha_tuning,ridge,10,0.2371373705661655,,10,0.1759542378415861,0.9961363521921583,0.2738501119091747,0.995176014343224,0.1401439859982929,
alpha_tuning,ridge,10,0.2371373705661655,,11,0.1680833649688835,0.9962417800855544,0.3297968811456384,0.9945146813142718,0.0580615360013325,
alpha_tuning,ridge,10,0.2371373705661655,,12,0.1767964551442732,0.9963256586696412,0.2687986625628944,0.9942140454154084,0.0204814130011072,
alpha_tuning,ridge,10,0.2371373705661655,,13,0.1796802732532331,0.9964205015193426,0.2487818156421985,0.9934333588612624,0.045758428001136,
alpha_tuning,ridge,10,0.2371373705661655,,14,0.1792125712105176,0.9960528910883968,0.2581024104140744,0.9954883935708474,0.0387512240013165,
alpha_tuning,ridge,10,0.2371373705661655,,15,0.1864836716539442,0.9963100592895432,0.2072515268299429,0.9943311840793344,0.0201354130003892,
alpha_tuning,ridge,10,0.3162277660168379,,1,0.1850579117344873,0.9961595155236754,0.258238877272204,0.9943839858268266,0.0168443100010335,
alpha_tuning,ridge,10,0.3162277660168379,,2,0.1830652505188967,0.996248626934072,0.2526607022032241,0.9942128116683204,0.036056221997569,
alpha_tuning,ridge,10,0.3162277660168379,,3,0.1864324946377754,0.9960921740076756,0.2604876381599738,0.994551897653282,0.048131129999092,
alpha_tuning,ridge,10,0.3162277660168379,,4,0.1912474782518025,0.9959698396090304,0.2255018762165643,0.9954174740255642,0.0253864190017338,
alpha_tuning,ridge,10,0.3162277660168379,,5,0.1789654468239948,0.996177162767806,0.270420145931355,0.9947275411169848,0.0279021210008068,
alpha_tuning,ridge,10,0.3162277660168379,,6,0.1886309726409275,0.9962583518141744,0.222976680545999,0.9940292463563488,0.0292626220034435,
alpha_tuning,ridge,10,0.3162277660168379,,7,0.1789474531635465,0.9961528693702212,0.2729997611767641,0.9948310602297612,0.0211095159975229,
alpha_tuning,ridge,10,0.3162277660168379,,8,0.1826705808553715,0.9961642503142148,0.259027230626191,0.9946441016243772,0.0430273329984629,
alpha_tuning,ridge,10,0.3162277660168379,,9,0.1907233314533999,0.9960990525070412,0.2536248669323353,0.994103668936414,0.0317080249988066,
alpha_tuning,ridge,10,0.3162277660168379,,10,0.1818521664067912,0.9960068439799592,0.2784930911605165,0.9950942262980884,0.037913929001661,
alpha_tuning,ridge,10,0.3162277660168379,,11,0.1735822283637217,0.9961188295608484,0.3385188246960073,0.994369614327081,0.0297997229972679,
alpha_tuning,ridge,10,0.3162277660168379,,12,0.1827608589316419,0.996201701120102,0.2755542626269249,0.994068629531306,0.0201366159999452,
alpha_tuning,ridge,10,0.3162277660168379,,13,0.1857575666123734,0.99629943279014,0.2550320911810752,0.9932683817049694,0.0463676350009336,
alpha_tuning,ridge,10,0.3162277660168379,,14,0.1853107586365156,0.9959185801426234,0.2603541177551146,0.9954490339333294,0.0370617280022997,
alpha_tuning,ridge,10,0.3162277660168379,,15,0.1927080041960532,0.9961868988120662,0.2102599484059307,0.9942488966849452,0.0269857200000842,
alpha_tuning,ridge,10,0.4216965034285822,,1,0.1921574332738229,0.9960121800112102,0.2642467361763909,0.994253330748425,0.1122349850011232,
alpha_tuning,ridge,10,0.4216965034285822,,2,0.1903664924393862,0.99609900988654,0.2582337234905595,0.994085161727174,0.019434714999079,
alpha_tuning,ridge,10,0.4216965034285822,,3,0.1932803382592747,0.9959486358259466,0.270645448382908,0.9943394469200956,0.0294458219977968,
alpha_tuning,ridge,10,0.4216965034285822,,4,0.1982869493958385,0.9958214967496244,0.2321503660245694,0.9952823670466464,0.0506563390008523,
alpha_tuning,ridge,10,0.4216965034285822,,5,0.1862128700612132,0.9960223523288056,0.2757911872712332,0.9946228203887048,0.0509483380010351,
alpha_tuning,ridge,10,0.4216965034285822,,6,0.1961291152957422,0.9961096200790374,0.2285370628796715,0.9938803533286223,0.0508922389999497,
alpha_tuning,ridge,10,0.4216965034285822,,7,0.186288183004374,0.995995053507987,0.279393070569966,0.994710010192781,0.0316194290026032,
alpha_tuning,ridge,10,0.4216965034285822,,8,0.1897343981784143,0.9960159230085784,0.2653708313041477,0.994512935181048,0.0361116330022923,
alpha_tuning,ridge,10,0.4216965034285822,,9,0.1971421885479692,0.9959677648229392,0.2667230898804749,0.9937991583425556,0.0480815430018992,
alpha_tuning,ridge,10,0.4216965034285822,,10,0.188916733446156,0.9958517184240768,0.2847474055738623,0.9949840539019094,0.200919781000266,
alpha_tuning,ridge,10,0.4216965034285822,,11,0.1801670261003683,0.9959715983462004,0.3493248780494016,0.9941898835601544,0.1604421449992514,
alpha_tuning,ridge,10,0.4216965034285822,,12,0.1897880080856311,0.9960556566502058,0.2839872658979842,0.9938871071477016,0.0339791309997963,
alpha_tuning,ridge,10,0.4216965034285822,,13,0.1929015337811123,0.996157114331005,0.2632323625008341,0.993051934056422,0.023476121998101,
alpha_tuning,ridge,10,0.4216965034285822,,14,0.1925678077878916,0.9957587455775376,0.2641460992580391,0.9953827504449252,0.0241387220012256,
alpha_tuning,ridge,10,0.4216965034285822,,15,0.200038201947536,0.9960418566490769,0.2145170477157008,0.9941324550224292,0.102370492000773,
alpha_tuning,ridge,10,0.5623413251903491,,1,0.2006377142825421,0.995836189764354,0.2719678450790828,0.9940854170032596,0.0380051339998317,
alpha_tuning,ridge,10,0.5623413251903491,,2,0.1990148736090923,0.995921787261864,0.2657929754894295,0.9939120172112972,0.0525264469979447,
alpha_tuning,ridge,10,0.5623413251903491,,3,0.2015120756844598,0.9957760897387712,0.2834853741078367,0.9940708997062324,0.0511271499999566,
alpha_tuning,ridge,10,0.5623413251903491,,4,0.2066933661265497,0.9956443482295614,0.2406038738642905,0.9951105794770678,0.1326099379984953,
alpha_tuning,ridge,10,0.5623413251903491,,5,0.1949275488556554,0.9958362002019384,0.2831418612888959,0.9944795021962416,0.0556383580005785,
alpha_tuning,ridge,10,0.5623413251903491,,6,0.2049270382909373,0.995935106147666,0.2361556669979447,0.9936763463078554,0.1039912080013891,
alpha_tuning,ridge,10,0.5623413251903491,,7,0.1951171601399965,0.9958052423216998,0.288190325059791,0.9945434441913849,0.0853507889987668,
alpha_tuning,ridge,10,0.5623413251903491,,8,0.1982192169765014,0.9958377572585912,0.2733887411101433,0.9943471490974688,0.0311532330015325,
alpha_tuning,ridge,10,0.5623413251903491,,9,0.204824821192694,0.995810628586243,0.2818437818849458,0.9934476289083668,0.0199984210012189,
alpha_tuning,ridge,10,0.5623413251903491,,10,0.1974485873423557,0.9956643738110272,0.2931540882804823,0.9948359666270308,0.0447261459994479,
alpha_tuning,ridge,10,0.5623413251903491,,11,0.188134020739726,0.9957934622295334,0.362785191264875,0.9939660060409368,0.0839413879984931,
alpha_tuning,ridge,10,0.5623413251903491,,12,0.1981605009776129,0.9958816520490048,0.2943362685391089,0.993664342425934,0.0150403160005225,
alpha_tuning,ridge,10,0.5623413251903491,,13,0.2013765963679488,0.995988278469929,0.2736686690692504,0.9927764658519964,0.0831096859983517,
alpha_tuning,ridge,10,0.5623413251903491,,14,0.2013004701337055,0.9955664110268174,0.2701363402759065,0.995278041582094,0.060805163000623,
alpha_tuning,ridge,10,0.5623413251903491,,15,0.2087595121775323,0.9958692886307576,0.2202789222653161,0.9939748542236349,0.1559580840003036,
alpha_tuning,ridge,10,0.7498942093324559,,1,0.2109176677118215,0.9956228511332602,0.282091513604628,0.9938652539258618,0.0759808889997657,
alpha_tuning,ridge,10,0.7498942093324559,,2,0.2093682700762653,0.9957096254641568,0.2756689021648424,0.9936858093082792,0.0254399299992655,
alpha_tuning,ridge,10,0.7498942093324559,,3,0.211514848342536,0.9955664208445985,0.2996860262509763,0.9937320628555362,0.03867844600245,
alpha_tuning,ridge,10,0.7498942093324559,,4,0.2168173310491639,0.9954310057959584,0.2512182064872229,0.9948948808063428,0.0501104590002796,
alpha_tuning,ridge,10,0.7498942093324559,,5,0.2055313282986515,0.9956096954571622,0.2931818269747626,0.994283750115407,0.0688024810006027,
alpha_tuning,ridge,10,0.7498942093324559,,6,0.215403173486217,0.9957273035174876,0.2461556144430299,0.9934085729133556,0.0672928789972502,
alpha_tuning,ridge,10,0.7498942093324559,,7,0.2058175758781821,0.9955751977113408,0.3000838690259711,0.9943182534727156,0.1293219520011916,
alpha_tuning,ridge,10,0.7498942093324559,,8,0.2085342096661768,0.9956211611883152,0.2835596957717824,0.99413684456918,0.0740273869996599,
alpha_tuning,ridge,10,0.7498942093324559,,9,0.2141364798794707,0.9956201731693172,0.2993838995314537,0.99303985209299,0.0370491439971374,
alpha_tuning,ridge,10,0.7498942093324559,,10,0.2078386811113927,0.9954362254952696,0.3044120874742954,0.9946376522051148,0.1371562670028652,
alpha_tuning,ridge,10,0.7498942093324559,,11,0.1978647486215686,0.9955758903400465,0.3796304508390434,0.993685828688176,0.0340498450023005,
alpha_tuning,ridge,10,0.7498942093324559,,12,0.2082692004674113,0.995671564056566,0.306982448505306,0.9933921304206532,0.0202072269967175,
alpha_tuning,ridge,10,0.7498942093324559,,13,0.2115440224014791,0.9957857282100688,0.2866900418051141,0.9924327643572975,0.0462912609982595,
alpha_tuning,ridge,10,0.7498942093324559,,14,0.2119145160686098,0.995332639506132,0.2791925617122474,0.9951197396631368,0.0155649209991679,
alpha_tuning,ridge,10,0.7498942093324559,,15,0.2192555206911037,0.9956616047688516,0.2278796536606336,0.9937669563721616,0.0188922239976818,
alpha_tuning,ridge,10,1.0,,1,0.2235183196302722,0.995361351326898,0.295547649779145,0.9935726184703856,0.0506386659981217,
alpha_tuning,ridge,10,1.0,,2,0.2219064783274407,0.995452692503941,0.2882712362240732,0.9933971530986528,0.0482158640006673,
alpha_tuning,ridge,10,1.0,,3,0.223776635928581,0.99530940056316,0.3200712507265061,0.993305705619976,0.0315708410016668,
alpha_tuning,ridge,10,1.0,,4,0.2291083766300275,0.9951719964457886,0.2643627936206661,0.9946277636853113,0.0645688850017904,
alpha_tuning,ridge,10,1.0,,5,0.218559473231528,0.995331404432835,0.3068792975399955,0.9940166866164662,0.1006834330000856,
alpha_tuning,ridge,10,1.0,,6,0.2280578204353991,0.9954762883414708,0.2589609454080324,0.9930656784172576,0.1335208749987941,
alpha_tuning,ridge,10,1.0,,7,0.2188659319372919,0.995294675528008,0.315914356897816,0.994018521201924,0.0763934010028606,
alpha_tuning,ridge,10,1.0,,8,0.2212015482428349,0.995355170136348,0.2965286435289421,0.993868686020528,0.1896338039987313,
alpha_tuning,ridge,10,1.0,,9,0.225551282288337,0.9953867012364384,0.3198563383622771,0.9925639039792046,0.0649096470006043,
alpha_tuning,ridge,10,1.0,,10,0.2205805650669162,0.9951564359737642,0.3193837694857157,0.9943739196881644,0.1436142900020058,
alpha_tuning,ridge,10,1.0,,11,0.2098379468769349,0.995308178469028,0.400743743588779,0.9933346636352044,0.0494468409997352,
alpha_tuning,ridge,10,1.0,,12,0.2206261554396265,0.9954147508170994,0.3224865983955238,0.9930583999389532,0.0371382559969788,
alpha_tuning,ridge,10,1.0,,13,0.2238805497295339,0.9955399662239148,0.3027285392885055,0.9920094253077528,0.0622801290010102,
alpha_tuning,ridge,10,1.0,,14,0.2249086868134549,0.9950464463735889,0.2923630178352659,0.99488952129972,0.0204458410007646,
alpha_tuning,ridge,10,1.0,,15,0.2320260291409938,0.9954089155194148,0.2377396994093401,0.9934972609678686,0.0727427009987877,
alpha_tuning,ridge,10,1.333521432163324,,1,0.2390585775642447,0.9950388462321732,0.3134432867275853,0.9931834355874594,0.0594962089999171,
alpha_tuning,ridge,10,1.333521432163324,,2,0.2372549686346937,0.9951381712445644,0.3041311805839776,0.9930338813902296,0.0490789380019123,
alpha_tuning,ridge,10,1.333521432163324,,3,0.2388856415908146,0.9949926995226048,0.3455623823540688,0.9927725582697922,0.0473256280019995,
alpha_tuning,ridge,10,1.333521432163324,,4,0.2441348074115563,0.9948553442906496,0.2803962325166556,0.9943019408964584,0.0311700179991021,
alpha_tuning,ridge,10,1.333521432163324,,5,0.2346654552248774,0.9949873684822206,0.3254931611376912,0.9936537667972536,0.0201518419999047,
alpha_tuning,ridge,10,1.333521432163324,,6,0.243521177070189,0.9951695601330048,0.2751079121956475,0.9926333033341548,0.0338557379982376,
alpha_tuning,ridge,10,1.333521432163324,,7,0.2348418941528688,0.9949512137324183,0.3366576623123978,0.9936257703223575,0.0562982949995785,
alpha_tuning,ridge,10,1.333521432163324,,8,0.2368655855617656,0.9950262538656336,0.3131265863947916,0.9935254908474992,0.0511647599996649,
alpha_tuning,ridge,10,1.333521432163324,,9,0.2396668233918278,0.995097989916959,0.3438693720341257,0.9920056432767632,0.0439082669981871,
alpha_tuning,ridge,10,1.333521432163324,,10,0.2362813529607831,0.994811674088676,0.3390983293570507,0.9940266393697964,0.1321747619986126,
alpha_tuning,ridge,10,1.333521432163324,,11,0.2246424560164332,0.9949771605775076,0.427148304624086,0.9928954920107418,0.0644664210012706,
alpha_tuning,ridge,10,1.333521432163324,,12,0.2358684783809147,0.9950979712916946,0.3416075239808711,0.9926468175077112,0.0457786789993406,
alpha_tuning,ridge,10,1.333521432163324,,13,0.2389933498659309,0.995238896751194,0.3223214523874755,0.9914922668134662,0.0209743870000238,
alpha_tuning,ridge,10,1.333521432163324,,14,0.2408753200117723,0.9946947855511382,0.3108137415583867,0.9945670043436088,0.0593120470002759,
alpha_tuning,ridge,10,1.333521432163324,,15,0.247704845889721,0.9950986797561449,0.250387132904957,0.9931513239634364,0.0718940389997442,
alpha_tuning,ridge,10,1.7782794100389228,,1,0.2582635758196195,0.994640287224475,0.3369672486645588,0.9926718514873318,0.0369723990006605,
alpha_tuning,ridge,10,1.7782794100389228,,2,0.2562143421870225,0.9947496557666708,0.3239800008508349,0.9925792445589208,0.0298750719994131,
alpha_tuning,ridge,10,1.7782794100389228,,3,0.2575388202891777,0.9946017087959154,0.3771121174940983,0.9921126951481912,0.0319245219980075,
alpha_tuning,ridge,10,1.7782794100389228,,4,0.2626148878113111,0.9944659133359,0.2996639286436519,0.993910393298492,0.0736123070018948,
alpha_tuning,ridge,10,1.7782794100389228,,5,0.2546297548416346,0.9945609159504945,0.3506054134067509,0.993164146036594,0.0531680050007707,
alpha_tuning,ridge,10,1.7782794100389228,,6,0.2625664345650917,0.9947917820186436,0.2952575053331125,0.9920937480033056,0.0990780860011,
alpha_tuning,ridge,10,1.7782794100389228,,7,0.2544488216334827,0.9945296910455456,0.3634250542338148,0.9931189602209428,0.0559096379984112,
alpha_tuning,ridge,10,1.7782794100389228,,8,0.2563063640044165,0.994618032906059,0.3344049560051685,0.993085518629302,0.0172616790005122,
alpha_tuning,ridge,10,1.7782794100389228,,9,0.2572308568647738,0.9947387450787926,0.3721171419249189,0.991348932422269,0.0380027739993238,
alpha_tuning,ridge,10,1.7782794100389228,,10,0.255682328931728,0.9943856625347648,0.3647724919673764,0.99357437812616,0.0875493669991556,
alpha_tuning,ridge,10,1.7782794100389228,,11,0.2430014086661575,0.9945666679539852,0.4600111434835145,0.9923489036275056,0.0332709889989928,
alpha_tuning,ridge,10,1.7782794100389228,,12,0.2547654631629439,0.9947052373302184,0.3653086978252626,0.992136644152838,0.0270689409990154,
alpha_tuning,ridge,10,1.7782794100389228,,13,0.2576407425973386,0.9948674129330666,0.3461470867001319,0.9908633848751696,0.055417549003323,
alpha_tuning,ridge,10,1.7782794100389228,,14,0.2605118391520576,0.9942622964731236,0.3357537458950861,0.9941310553583664,0.1486253860020951,
alpha_tuning,ridge,10,1.7782794100389228,,15,0.2670865554819632,0.9947151750845112,0.2665143795636855,0.9927102058977998,0.0370975010009715,
alpha_tuning,ridge,10,2.371373705661655,,1,0.2820093741364188,0.994147493541898,0.3673016231818191,0.9920121588840228,0.051766045999102,
alpha_tuning,ridge,10,2.371373705661655,,2,0.2798083795943822,0.9942661667582676,0.3488814421086774,0.9920088775448472,0.0353248430001258,
alpha_tuning,ridge,10,2.371373705661655,,3,0.2805847807855975,0.9941186406289578,0.4156616508775919,0.9913064311551084,0.0302465659988229,
alpha_tuning,ridge,10,2.371373705661655,,4,0.2854761718459023,0.9939841572246816,0.3225427664157931,0.9934454620521772,0.0503117799999017,
alpha_tuning,ridge,10,2.371373705661655,,5,0.2793906476111045,0.9940320045630656,0.3841694243982874,0.992509738920244,0.1325813859984919,
alpha_tuning,ridge,10,2.371373705661655,,6,0.2861481179232999,0.9943240202215188,0.3202298810612497,0.9914250507072284,0.0472833540006831,
alpha_tuning,ridge,10,2.371373705661655,,7,0.2785664419442326,0.9940111945027084,0.3975116587805863,0.9924735691586404,0.0514480530000582,
alpha_tuning,ridge,10,2.371373705661655,,8,0.2804741481182402,0.9941105534318784,0.3617014103387596,0.99252111065153,0.0783824989994173,
alpha_tuning,ridge,10,2.371373705661655,,9,0.2791969435043102,0.994289463127006,0.4054094946441335,0.9905749439096578,0.061047219998727,
alpha_tuning,ridge,10,2.371373705661655,,10,0.2797058846202754,0.9938581472023056,0.3978716010902188,0.9929913233063264,0.0322076189986546,
alpha_tuning,ridge,10,2.371373705661655,,11,0.2658238520545864,0.9940563749737452,0.5006854046854867,0.99167239242393,0.03512654899896,
alpha_tuning,ridge,10,2.371373705661655,,12,0.2782529817983382,0.9942170988073098,0.3947770101536016,0.9915023317824168,0.0301568709983257,
alpha_tuning,ridge,10,2.371373705661655,,13,0.2807762706224483,0.9944065187797146,0.3750912172371242,0.9900993993008278,0.0606081389996688,
alpha_tuning,ridge,10,2.371373705661655,,14,0.2846649531014644,0.9937303306033816,0.3683896845092225,0.9935605821487722,0.0785065060008491,
alpha_tuning,ridge,10,2.371373705661655,,15,0.2911766396799514,0.9942385060999718,0.2870908727912515,0.9921473904909168,0.0256602810004551,
alpha_tuning,ridge,10,3.1622776601683795,,1,0.3114221373836377,0.9935370940210236,0.4055818052876425,0.9911796659320368,0.0767345489985018,
alpha_tuning,ridge,10,3.1622776601683795,,2,0.3093622366946792,0.9936605491262698,0.3804193495717844,0.991286502405047,0.0362478259994532,
alpha_tuning,ridge,10,3.1622776601683795,,3,0.3091225131484527,0.9935204590055974,0.4621663776235674,0.9903337841891798,0.0772104030002083,
alpha_tuning,ridge,10,3.1622776601683795,,4,0.3139595843056398,0.9933839259340826,0.3495536958077603,0.992896560696636,0.1046321469984832,
alpha_tuning,ridge,10,3.1622776601683795,,5,0.3101147384089641,0.9933757147579008,0.428584214086834,0.9916437710700154,0.0319250670036126,
alpha_tuning,ridge,10,3.1622776601683795,,6,0.3154869196627131,0.9937420613164372,0.3510826121355538,0.9905988923124248,0.0550238880023243,
alpha_tuning,ridge,10,3.1622776601683795,,7,0.3083549399631463,0.9933707816825328,0.4405301749153935,0.9916590625160432,0.023026419999951,
alpha_tuning,ridge,10,3.1622776601683795,,8,0.3105618162893329,0.9934787671683604,0.3967416443002532,0.9917965847717524,0.041893618999893,
alpha_tuning,ridge,10,3.1622776601683795,,9,0.3068211193388128,0.99372445380882,0.4447565744572225,0.9896601936654508,0.0696199640005943,
alpha_tuning,ridge,10,3.1622776601683795,,10,0.3095420284944747,0.9932029975833588,0.4402209812856202,0.9922453210454116,0.0370026939999661,
alpha_tuning,ridge,10,3.1622776601683795,,11,0.2942975809448458,0.9934197234230476,0.5508033819979563,0.9908388094122046,0.0112991599999077,
alpha_tuning,ridge,10,3.1622776601683795,,12,0.3075192884613618,0.9936088603668324,0.4314844714563834,0.9907121950235932,0.0334757790005824,
alpha_tuning,ridge,10,3.1622776601683795,,13,0.3096335704538626,0.9938316384156536,0.4103570587125347,0.989168551019868,0.0490547629997308,
alpha_tuning,ridge,10,3.1622776601683795,,14,0.3144270958516307,0.9930748273756556,0.4099568479957678,0.992833991948678,0.0401153140010137,
alpha_tuning,ridge,10,3.1622776601683795,,15,0.3212771310439287,0.9936429095659502,0.3135337896748261,0.9914241146216808,0.0519862780020048,
alpha_tuning,ridge,10,4.216965034285822,,1,0.3480292792769134,0.9927773904296124,0.4529247527391923,0.990150081747439,0.0373288999981014,
alpha_tuning,ridge,10,4.216965034285822,,2,0.3466082452825101,0.992897303927994,0.4209079798730016,0.9903591111376212,0.025805338002101,
alpha_tuning,ridge,10,4.216965034285822,,3,0.3446554213638944,0.9927756509581752,0.5177069904937922,0.9891721515472092,0.0495423649990698,
alpha_tuning,ridge,10,4.216965034285822,,4,0.3497704124985395,0.9926292839243156,0.3815463845334,0.9922464227486196,0.0411746199970366,
alpha_tuning,ridge,10,4.216965034285822,,5,0.3483111297268159,0.9925598109649806,0.4867856640737236,0.9905090007631256,0.1006594380014576,
alpha_tuning,ridge,10,4.216965034285822,,6,0.3522060059486606,0.9930137084872944,0.3892390059505775,0.9895771602333494,0.1638886770015233,
alpha_tuning,ridge,10,4.216965034285822,,7,0.3454094458872059,0.9925741594216868,0.4946419795514412,0.9906345170812156,0.0840824490005616,
alpha_tuning,ridge,10,4.216965034285822,,8,0.3481182685254348,0.9926901500347788,0.4417552863318439,0.9908658390287084,0.1625427889994171,
alpha_tuning,ridge,10,4.216965034285822,,9,0.3417966724357413,0.9930090835647676,0.4914975398051092,0.9885735486165792,0.0395562170015182,
alpha_tuning,ridge,10,4.216965034285822,,10,0.3467714384224502,0.9923855047521548,0.4941463363383118,0.9912954030866524,0.0380165079986909,
alpha_tuning,ridge,10,4.216965034285822,,11,0.3300217621594295,0.9926209571126948,0.6124068891624912,0.9898141942982528,0.030164665000484,
alpha_tuning,ridge,10,4.216965034285822,,12,0.3441464290443518,0.9928476425225768,0.4773086574313781,0.989725818616809,0.0257500410007196,
alpha_tuning,ridge,10,4.216965034285822,,13,0.34585455729281,0.993110062446236,0.4536141131159333,0.9880267732245224,0.0488773670003865,
alpha_tuning,ridge,10,4.216965034285822,,14,0.3512891441323844,0.9922629506290294,0.4618605992371393,0.9919267191439722,0.0348432899991166,
alpha_tuning,ridge,10,4.216965034285822,,15,0.3591057441456139,0.9928943971719908,0.3479074323149889,0.9904839147803076,0.0595425259998592,
alpha_tuning,ridge,10,5.623413251903491,,1,0.3939353662603527,0.9918247069546058,0.5105147533947566,0.9888976511942588,0.0985327389971644,
alpha_tuning,ridge,10,5.623413251903491,,2,0.3937956284059239,0.9919303400853255,0.4735553786744906,0.9891532235208276,0.0846258630008378,
alpha_tuning,ridge,10,5.623413251903491,,3,0.3892697133254012,0.99184048732109,0.583655185537993,0.9877928441884414,0.0341294879981433,
alpha_tuning,ridge,10,5.623413251903491,,4,0.3952533744105427,0.9916708209252876,0.4199373315759018,0.9914662628893884,0.1287817199990968,
alpha_tuning,ridge,10,5.623413251903491,,5,0.3959706598323613,0.991541767373943,0.5623235181528148,0.9890362176301548,0.0753850209985103,
alpha_tuning,ridge,10,5.623413251903491,,6,0.3984946670124688,0.9920955353884184,0.4366432180740604,0.988307794882822,0.093507622998004,
alpha_tuning,ridge,10,5.623413251903491,,7,0.3919339714689491,0.9915739444186944,0.5628526044398406,0.9893430265311188,0.0544746039995516,
alpha_tuning,ridge,10,5.623413251903491,,8,0.3951836528457946,0.9917018626363768,0.4995579695742477,0.989670654659342,0.0236215320001065,
alpha_tuning,ridge,10,5.623413251903491,,9,0.3864047841710241,0.9920966943971008,0.5474414744941102,0.9872729507536182,0.0195166089979466,
alpha_tuning,ridge,10,5.623413251903491,,10,0.3935008399715745,0.9913594086940448,0.5625906467676944,0.9900897275822774,0.0371964080004545,
alpha_tuning,ridge,10,5.623413251903491,,11,0.3751562722487679,0.9916117827980452,0.6880770705247846,0.9885556164174154,0.0356351000009453,
alpha_tuning,ridge,10,5.623413251903491,,12,0.3902783376899509,0.9918888881264744,0.5346931197766207,0.9884906045356636,0.0289259620003576,
alpha_tuning,ridge,10,5.623413251903491,,13,0.3916377637991733,0.9921979928285646,0.5071554990325545,0.9866135386338932,0.0119567670008109,
alpha_tuning,ridge,10,5.623413251903491,,14,0.3973301901764571,0.9912489089135816,0.5259424280218812,0.9908065746622788,0.0121793680009432,
alpha_tuning,ridge,10,5.623413251903491,,15,0.4069252562518434,0.9919481954862884,0.393092439670803,0.9892479987270368,0.0169808950013248,
alpha_tuning,ridge,10,7.498942093324558,,1,0.4519816812418648,0.99062007879521,0.5797263817502332,0.9873924809042598,0.0224092249991372,
alpha_tuning,ridge,10,7.498942093324558,,2,0.4537653575322554,0.9907014404116964,0.5424905976868639,0.9875742637078004,0.0994410200000857,
alpha_tuning,ridge,10,7.498942093324558,,3,0.4457861677905477,0.9906558415318352,0.6618284771191373,0.9861578487762892,0.0455557789973681,
alpha_tuning,ridge,10,7.498942093324558,,4,0.4535469469606164,0.9904423997754408,0.4669668816989424,0.9905105540561816,0.0391348089979146,
alpha_tuning,ridge,10,7.498942093324558,,5,0.4556940839221263,0.990266029887762,0.6593859486958159,0.9871437636772108,0.0431361060000199,
alpha_tuning,ridge,10,7.498942093324558,,6,0.4572502865897963,0.990930070065727,0.4958899380850172,0.9867213170120708,0.1373315210003056,
alpha_tuning,ridge,10,7.498942093324558,,7,0.4508825405963593,0.9903066291154448,0.6492973961185875,0.9877062927855936,0.0708895190000475,
alpha_tuning,ridge,10,7.498942093324558,,8,0.4544105373641594,0.99045820587119,0.5735467053602553,0.9881407917609408,0.0741384469984041,
alpha_tuning,ridge,10,7.498942093324558,,9,0.443642838958607,0.9909259794949232,0.614984233440466,0.9857027006732034,0.053966698997101,
alpha_tuning,ridge,10,7.498942093324558,,10,0.4524750814736273,0.9900644373327772,0.6491505751826157,0.9885649377977708,0.0355459409984177,
alpha_tuning,ridge,10,7.498942093324558,,11,0.4325505987823709,0.9903284880413348,0.7810233073455001,0.987009696007769,0.06117292899944,
alpha_tuning,ridge,10,7.498942093324558,,12,0.4487606416714037,0.9906734568191086,0.6067923276166636,0.9869386520885418,0.0514496420000796,
alpha_tuning,ridge,10,7.498942093324558,,13,0.4498613002294381,0.9910380933225296,0.5740088864212122,0.98484893135037,0.2137481579993618,
alpha_tuning,ridge,10,7.498942093324558,,14,0.4554028646045614,0.9899698738034468,0.6048635454693844,0.9894270407776444,0.0547983330034185,
alpha_tuning,ridge,10,7.498942093324558,,15,0.4676439284449557,0.9907467589292795,0.452855717617612,0.9876133327408412,0.0810759449996112,
alpha_tuning,ridge,10,10.0,,1,0.5258498407299412,0.9890871018089809,0.6622836220688003,0.9855970787687462,0.1721856170006503,
alpha_tuning,ridge,10,10.0,,2,0.5299533954324066,0.9891401951589004,0.6325749849318544,0.9855108826193104,0.043575215000601,
alpha_tuning,ridge,10,10.0,,3,0.5178375779414948,0.989145566330516,0.754573183249789,0.9842180920389436,0.0525857780012302,
alpha_tuning,ridge,10,10.0,,4,0.5286660944976387,0.9888594130831482,0.5259397315659909,0.9893121400082086,0.0471420879985089,
alpha_tuning,ridge,10,10.0,,5,0.5307699361283903,0.9886623529314216,0.7827481518769263,0.9847385355395272,0.0213905379969219,
alpha_tuning,ridge,10,10.0,,6,0.532145052567875,0.9894444716969842,0.5702630963702638,0.984729791240254,0.1465504580010019,
alpha_tuning,ridge,10,10.0,,7,0.5260153755543889,0.9886913737678038,0.7594285661726617,0.985621084423573,0.0120059689979825,
alpha_tuning,ridge,10,10.0,,8,0.5291358403782757,0.9888891105291024,0.667581120975344,0.9861964449344393,0.0190170499990927,
alpha_tuning,ridge,10,10.0,,9,0.5172855445106915,0.9894197331148452,0.6971711128300929,0.9837920006072928,0.0138607940025394,
alpha_tuning,ridge,10,10.0,,10,0.5271360787942285,0.9884250122062922,0.7580095468333531,0.9866473409262796,0.0508073140008491,
alpha_tuning,ridge,10,10.0,,11,0.5058177306771146,0.988690289078504,0.895118770114458,0.985112012889271,0.0430915760007337,
alpha_tuning,ridge,10,10.0,,12,0.5231962713149577,0.9891264692947976,0.6975270169148918,0.9849855665094656,0.0478140209997945,
alpha_tuning,ridge,10,10.0,,13,0.5241308134467579,0.9895585340759456,0.6579328941711204,0.9826337419467728,0.0201973110015387,
alpha_tuning,ridge,10,10.0,,14,0.5292572240745033,0.9883432513045034,0.702563047540998,0.9877192624544424,0.0318373549998796,
alpha_tuning,ridge,10,10.0,,15,0.5448467727334892,0.9892191510932866,0.5317650015766883,0.9854549785321284,0.0122165270004188,
alpha_tuning,ridge,11,0.001,,1,0.1249317793668263,0.9974073058819216,0.3379310857639552,0.9926508905736692,0.1224968019996595,
alpha_tuning,ridge,11,0.001,,2,0.1229931663768031,0.9974796240666576,0.3009998212990032,0.9931056051120364,0.047258734000934,
alpha_tuning,ridge,11,0.001,,3,0.130499938587015,0.99726458065694,0.2487192585534773,0.994798033466114,0.0157649089996994,
alpha_tuning,ridge,11,0.001,,4,0.1308262847527574,0.9972430961405198,0.2470974232183896,0.994978621113436,0.0266328080033417,
alpha_tuning,ridge,11,0.001,,5,0.1171381654757432,0.9974978402354284,0.2953108835306634,0.99424223929116,0.050611853999726,
alpha_tuning,ridge,11,0.001,,6,0.1251226612541452,0.9975180906299072,0.3001786674324275,0.9919619716827348,0.0344345290031924,
alpha_tuning,ridge,11,0.001,,7,0.1196466576127048,0.997427757069938,0.2912567996622585,0.994485383984816,0.026478939998924,
alpha_tuning,ridge,11,0.001,,8,0.1208638273797361,0.997462079631412,0.303264806499573,0.9937294025783,0.0272837769989564,
alpha_tuning,ridge,11,0.001,,9,0.1331364770179222,0.997276901560566,0.2227339050555433,0.994821829345136,0.0882413819999783,
alpha_tuning,ridge,11,0.001,,10,0.12691390549258,0.9972131922552356,0.2596777585119408,0.9954256663482364,0.0685998129993095,
alpha_tuning,ridge,11,0.001,,11,0.117647781975749,0.9973694824755952,0.3321249512879072,0.9944759598848611,0.0433830809997743,
alpha_tuning,ridge,11,0.001,,12,0.1261515387611022,0.9973782064104167,0.2771916713034492,0.9940333839235024,0.0469139710003219,
alpha_tuning,ridge,11,0.001,,13,0.1240792859134122,0.9975281559440744,0.3021116712654625,0.9920257076510858,0.0540089449968945,
alpha_tuning,ridge,11,0.001,,14,0.124799880599619,0.997251316034615,0.3144400240609444,0.9945036172585124,0.0250787599979958,
alpha_tuning,ridge,11,0.001,,15,0.1302956889404726,0.9974218473780876,0.2735376864848112,0.9925181019615866,0.0801447919984639,
alpha_tuning,ridge,11,0.0013335214321633,,1,0.1266636096848541,0.9973713654166386,0.3287408752301603,0.9928507534028352,0.1257408780002151,
alpha_tuning,ridge,11,0.0013335214321633,,2,0.12482740453332,0.997442036858832,0.2940819589423499,0.9932640586109835,0.0332753180009604,
alpha_tuning,ridge,11,0.0013335214321633,,3,0.1321577915002472,0.9972298302733312,0.2488331438672346,0.9947956515532927,0.0527995250013191,
alpha_tuning,ridge,11,0.0013335214321633,,4,0.1326157463018168,0.9972053867959464,0.2425817710359945,0.9950703857309396,0.0854920430028869,
alpha_tuning,ridge,11,0.0013335214321633,,5,0.1188766331383369,0.9974607052519696,0.2913212243805672,0.9943200268160268,0.0189808009999978,
alpha_tuning,ridge,11,0.0013335214321633,,6,0.1267913089931714,0.9974849916499352,0.2930326272697259,0.9921533246315484,0.0537562949975836,
alpha_tuning,ridge,11,0.0013335214321633,,7,0.1213956105814531,0.9973901569229834,0.2910868052600701,0.9944886026353468,0.0718380200014507,
alpha_tuning,ridge,11,0.0013335214321633,,8,0.1225864843918213,0.997425906969882,0.2981626032360631,0.9938349006840594,0.0805602170003112,
alpha_tuning,ridge,11,0.0013335214321633,,9,0.1349794824380662,0.9972392057667768,0.2206117596026463,0.9948711654859757,0.1266217789998336,
alpha_tuning,ridge,11,0.0013335214321633,,10,0.1285667128731444,0.9971768994913272,0.2590748652744413,0.995436286567852,0.1129629329989256,
alpha_tuning,ridge,11,0.0013335214321633,,11,0.1194468633150921,0.9973292563454336,0.3271504307910838,0.9945586981755904,0.1061366089998046,
alpha_tuning,ridge,11,0.0013335214321633,,12,0.1278669760390765,0.9973425546656748,0.274113991329343,0.99409963171055,0.0480882129995734,
alpha_tuning,ridge,11,0.0013335214321633,,13,0.1258383259635292,0.9974931132481076,0.2966351995130425,0.9921702601161112,0.0217931440020038,
alpha_tuning,ridge,11,0.0013335214321633,,14,0.1265562720978267,0.9972126319819952,0.3107857455597018,0.9945674937110944,0.0134983739990275,
alpha_tuning,ridge,11,0.0013335214321633,,15,0.1320000584200331,0.9973881231261328,0.2676095006539143,0.9926802517644512,0.0450756319987704,
alpha_tuning,ridge,11,0.0017782794100389,,1,0.1284217199931892,0.9973348795658932,0.3200222626776328,0.9930403602203004,0.0485940260005008,
alpha_tuning,ridge,11,0.0017782794100389,,2,0.1266721429674489,0.9974042344793208,0.288311535581552,0.9933962300426756,0.0513037319979048,
alpha_tuning,ridge,11,0.0017782794100389,,3,0.1338191624452337,0.997195006147986,0.2485272460247241,0.9948020494106552,0.1354064579973055,
alpha_tuning,ridge,11,0.0017782794100389,,4,0.1344258302090463,0.9971672428761732,0.2384454783004771,0.9951544412129444,0.1126452489988878,
alpha_tuning,ridge,11,0.0017782794100389,,5,0.1206543138588182,0.9974227326479512,0.2874394968044474,0.9943957099681444,0.1176838870014762,
alpha_tuning,ridge,11,0.0017782794100389,,6,0.1285105924739412,0.997450888268997,0.2859023391283938,0.992344255780922,0.0185768250012188,
alpha_tuning,ridge,11,0.0017782794100389,,7,0.1231484727224021,0.9973524727340608,0.291073573027371,0.994488853172613,0.1217817870019644,
alpha_tuning,ridge,11,0.0017782794100389,,8,0.1243428150983635,0.9973890272220636,0.2933343467657592,0.9939347344000896,0.0577730260010866,
alpha_tuning,ridge,11,0.0017782794100389,,9,0.1368204688903457,0.9972015512678184,0.2187758150541374,0.994913847960306,0.1400078990009206,
alpha_tuning,ridge,11,0.0017782794100389,,10,0.1302010927074953,0.9971410113641548,0.2586222413289776,0.9954442597302716,0.0435410210011468,
alpha_tuning,ridge,11,0.0017782794100389,,11,0.1212489601091315,0.9972889627919318,0.3225824450675877,0.9946346748111432,0.039873241999885,
alpha_tuning,ridge,11,0.0017782794100389,,12,0.1296031061408956,0.9973064728642452,0.271537388169335,0.9941550937010382,0.1798089259973494,
alpha_tuning,ridge,11,0.0017782794100389,,13,0.1276349434540162,0.9974573219535984,0.2915367138498038,0.9923048355697676,0.1602740369999082,
alpha_tuning,ridge,11,0.0017782794100389,,14,0.1283458975538132,0.997173215960351,0.3067933756019013,0.9946372799712858,0.0745690619987726,
alpha_tuning,ridge,11,0.0017782794100389,,15,0.133744629345707,0.9973536034106864,0.2617882250357142,0.9928394773219552,0.025299011998868,
alpha_tuning,ridge,11,0.0023713737056616,,1,0.1302145842589725,0.9972976724704689,0.3116436170312207,0.9932225736546186,0.0525932860000466,
alpha_tuning,ridge,11,0.0023713737056616,,2,0.1285283487758325,0.997366197110379,0.283622251925246,0.9935036379910548,0.1218273520025832,
alpha_tuning,ridge,11,0.0023713737056616,,3,0.1354976719454001,0.9971598227800552,0.2477363377618393,0.9948185912672804,0.032542230997933,
alpha_tuning,ridge,11,0.0023713737056616,,4,0.1362591327148699,0.9971286096705948,0.2346523280287173,0.9952315235412024,0.1485648300003959,
alpha_tuning,ridge,11,0.0023713737056616,,5,0.1224853486000739,0.9973836203617163,0.2837544449121518,0.994467558478236,0.0491664369983482,
alpha_tuning,ridge,11,0.0023713737056616,,6,0.1302859778002645,0.997415672062494,0.2789302088884829,0.992530951860225,0.1190784859973064,
alpha_tuning,ridge,11,0.0023713737056616,,7,0.1249184320732952,0.997314420978018,0.2909466558955457,0.9944912562040568,0.0545888250017014,
alpha_tuning,ridge,11,0.0023713737056616,,8,0.1261379197796531,0.9973513332913552,0.2887568921934689,0.9940293822927028,0.1778226130008988,
alpha_tuning,ridge,11,0.0023713737056616,,9,0.1386636860751837,0.9971638511427136,0.2171394082474164,0.9949518915338872,0.0789260349993128,
alpha_tuning,ridge,11,0.0023713737056616,,10,0.1318338878357744,0.9971051580343606,0.258286142951981,0.9954501802454708,0.1577892069981317,
alpha_tuning,ridge,11,0.0023713737056616,,11,0.1230578885522472,0.997248516487802,0.3184099135898741,0.9947040740874552,0.0362000669992994,
alpha_tuning,ridge,11,0.0023713737056616,,12,0.131360736147976,0.9972699442326431,0.2693911512848034,0.994201291955982,0.0357441420019313,
alpha_tuning,ridge,11,0.0023713737056616,,13,0.1294763030801045,0.9974206393291534,0.286816684823759,0.9924294215918544,0.1030532240001775,
alpha_tuning,ridge,11,0.0023713737056616,,14,0.1301785696907348,0.9971328518470812,0.3025301387633541,0.9947118009596754,0.0513526409995392,
alpha_tuning,ridge,11,0.0023713737056616,,15,0.1355369457474811,0.9973181389585,0.2560593198854426,0.9929961763302596,0.0760156299984373,
alpha_tuning,ridge,11,0.0031622776601683,,1,0.1320489151586439,0.9972596048230032,0.3035148531647332,0.9933993528195794,0.0382179300031566,
alpha_tuning,ridge,11,0.0031622776601683,,2,0.1303955554686299,0.9973279343113168,0.2798829075054938,0.993589287600216,0.059984801999235,
alpha_tuning,ridge,11,0.0031622776601683,,3,0.1372047128644335,0.9971240413628386,0.2464632384521988,0.994845218155932,0.0371381100012513,
alpha_tuning,ridge,11,0.0031622776601683,,4,0.1381197032525357,0.9970894018454562,0.2311428470615374,0.9953028412967736,0.0741275450018292,
alpha_tuning,ridge,11,0.0031622776601683,,5,0.1243801239126902,0.9973431465286928,0.280327244818807,0.994534379578098,0.1545225449990539,
alpha_tuning,ridge,11,0.0031622776601683,,6,0.1321210246705225,0.9973792724209246,0.2722486440433054,0.99270986733043,0.1071927830016648,
alpha_tuning,ridge,11,0.0031622776601683,,7,0.126717422226688,0.997275745098594,0.2905244702077848,0.9944992498095546,0.0454575860021577,
alpha_tuning,ridge,11,0.0031622776601683,,8,0.1279770829007401,0.99731271421361,0.2844093047221284,0.994119277230078,0.0537296189977496,
alpha_tuning,ridge,11,0.0031622776601683,,9,0.1405152039596648,0.9971259812397784,0.2156068545955211,0.994987520704692,0.1269919100013794,
alpha_tuning,ridge,11,0.0031622776601683,,10,0.1334816156105869,0.9970689768097242,0.2580210296584105,0.995454850328374,0.020010992000607,
alpha_tuning,ridge,11,0.0031622776601683,,11,0.1248802747299423,0.997207769278665,0.3146262400023007,0.994767005717853,0.1230204759995103,
alpha_tuning,ridge,11,0.0031622776601683,,12,0.1331394350548217,0.9972329777284088,0.2675711562335943,0.994240467778548,0.0171127260000503,
alpha_tuning,ridge,11,0.0031622776601683,,13,0.1313654122311014,0.9973830054631014,0.2824426384399605,0.992544875339358,0.0311983350002265,
alpha_tuning,ridge,11,0.0031622776601683,,14,0.1320612695427487,0.9970913858867776,0.2980369970205532,0.9947903406646762,0.0270686499970906,
alpha_tuning,ridge,11,0.0031622776601683,,15,0.1373852753651283,0.9972815661763254,0.2504146096324773,0.9931505724104188,0.021636801000568,
alpha_tuning,ridge,11,0.0042169650342858,,1,0.1339278783121796,0.9972206109277676,0.2956069139032458,0.9935713296320648,0.0171444240004348,
alpha_tuning,ridge,11,0.0042169650342858,,2,0.1322716599550779,0.9972894891786694,0.276904951824473,0.9936574976155416,0.0272052450018236,
alpha_tuning,ridge,11,0.0042169650342858,,3,0.1389481916675523,0.9970874961683052,0.2447597782595384,0.9948808460480606,0.0253850959998089,
alpha_tuning,ridge,11,0.0042169650342858,,4,0.140013614819517,0.997049491424409,0.2278512419915159,0.995369731497352,0.1348191809993295,
alpha_tuning,ridge,11,0.0042169650342858,,5,0.1263437195398114,0.9973012026417274,0.2771861540271429,0.994595622323123,0.0247935460029111,
alpha_tuning,ridge,11,0.0042169650342858,,6,0.1340163539877229,0.9973416770281748,0.2659678661491769,0.9928780507359972,0.0188873020015307,
alpha_tuning,ridge,11,0.0042169650342858,,7,0.1285543033327453,0.997236254614424,0.2897245369357082,0.994514395635638,0.0142655239978921,
alpha_tuning,ridge,11,0.0042169650342858,,8,0.1298652487293429,0.997273066168206,0.2802751409733988,0.9942047592114622,0.0221965150012692,
alpha_tuning,ridge,11,0.0042169650342858,,9,0.1423823525801973,0.9970877916345804,0.2140836884012884,0.9950229316336544,0.0988544949977949,
alpha_tuning,ridge,11,0.0042169650342858,,10,0.1351579171584511,0.9970321681549276,0.25777419069695,0.9954591985011804,0.0149472060002153,
alpha_tuning,ridge,11,0.0042169650342858,,11,0.1267240510556098,0.9971665438016156,0.3112371075410797,0.9948233751763916,0.0186985069994989,
alpha_tuning,ridge,11,0.0042169650342858,,12,0.1349371436101278,0.9971956161487364,0.2659465795775588,0.994275437174085,0.0413460099989606,
alpha_tuning,ridge,11,0.0042169650342858,,13,0.1333012469042073,0.9973444407551024,0.2783526626709814,0.9926528309914692,0.0230414930010738,
alpha_tuning,ridge,11,0.0042169650342858,,14,0.1339967464465339,0.9970487575260352,0.293353293995084,0.9948722113633964,0.0898333320001256,
alpha_tuning,ridge,11,0.0042169650342858,,15,0.13929723330448,0.9972437343845416,0.2448604307525864,0.9933024922449414,0.1654788400010147,
alpha_tuning,ridge,11,0.0056234132519034,,1,0.1358501760103231,0.9971807177159648,0.2879538034596176,0.9937377645901714,0.0896418379998067,
alpha_tuning,ridge,11,0.0056234132519034,,2,0.1341536567420957,0.9972509233010004,0.2744623391119878,0.9937134456108778,0.0925488619977841,
alpha_tuning,ridge,11,0.0056234132519034,,3,0.1407322652404522,0.997050100063651,0.2427094527620446,0.99492372863256,0.117543263000698,
alpha_tuning,ridge,11,0.0056234132519034,,4,0.1419485250812674,0.9970087170373778,0.2247226909387468,0.9954333082032412,0.0690210749999096,
alpha_tuning,ridge,11,0.0056234132519034,,5,0.1283756643638919,0.9972577987642464,0.2743276059661879,0.9946513562517644,0.0871743219977361,
alpha_tuning,ridge,11,0.0056234132519034,,6,0.1359690183762542,0.9973029443478276,0.2601654730137972,0.9930334242031694,0.1096416609980224,
alpha_tuning,ridge,11,0.0056234132519034,,7,0.1304335954347792,0.9971958523506298,0.2885462324491405,0.9945367054900344,0.0653379670002323,
alpha_tuning,ridge,11,0.0056234132519034,,8,0.1318058461966003,0.9972323171538304,0.2763419206432273,0.9942860862917324,0.0208387800012133,
alpha_tuning,ridge,11,0.0056234132519034,,9,0.1442731243232319,0.9970491188553532,0.2124892856555526,0.9950599986868628,0.0466964329971233,
alpha_tuning,ridge,11,0.0056234132519034,,10,0.1368719352692997,0.9969945313102696,0.2574932760359777,0.9954641469318596,0.0156952079996699,
alpha_tuning,ridge,11,0.0056234132519034,,11,0.128596390703913,0.9971246796697656,0.3082558707260449,0.9948729603451516,0.0204999880006653,
alpha_tuning,ridge,11,0.0056234132519034,,12,0.1367509099770323,0.997157920841327,0.2643785819587806,0.9943091886925058,0.0485932859992317,
alpha_tuning,ridge,11,0.0056234132519034,,13,0.1352802987022565,0.99730501509765,0.2744693789952271,0.9927553309682972,0.0259877499993308,
alpha_tuning,ridge,11,0.0056234132519034,,14,0.1359828706012478,0.9970050136731476,0.288543181442779,0.9949562916890357,0.0914630150000448,
alpha_tuning,ridge,11,0.0056234132519034,,15,0.1412775829099743,0.9972045493311508,0.2394225129754702,0.9934512320653022,0.0216950850008288,
alpha_tuning,ridge,11,0.0074989420933245,,1,0.1378110519193661,0.9971400238952136,0.2806378810754759,0.9938968665977124,0.046786394999799,
alpha_tuning,ridge,11,0.0074989420933245,,2,0.1360394246244375,0.9972122801460468,0.2723193271707073,0.9937625312565406,0.0655169520032359,
alpha_tuning,ridge,11,0.0074989420933245,,3,0.1425583318146618,0.9970118237404368,0.2404151035998473,0.9949717149751868,0.0570777510001789,
alpha_tuning,ridge,11,0.0074989420933245,,4,0.1439323755431106,0.996966911332926,0.2217260342121746,0.9954942046246652,0.0268272659996,
alpha_tuning,ridge,11,0.0074989420933245,,5,0.1304714681262123,0.997213030811571,0.2717239566104371,0.9947021203474892,0.0473253819982346,
alpha_tuning,ridge,11,0.0074989420933245,,6,0.1379732792974386,0.9972631882084476,0.2548801705717797,0.9931749512845496,0.025510696999845,
alpha_tuning,ridge,11,0.0074989420933245,,7,0.1323555774077103,0.9971545323117736,0.2870378806967035,0.9945652644137748,0.0259960849980416,
alpha_tuning,ridge,11,0.0074989420933245,,8,0.1338000978869792,0.997190441498435,0.272599204061662,0.9943634743316352,0.0384886899992125,
alpha_tuning,ridge,11,0.0074989420933245,,9,0.1461961392208785,0.9970097865928202,0.2107728365920937,0.9950999031018136,0.0183098679990507,
alpha_tuning,ridge,11,0.0074989420933245,,10,0.1386283428986602,0.9969559636658064,0.2571347202926477,0.9954704630430744,0.0417539129994111,
alpha_tuning,ridge,11,0.0074989420933245,,11,0.130502227487008,0.9970820665667184,0.3056929922466866,0.994915587204336,0.0354447630015783,
alpha_tuning,ridge,11,0.0074989420933245,,12,0.1385786290632383,0.9971199355560834,0.2627462508233134,0.994344325005041,0.0257961899988004,
alpha_tuning,ridge,11,0.0074989420933245,,13,0.1372992684054276,0.9972647942161132,0.2707231081240694,0.9928542144673016,0.0381281990012212,
alpha_tuning,ridge,11,0.0074989420933245,,14,0.1380134259038584,0.9969602912361204,0.2837127910885331,0.9950407264687906,0.0310453669990238,
alpha_tuning,ridge,11,0.0074989420933245,,15,0.1433269151626789,0.997163999322448,0.2341445549176979,0.9935955966117264,0.0141008669997972,
alpha_tuning,ridge,11,0.01,,1,0.1398054756154565,0.9970986338612926,0.2737640915083776,0.994046353383126,0.2079771099997742,
alpha_tuning,ridge,11,0.01,,2,0.1379303597010194,0.99717353110495,0.2702604933666862,0.9938096888036524,0.0423805560021719,
alpha_tuning,ridge,11,0.01,,3,0.1444272384035016,0.9969726494443502,0.2379924054302191,0.9950223857389764,0.1328312400000868,
alpha_tuning,ridge,11,0.01,,4,0.1459721590442285,0.9969239269508704,0.2188586941602494,0.9955524731432512,0.0363765900001453,
alpha_tuning,ridge,11,0.01,,5,0.1326259746291769,0.9971670089239792,0.269337035966347,0.9947486588215724,0.1461445429995365,
alpha_tuning,ridge,11,0.01,,6,0.1400233493556003,0.9972225234077176,0.2501107120585828,0.99330266536535,0.0248263469984522,
alpha_tuning,ridge,11,0.01,,7,0.1343183455246474,0.9971123354254344,0.2852659005240968,0.9945988148416096,0.1314585709988023,
alpha_tuning,ridge,11,0.01,,8,0.1358479921540313,0.9971474394465744,0.2690384674736449,0.9944370995766016,0.0214210230005846,
alpha_tuning,ridge,11,0.01,,9,0.1481613307505911,0.9969695916732338,0.2089309631221569,0.9951427234131156,0.0130163100002391,
alpha_tuning,ridge,11,0.01,,10,0.1404292706405851,0.9969164184374134,0.256670927317632,0.9954786329526776,0.0175501089979661,
alpha_tuning,ridge,11,0.01,,11,0.1324443571548088,0.997038641981571,0.3035485874662577,0.9949512538351756,0.0231064850013353,
alpha_tuning,ridge,11,0.01,,12,0.1404213633564859,0.997081638211439,0.2609706523138546,0.9943825451815784,0.0126505180014646,
alpha_tuning,ridge,11,0.01,,13,0.1393580893867516,0.9972237794378008,0.2670765718816489,0.9929504654526946,0.1151801599989994,
alpha_tuning,ridge,11,0.01,,14,0.1400805605594679,0.9969147631486346,0.2790091152664117,0.9951229462901618,0.0693432170010055,
alpha_tuning,ridge,11,0.01,,15,0.1454426919425354,0.9971221345800554,0.229080960134832,0.9937340978192202,0.1224344080001174,
alpha_tuning,ridge,11,0.0133352143216332,,1,0.1418325895558312,0.9970565654106828,0.2674324579083424,0.9941840497068274,0.0426597429977846,
alpha_tuning,ridge,11,0.0133352143216332,,2,0.1398342172587158,0.997134517256374,0.2681175950652681,0.9938587718463964,0.046464940001897,
alpha_tuning,ridge,11,0.0133352143216332,,3,0.1463420139137206,0.996932513686242,0.235566603975288,0.9950731214080186,0.0510654120007529,
alpha_tuning,ridge,11,0.0133352143216332,,4,0.1480738020034695,0.9968796390037156,0.2161436014242549,0.99560764777503,0.1284273579985893,
alpha_tuning,ridge,11,0.0133352143216332,,5,0.1348375224169198,0.9971197685914246,0.2671344197499773,0.994791603859546,0.0228096880018711,
alpha_tuning,ridge,11,0.0133352143216332,,6,0.1421175153975128,0.99718098392742,0.2458194633908402,0.9934175741914928,0.1263225920010882,
alpha_tuning,ridge,11,0.0133352143216332,,7,0.1363214556891764,0.9970692712390906,0.2832976949461934,0.9946360805741647,0.1560554839998076,
alpha_tuning,ridge,11,0.0133352143216332,,8,0.1379510685331181,0.997103278670808,0.2656571719875238,0.9945070145232188,0.0351445800006331,
alpha_tuning,ridge,11,0.0133352143216332,,9,0.1501807108825828,0.9969282884105276,0.2070211254876091,0.995187123771437,0.1301543570007197,
alpha_tuning,ridge,11,0.0133352143216332,,10,0.1422775042710874,0.9968758344543138,0.2560941545576203,0.9954887930490244,0.075393057999463,
alpha_tuning,ridge,11,0.0133352143216332,,11,0.1344251899841864,0.996994352022312,0.301813356777652,0.9949801149125976,0.0855056700020213,
alpha_tuning,ridge,11,0.0133352143216332,,12,0.1422857074384256,0.9970428917529272,0.259028703542482,0.994424346086723,0.0804959570014034,
alpha_tuning,ridge,11,0.0133352143216332,,13,0.1414621657525159,0.997181863104872,0.2635407740703608,0.993043793477116,0.0418815209995955,
alpha_tuning,ridge,11,0.0133352143216332,,14,0.1421783780911112,0.9968685592790169,0.2745983168775524,0.9952000466408985,0.0489960049999353,
alpha_tuning,ridge,11,0.0133352143216332,,15,0.147622744763462,0.9970789980116708,0.2242875377880125,0.9938652091761774,0.1531774409995705,
alpha_tuning,ridge,11,0.0177827941003892,,1,0.1438997646382237,0.9970136655760344,0.2617186356187327,0.994308310264728,0.0278884189974633,
alpha_tuning,ridge,11,0.0177827941003892,,2,0.1417672327941379,0.9970949059025258,0.2657891228490694,0.9939121054559475,0.1276254429976688,
alpha_tuning,ridge,11,0.0177827941003892,,3,0.1483100292381262,0.9968912619642556,0.2332684869982631,0.9951211865545416,0.0341030889976536,
alpha_tuning,ridge,11,0.0177827941003892,,4,0.1502434796915827,0.9968339173599078,0.2136206826482923,0.9956589171525456,0.0252205719989433,
alpha_tuning,ridge,11,0.0177827941003892,,5,0.1371110535375379,0.9970712042480238,0.2651030008226255,0.99483121101504,0.031921328001772,
alpha_tuning,ridge,11,0.0177827941003892,,6,0.144262144811906,0.99713844346524,0.2419394508596705,0.9935214711501396,0.124363330000051,
alpha_tuning,ridge,11,0.0177827941003892,,7,0.1383696915802882,0.9970252369100492,0.2811986988449665,0.9946758226764232,0.1297016979988257,
alpha_tuning,ridge,11,0.0177827941003892,,8,0.1401157802309812,0.9970578236655412,0.2624664942751887,0.9945729880717732,0.0332869149970065,
alpha_tuning,ridge,11,0.0177827941003892,,9,0.1522682425805394,0.9968855912141148,0.20516329489865,0.9952303150576268,0.0370294329986791,
alpha_tuning,ridge,11,0.0177827941003892,,10,0.1441796652711759,0.9968340663203472,0.2554159137463989,0.9955007405480498,0.0290912689997639,
alpha_tuning,ridge,11,0.0177827941003892,,11,0.1364491985597707,0.9969490966852528,0.3004765981295836,0.9950023484375632,0.0579007820015249,
alpha_tuning,ridge,11,0.0177827941003892,,12,0.1441856836395772,0.9970034047559913,0.2569543922995441,0.9944689961252742,0.018069485999149,
alpha_tuning,ridge,11,0.0177827941003892,,13,0.1436229667098486,0.9971388167336496,0.2601756670678652,0.9931326160866858,0.0522762580003473,
alpha_tuning,ridge,11,0.0177827941003892,,14,0.1443066599474415,0.9968216844408022,0.2706311887959827,0.9952693916754116,0.0324556599989591,
alpha_tuning,ridge,11,0.0177827941003892,,15,0.1498697019543872,0.9970345376107153,0.2198147556039641,0.9939875502717652,0.0523495140005252,
alpha_tuning,ridge,11,0.0237137370566165,,1,0.1460247837851236,0.9969695653105064,0.2566687873271284,0.9944181311401808,0.0210278519989515,
alpha_tuning,ridge,11,0.0237137370566165,,2,0.1437547058702097,0.9970541786047687,0.263249692243837,0.9939702710631813,0.0756552150014613,
alpha_tuning,ridge,11,0.0237137370566165,,3,0.1503438206554995,0.9968486315044788,0.2312272274305909,0.9951638795250004,0.1769378719982342,
alpha_tuning,ridge,11,0.0237137370566165,,4,0.1524897070253519,0.9967865825845036,0.2113367171966156,0.9957053306511056,0.0273999419987376,
alpha_tuning,ridge,11,0.0237137370566165,,5,0.1394586770551294,0.9970210572350138,0.2632545438076347,0.9948672509098304,0.0467363279967685,
alpha_tuning,ridge,11,0.0237137370566165,,6,0.1464741956418716,0.9970945656446518,0.2383848206968056,0.9936166551888688,0.05668185399918,
alpha_tuning,ridge,11,0.0237137370566165,,7,0.1404752364698703,0.9969799705142784,0.2790360576880224,0.9947167698253756,0.0388641960016684,
alpha_tuning,ridge,11,0.0237137370566165,,8,0.142355569366126,0.9970107921707534,0.2594992503122718,0.9946343416873086,0.0416506279980239,
alpha_tuning,ridge,11,0.0237137370566165,,9,0.1544385030661576,0.9968412019297208,0.2035257316628237,0.9952683855161462,0.0658532209999975,
alpha_tuning,ridge,11,0.0237137370566165,,10,0.1461482019965967,0.9967908406913591,0.2546625279478848,0.9955140117578394,0.0823724449983274,
alpha_tuning,ridge,11,0.0237137370566165,,11,0.1385248017120369,0.99690268773156,0.2995357228681004,0.9950179974656402,0.0396911239986366,
alpha_tuning,ridge,11,0.0237137370566165,,12,0.1461436821104612,0.9969627118885892,0.2548311606277438,0.9945146991875904,0.0504642400010197,
alpha_tuning,ridge,11,0.0237137370566165,,13,0.1458568514042051,0.9970943144256076,0.2570767508613622,0.9932144125419234,0.0476325890012958,
alpha_tuning,ridge,11,0.0237137370566165,,14,0.1464737534922149,0.9967739547855382,0.2672107728841367,0.9953291802314096,0.0886937739996938,
alpha_tuning,ridge,11,0.0237137370566165,,15,0.1521941908389572,0.9969885430950016,0.2157060163106021,0.9940999339394578,0.0324443909994442,
alpha_tuning,ridge,11,0.0316227766016837,,1,0.1482356388801408,0.9969236837019212,0.2523092338948494,0.9945129399239048,0.0474135170006775,
alpha_tuning,ridge,11,0.0316227766016837,,2,0.1458298365594959,0.9970116550272248,0.2605478281290229,0.9940321572067036,0.1469491290008591,
alpha_tuning,ridge,11,0.0316227766016837,,3,0.1524607145423073,0.9968042591273888,0.2295612008931041,0.9951987244917432,0.0668063259981863,
alpha_tuning,ridge,11,0.0316227766016837,,4,0.1548252361179318,0.9967373659520704,0.2093368947036087,0.9957459699516392,0.0740902709985675,
alpha_tuning,ridge,11,0.0316227766016837,,5,0.1418977998869506,0.9969689557274832,0.2616216234157031,0.9948990884254711,0.1627845629991497,
alpha_tuning,ridge,11,0.0316227766016837,,6,0.1487818158763935,0.9970487921274866,0.2350661967765984,0.9937055195751128,0.0218337569967843,
alpha_tuning,ridge,11,0.0316227766016837,,7,0.1426574871443529,0.9969330550468424,0.2768808482556652,0.9947575762630811,0.0266788900007668,
alpha_tuning,ridge,11,0.0316227766016837,,8,0.1446905331007939,0.9969617621826204,0.2568137373035896,0.994689869960248,0.062646008998854,
alpha_tuning,ridge,11,0.0316227766016837,,9,0.1567051009587965,0.996794842214318,0.2022981508014838,0.9952969246071798,0.1144432639994192,
alpha_tuning,ridge,11,0.0316227766016837,,10,0.1482018622480106,0.9967457458983848,0.2538693986266822,0.9955279830666068,0.1079582780002965,
alpha_tuning,ridge,11,0.0316227766016837,,11,0.140665137771445,0.9968548313978678,0.2990021540062967,0.995026872004531,0.0381825670010584,
alpha_tuning,ridge,11,0.0316227766016837,,12,0.1481900028688751,0.9969201834287754,0.2527814132434126,0.9945588204832936,0.0271849599994311,
alpha_tuning,ridge,11,0.0316227766016837,,13,0.1481828673488092,0.9970479767259316,0.2543544271403099,0.9932862687702152,0.0687786759990558,
alpha_tuning,ridge,11,0.0316227766016837,,14,0.1486981507446571,0.9967249630314512,0.2643764557349936,0.9953787238348644,0.1177233689995773,
alpha_tuning,ridge,11,0.0316227766016837,,15,0.1546155261426355,0.99694063228527,0.2120004387685196,0.9942012901865608,0.0470947700014221,
alpha_tuning,ridge,11,0.0421696503428582,,1,0.1505685643051791,0.9968752687825302,0.2486659647035843,0.9945921714154252,0.0270582180019118,
alpha_tuning,ridge,11,0.0421696503428582,,2,0.1480314339333308,0.996966539894414,0.2577927147465377,0.9940952630236372,0.0598427209988585,
alpha_tuning,ridge,11,0.0421696503428582,,3,0.1546821959015768,0.99675769448417,0.2283706672706314,0.995223624517972,0.1662020170006144,
alpha_tuning,ridge,11,0.0421696503428582,,4,0.1572684183036281,0.9966858807447218,0.2076601381277193,0.995780044083042,0.0231650349996925,
alpha_tuning,ridge,11,0.0421696503428582,,5,0.1444486433484051,0.9969144677828492,0.2602476193628388,0.99492587777524,0.0499394919970654,
alpha_tuning,ridge,11,0.0421696503428582,,6,0.1512234718979281,0.9970003599018796,0.2319120919487756,0.9937899785546216,0.0457494740003312,
alpha_tuning,ridge,11,0.0421696503428582,,7,0.1449413545855321,0.9968839549549888,0.2748056369156994,0.9947968680279552,0.1241644809997524,
alpha_tuning,ridge,11,0.0421696503428582,,8,0.1471452382435311,0.9969102178428814,0.2544911138575856,0.994737894776448,0.1468813120009144,
alpha_tuning,ridge,11,0.0421696503428582,,9,0.1590806345128358,0.9967462543903144,0.2016627280179845,0.995311697066766,0.0588403510009811,
alpha_tuning,ridge,11,0.0421696503428582,,10,0.1503653118905097,0.9966982403220987,0.2530771633702082,0.9955419386260452,0.1506356059981044,
alpha_tuning,ridge,11,0.0421696503428582,,11,0.1428883302717772,0.9968051224553444,0.2989020952056744,0.9950285362240556,0.052483673000097,
alpha_tuning,ridge,11,0.0421696503428582,,12,0.1503608942819014,0.996875066030714,0.2509565027597016,0.994598102111703,0.1196405600021535,
alpha_tuning,ridge,11,0.0421696503428582,,13,0.1506209192845927,0.9969994071025562,0.2521141441916463,0.9933454014449048,0.0308372020008391,
alpha_tuning,ridge,11,0.0421696503428582,,14,0.1510088780329165,0.9966740698814328,0.2621104360412946,0.9954183336509924,0.0158502360027341,
alpha_tuning,ridge,11,0.0421696503428582,,15,0.1571602575551196,0.9968902798444752,0.2087378837700185,0.9942905287268042,0.0405641520010249,
alpha_tuning,ridge,11,0.0562341325190349,,1,0.1530655303109876,0.9968234495487924,0.245785703593018,0.9946548094945178,0.0499484520005353,
alpha_tuning,ridge,11,0.0562341325190349,,2,0.1504017107821458,0.9969179681818456,0.2551332073973658,0.9941561789862896,0.0983728309984144,
alpha_tuning,ridge,11,0.0562341325190349,,3,0.1570341440800512,0.996708395115826,0.2277365360062901,0.9952368873816296,0.0968131640001956,
alpha_tuning,ridge,11,0.0562341325190349,,4,0.1598445639987794,0.9966315935957518,0.2063391598919678,0.9958068882813192,0.0189740710011392,
alpha_tuning,ridge,11,0.0562341325190349,,5,0.1471334454185701,0.996857118381068,0.2591774100680137,0.9949467439517732,0.0370206790030351,
alpha_tuning,ridge,11,0.0562341325190349,,6,0.1538461751082879,0.996948336458584,0.2288941223505944,0.993870792175717,0.1650013370017404,
alpha_tuning,ridge,11,0.0562341325190349,,7,0.1473560220512198,0.9968320428377512,0.2728797774966749,0.9948333319841872,0.0403863290011941,
alpha_tuning,ridge,11,0.0562341325190349,,8,0.1497466707160727,0.9968555924963016,0.2526272140286528,0.9947764345780046,0.1327995640021981,
alpha_tuning,ridge,11,0.0562341325190349,,9,0.1615794641812377,0.9966951447371007,0.2017752711558839,0.9953090806372022,0.0359731809985532,
alpha_tuning,ridge,11,0.0562341325190349,,10,0.1526691396229676,0.9966476522880888,0.2523318029992412,0.9955550684645312,0.0400254820015106,
alpha_tuning,ridge,11,0.0562341325190349,,11,0.1452184432160713,0.9967530228506524,0.2992742569399246,0.9950223462755396,0.1592655499989632,
alpha_tuning,ridge,11,0.0562341325190349,,12,0.1526958066274349,0.9968265398036074,0.2495268301889646,0.9946288761508528,0.0976036680003744,
alpha_tuning,ridge,11,0.0562341325190349,,13,0.1531918778818466,0.996948189780665,0.2504433885721351,0.993389501342462,0.0920451899983163,
alpha_tuning,ridge,11,0.0562341325190349,,14,0.1534451710856951,0.996620411179061,0.2603618267348808,0.9954488991810712,0.1333836100020562,
alpha_tuning,ridge,11,0.0562341325190349,,15,0.1598601621412836,0.9968368570018292,0.2059638455480189,0.99436640518609,0.1079660700015665,
alpha_tuning,ridge,11,0.0749894209332455,,1,0.1557723136892358,0.9967672760004824,0.2437494469085895,0.9946990927043922,0.1666041729986318,
alpha_tuning,ridge,11,0.0749894209332455,,2,0.1529855131172368,0.9968650209050682,0.2527350072428679,0.9942111097128732,0.0298594220002996,
alpha_tuning,ridge,11,0.0749894209332455,,3,0.1595486584672898,0.9966556881845604,0.2277272029512945,0.9952370825825964,0.1639918550026777,
alpha_tuning,ridge,11,0.0749894209332455,,4,0.1625880949563332,0.9965737791351504,0.2054054214290889,0.9958258632044162,0.0315448749970528,
alpha_tuning,ridge,11,0.0749894209332455,,5,0.1499786375659403,0.9967963429259912,0.2584538697482189,0.9949608510242076,0.0931037489972368,
alpha_tuning,ridge,11,0.0749894209332455,,6,0.1567031812142004,0.9968916654275046,0.2260492332007911,0.9939469711385368,0.0229073419977794,
alpha_tuning,ridge,11,0.0749894209332455,,7,0.1499360993683353,0.9967765746301942,0.2711677451061396,0.9948657473689964,0.0454423369992582,
alpha_tuning,ridge,11,0.0749894209332455,,8,0.152524513984367,0.9967972628441288,0.251322303625795,0.9948034161717548,0.0150230979998013,
alpha_tuning,ridge,11,0.0749894209332455,,9,0.1642229918917731,0.9966410755117135,0.2027636406872409,0.9952861027879064,0.0186169700027676,
alpha_tuning,ridge,11,0.0749894209332455,,10,0.1551514462610119,0.9965931451689756,0.2516889265783462,0.9955663930048494,0.1690225019992794,
alpha_tuning,ridge,11,0.0749894209332455,,11,0.1476879195041621,0.9966978071845104,0.3001682447180719,0.995007477099557,0.1163168900020537,
alpha_tuning,ridge,11,0.0749894209332455,,12,0.1552355474277969,0.9967737566491964,0.248670832492143,0.99464730170309,0.0466378189994429,
alpha_tuning,ridge,11,0.0749894209332455,,13,0.1559207662082537,0.9968938262635052,0.2494089301512055,0.9934168060600742,0.1264480160025414,
alpha_tuning,ridge,11,0.0749894209332455,,14,0.1560559995227538,0.9965629083815676,0.2590771351138415,0.995471355472617,0.0139010790007887,
alpha_tuning,ridge,11,0.0749894209332455,,15,0.1627514083958482,0.996779648093596,0.2037325489569678,0.9944274363873196,0.0130475030018715,
alpha_tuning,ridge,11,0.1,,1,0.1587379899583887,0.9967057296792972,0.2426718675784878,0.9947225272114444,0.0153583669998624,
alpha_tuning,ridge,11,0.1,,2,0.1558321315186821,0.9968066880015276,0.2507629830516933,0.9942562788875388,0.014406605001568,
alpha_tuning,ridge,11,0.1,,3,0.1622677139936499,0.9965986938505998,0.2284122163891128,0.9952227555176174,0.0124949839992041,
alpha_tuning,ridge,11,0.1,,4,0.1655458723268203,0.9965114498573328,0.2048983085964449,0.9958361684744502,0.0337424940007622,
alpha_tuning,ridge,11,0.1,,5,0.1530198247651459,0.996731380868446,0.25812079440762,0.9949673450893304,0.0253833099995972,
alpha_tuning,ridge,11,0.1,,6,0.1598518583140388,0.996829208865926,0.2234904421392637,0.9940154891154686,0.0126393629980157,
alpha_tuning,ridge,11,0.1,,7,0.1527261864697967,0.99671659149348,0.2697354427121771,0.994892866384688,0.0135568289988441,
alpha_tuning,ridge,11,0.1,,8,0.1555149922091115,0.9967344682449262,0.2506731215108623,0.9948168392911174,0.0245269339975493,
alpha_tuning,ridge,11,0.1,,9,0.1670458169737543,0.9965833390389772,0.2047413098029518,0.9952401254672222,0.0279860310001822,
alpha_tuning,ridge,11,0.1,,10,0.1578616686577756,0.9965336334177928,0.2512212573689962,0.9955746311959616,0.025708561999636,
alpha_tuning,ridge,11,0.1,,11,0.150341480825644,0.9966384755129648,0.3016469195767802,0.9949828831652408,0.1484771079994971,
alpha_tuning,ridge,11,0.1,,12,0.1580233683329313,0.9967158176731858,0.2485639099709674,0.9946496032355666,0.0245847550031612,
alpha_tuning,ridge,11,0.1,,13,0.1588432233681501,0.9968356065670732,0.2490655686258443,0.9934258691498024,0.0263149060010619,
alpha_tuning,ridge,11,0.1,,14,0.1589001595285699,0.9965002665187276,0.2582264864060997,0.9954862247339022,0.0277186040002561,
alpha_tuning,ridge,11,0.1,,15,0.1658760883430825,0.996717820247532,0.2021076095247716,0.9944718822964244,0.1280783360016357,
alpha_tuning,ridge,11,0.1333521432163324,,1,0.162016783484911,0.9966376852735128,0.2426857643814458,0.9947222249926492,0.0329010570021637,
alpha_tuning,ridge,11,0.1333521432163324,,2,0.1590004231202294,0.9967417633708544,0.2493742162709853,0.9942880885628808,0.0315018580004107,
alpha_tuning,ridge,11,0.1333521432163324,,3,0.1652487119177953,0.9965362089217056,0.2298794637713285,0.9951920680194976,0.0275874629987811,
alpha_tuning,ridge,11,0.1333521432163324,,4,0.1687816957625381,0.9964432613114654,0.2048769961940939,0.9958366015734512,0.0382341789991187,
alpha_tuning,ridge,11,0.1333521432163324,,5,0.1563087658327825,0.9966611266009828,0.2582293921332601,0.9949652277284318,0.1697244530005264,
alpha_tuning,ridge,11,0.1333521432163324,,6,0.1633533909735059,0.9967597531284114,0.2214012347889649,0.9940714328238804,0.0205980860009731,
alpha_tuning,ridge,11,0.1333521432163324,,7,0.1557887301214936,0.9966507509057588,0.26866699614376,0.994913096204436,0.1300290870021854,
alpha_tuning,ridge,11,0.1333521432163324,,8,0.1587682474297318,0.9966661558071388,0.2507708867217775,0.9948148178027468,0.0258544249991246,
alpha_tuning,ridge,11,0.1333521432163324,,9,0.1701011812306199,0.996520846341062,0.2078265793947293,0.9951683983879592,0.0152815440014819,
alpha_tuning,ridge,11,0.1333521432163324,,10,0.1608665048799873,0.996467652461464,0.2510280017315395,0.9955780354758308,0.0231188719990314,
alpha_tuning,ridge,11,0.1333521432163324,,11,0.1532411609820138,0.9965736408060252,0.3037945919790716,0.9949471621859576,0.0246541000014985,
alpha_tuning,ridge,11,0.1333521432163324,,12,0.161110276382691,0.9966516628018622,0.2493707236967066,0.9946322363799028,0.1254391690017655,
alpha_tuning,ridge,11,0.1333521432163324,,13,0.1620143028172801,0.9967724339445884,0.2494752992169847,0.9934150542365474,0.0425963789966772,
alpha_tuning,ridge,11,0.1333521432163324,,14,0.1620480462375427,0.996430935156548,0.257821327980646,0.9954933068659684,0.1360839110020606,
alpha_tuning,ridge,11,0.1333521432163324,,15,0.1692867712799627,0.9966503332782568,0.2011607594997,0.9944977808679752,0.0447215259991935,
alpha_tuning,ridge,11,0.1778279410038923,,1,0.1656733962976355,0.9965618000297446,0.2439179654317944,0.9946954278711776,0.1264792299989494,
alpha_tuning,ridge,11,0.1778279410038923,,2,0.1625671837143877,0.9966686733136884,0.2487236283651899,0.9943029902658536,0.0211364019996835,
alpha_tuning,ridge,11,0.1778279410038923,,3,0.1685719630056656,0.996466549997678,0.2322527794396626,0.995142430091366,0.0197637609999219,
alpha_tuning,ridge,11,0.1778279410038923,,4,0.172382011222833,0.9963673918208154,0.2054331801565108,0.9958252991067176,0.0253415709994442,
alpha_tuning,ridge,11,0.1778279410038923,,5,0.1599219214048841,0.996583946866616,0.2588455924668154,0.9949532134943916,0.0593316060003417,
alpha_tuning,ridge,11,0.1778279410038923,,6,0.1672766277913409,0.9966819325472178,0.2200160908248936,0.9941085234889232,0.1212795899991761,
alpha_tuning,ridge,11,0.1778279410038923,,7,0.1592140767929847,0.9965771105389108,0.2680912113199288,0.9949239980347608,0.1415133109985618,
alpha_tuning,ridge,11,0.1778279410038923,,8,0.1623582888524493,0.9965907714721536,0.2517073935589666,0.9947954536786126,0.0230735749973973,
alpha_tuning,ridge,11,0.1778279410038923,,9,0.1734653119081062,0.99645203830886,0.2121564830936158,0.99506773575976,0.0514212019988917,
alpha_tuning,ridge,11,0.1778279410038923,,10,0.1642571573650133,0.9963931996537247,0.2512446890566241,0.995574218436864,0.0314596089992846,
alpha_tuning,ridge,11,0.1778279410038923,,11,0.1564724742968503,0.9965013910265668,0.3067311744322349,0.9948983197270884,0.1533918320019438,
alpha_tuning,ridge,11,0.1778279410038923,,12,0.1645643892725292,0.9965798763526346,0.2512440419382166,0.9945919127630942,0.022797225999966,
alpha_tuning,ridge,11,0.1778279410038923,,13,0.165517724718533,0.9967026405657964,0.2507324063266307,0.9933818726664206,0.0369346690022212,
alpha_tuning,ridge,11,0.1778279410038923,,14,0.1655863714709458,0.9963530044903756,0.2579268871700017,0.9954914617010332,0.0229531100012536,
alpha_tuning,ridge,11,0.1778279410038923,,15,0.1730542450519898,0.9965757865111124,0.200969961907415,0.9945029996301494,0.0893618139998579,
alpha_tuning,ridge,11,0.2371373705661655,,1,0.1697924221808319,0.9964763183834116,0.2464683336305396,0.994639964092438,0.0400168000014673,
alpha_tuning,ridge,11,0.2371373705661655,,2,0.1666374503976271,0.996585265409876,0.2489791625272545,0.9942971372609812,0.1297664459998486,
alpha_tuning,ridge,11,0.2371373705661655,,3,0.1723497973666688,0.9963873625183748,0.2357086762471905,0.9950701499646004,0.0406589590020303,
alpha_tuning,ridge,11,0.2371373705661655,,4,0.1764628831293075,0.9962813955584414,0.2067031953305688,0.9957994905519476,0.0757624879988725,
alpha_tuning,ridge,11,0.2371373705661655,,5,0.163970536551618,0.9964974653865512,0.2600583095963467,0.99492956880187,0.1431969330005813,
alpha_tuning,ridge,11,0.2371373705661655,,6,0.1717074994347422,0.996594042617934,0.2195958721582551,0.9941197758859398,0.0266142079999553,
alpha_tuning,ridge,11,0.2371373705661655,,7,0.1631308106115984,0.996492906006374,0.2682133091008395,0.9949216862522416,0.1728808150000986,
alpha_tuning,ridge,11,0.2371373705661655,,8,0.1663939159406528,0.9965060306492852,0.2535889628835535,0.9947565485254176,0.0353201990001252,
alpha_tuning,ridge,11,0.2371373705661655,,9,0.1772414319316224,0.9963748036788512,0.2178890515394237,0.994934463648827,0.0285867340026015,
alpha_tuning,ridge,11,0.2371373705661655,,10,0.1681569186402355,0.9963075677059698,0.2520520581368938,0.9955599962887124,0.0713435020006727,
alpha_tuning,ridge,11,0.2371373705661655,,11,0.1601519043070351,0.9964191216887256,0.3106306725456036,0.9948334616550776,0.1875761429982958,
alpha_tuning,ridge,11,0.2371373705661655,,12,0.1684827736274963,0.9964984410004836,0.2543307447583018,0.99452547075716,0.0240529920010885,
alpha_tuning,ridge,11,0.2371373705661655,,13,0.1694733955152055,0.9966238377158768,0.2529863501090048,0.9933223794115478,0.043206056998315,
alpha_tuning,ridge,11,0.2371373705661655,,14,0.1696263337574675,0.99626402540238,0.2586763508973998,0.9954783611439112,0.1101044540009752,
alpha_tuning,ridge,11,0.2371373705661655,,15,0.1772778461206535,0.9964922143817684,0.2016181881930121,0.9944852691190926,0.0201986219981336,
alpha_tuning,ridge,11,0.3162277660168379,,1,0.1744911683795749,0.9963788058714346,0.2504041687085193,0.9945543700648668,0.0305211019986018,
alpha_tuning,ridge,11,0.3162277660168379,,2,0.1713542837603514,0.9964886080618364,0.2503392112129797,0.9942659853730308,0.0334886939999705,
alpha_tuning,ridge,11,0.3162277660168379,,3,0.1767363411186521,0.9962954158342744,0.2404928199492309,0.9949700895367264,0.087532760000613,
alpha_tuning,ridge,11,0.3162277660168379,,4,0.1811777721605041,0.9961820386456338,0.2088784908069362,0.9957552853852778,0.1319916440006636,
alpha_tuning,ridge,11,0.3162277660168379,,5,0.1686119379302364,0.9963983215444598,0.2619917429993447,0.9948918720981528,0.0319203090002702,
alpha_tuning,ridge,11,0.3162277660168379,,6,0.176763119601194,0.9964937602954754,0.2204080008262131,0.9940980291266308,0.1321133419987745,
alpha_tuning,ridge,11,0.3162277660168379,,7,0.1677141336692119,0.9963943706977714,0.269344912709617,0.9949002606258148,0.0281443620006029,
alpha_tuning,ridge,11,0.3162277660168379,,8,0.1710286733129612,0.9964087091810374,0.2565553521600165,0.9946952125822084,0.0300291050007217,
alpha_tuning,ridge,11,0.3162277660168379,,9,0.181564537762616,0.9962863813095234,0.2251955557714782,0.9947646003054144,0.0218909149989485,
alpha_tuning,ridge,11,0.3162277660168379,,10,0.172728490002862,0.996207183981825,0.253683393463276,0.995531259626306,0.03600409000137,
alpha_tuning,ridge,11,0.3162277660168379,,11,0.1644353785367209,0.9963233463682114,0.3157410628406409,0.9947484635214404,0.074039802999323,
alpha_tuning,ridge,11,0.3162277660168379,,12,0.1730036607244474,0.9964044838999488,0.2587834664503118,0.99442962487295,0.0372735169985389,
alpha_tuning,ridge,11,0.3162277660168379,,13,0.1740417407354342,0.9965328294795308,0.2564533085563606,0.9932308684146208,0.1112244309988454,
alpha_tuning,ridge,11,0.3162277660168379,,14,0.1743143056006659,0.9961607740773494,0.260291599953991,0.9954501267387512,0.0179424529997049,
alpha_tuning,ridge,11,0.3162277660168379,,15,0.1820969135174482,0.9963968597975512,0.2031935647780601,0.9944421788702392,0.06761947799896,
alpha_tuning,ridge,11,0.4216965034285822,,1,0.1799342966133241,0.9962658452890504,0.2557785495683371,0.9944374914623898,0.0475884100014809,
alpha_tuning,ridge,11,0.4216965034285822,,2,0.1769058722657522,0.9963748449116304,0.2530435966191801,0.9942040414793796,0.1729265169997234,
alpha_tuning,ridge,11,0.4216965034285822,,3,0.1819367623786101,0.9961864094005508,0.2469380078077246,0.9948352883486744,0.0219686050004384,
alpha_tuning,ridge,11,0.4216965034285822,,4,0.1867250654847484,0.9960651404672274,0.2122135563193639,0.995687512005324,0.0409456640009011,
alpha_tuning,ridge,11,0.4216965034285822,,5,0.1740612787465029,0.9962819195052224,0.2648263192938513,0.9948366055538942,0.0296203949983464,
alpha_tuning,ridge,11,0.4216965034285822,,6,0.1826076671831959,0.9963778289584792,0.2227176902682357,0.994036181463378,0.051603822998004,
alpha_tuning,ridge,11,0.4216965034285822,,7,0.173190895825962,0.9962766276448652,0.2719253092479868,0.9948514037541728,0.2399023639991355,
alpha_tuning,ridge,11,0.4216965034285822,,8,0.1764684988192905,0.996294482747427,0.2607994516205937,0.9946074574633668,0.0775727120017109,
alpha_tuning,ridge,11,0.4216965034285822,,9,0.1866079162115553,0.9961832268901532,0.2342514143306403,0.994554067557677,0.1641685030008375,
alpha_tuning,ridge,11,0.4216965034285822,,10,0.1781812006989699,0.9960874519765818,0.256431934665626,0.9954828429094212,0.0840044420001504,
alpha_tuning,ridge,11,0.4216965034285822,,11,0.1695267463226315,0.9962095071443934,0.3224025442677766,0.994637666995955,0.1899923540004238,
alpha_tuning,ridge,11,0.4216965034285822,,12,0.178317560586649,0.9962940457021175,0.2647770281906649,0.9943006120434256,0.1479164720003609,
alpha_tuning,ridge,11,0.4216965034285822,,13,0.1794253236742757,0.9964255804944244,0.2614114024119914,0.9930999986281854,0.155260087998613,
alpha_tuning,ridge,11,0.4216965034285822,,14,0.1798432815481346,0.9960389998620311,0.2631098316507596,0.9954008643075264,0.0393535250004788,
alpha_tuning,ridge,11,0.4216965034285822,,15,0.1877018353153618,0.996285955561606,0.2057916833927031,0.994371114225304,0.0547565599990775,
alpha_tuning,ridge,11,0.5623413251903491,,1,0.1863491837854791,0.996132717910863,0.2626749892901659,0.9942875120958772,0.07133383800101,
alpha_tuning,ridge,11,0.5623413251903491,,2,0.1835303346222392,0.9962390964307476,0.2573728245899165,0.9941048805992784,0.0169743250007741,
alpha_tuning,ridge,11,0.5623413251903491,,3,0.1882155278413996,0.9960547997102824,0.2554853582821704,0.9946565204021144,0.016977424002107,
alpha_tuning,ridge,11,0.5623413251903491,,4,0.1933546307398649,0.9959254355595092,0.2170300512052021,0.9955896338267012,0.0505918179987929,
alpha_tuning,ridge,11,0.5623413251903491,,5,0.1806031882938194,0.996142179371968,0.268832967489972,0.9947584867887408,0.0167638530001568,
alpha_tuning,ridge,11,0.5623413251903491,,6,0.1894672107408389,0.9962417643538772,0.2267913690261734,0.9939270986111828,0.0255324769968865,
alpha_tuning,ridge,11,0.5623413251903491,,7,0.179842014488257,0.9961336374995704,0.2765305457883062,0.994764208841613,0.0254496880006627,
alpha_tuning,ridge,11,0.5623413251903491,,8,0.182977709011963,0.9961578011819864,0.2665851003133633,0.9944878277767092,0.1486393380000663,
alpha_tuning,ridge,11,0.5623413251903491,,9,0.1925925616220286,0.996060820327032,0.2452365481070192,0.994298682562086,0.0508896369974536,
alpha_tuning,ridge,11,0.5623413251903491,,10,0.1847791198713495,0.995942573192988,0.2606624754867038,0.9954083201418422,0.105525076000049,
alpha_tuning,ridge,11,0.5623413251903491,,11,0.1756855504738755,0.9960718008317272,0.3310626742416389,0.9944936281178388,0.0640089940025063,
alpha_tuning,ridge,11,0.5623413251903491,,12,0.1846772581299564,0.9961618728058178,0.2725315772520437,0.9941336935466392,0.0354908829976921,
alpha_tuning,ridge,11,0.5623413251903491,,13,0.1858707247902003,0.9962971785108122,0.2681828787793116,0.9929212642815096,0.0490405070013366,
alpha_tuning,ridge,11,0.5623413251903491,,14,0.1864640441793557,0.995893179337239,0.2676108907153915,0.9953221862084672,0.1497376799998164,
alpha_tuning,ridge,11,0.5623413251903491,,15,0.1943444800267505,0.9961545179674818,0.2095221296192365,0.9942690777612854,0.129680226000346,
alpha_tuning,ridge,11,0.7498942093324559,,1,0.1940420406948265,0.9959730689811738,0.2712732832902598,0.9941005218894462,0.0148809630009054,
alpha_tuning,ridge,11,0.7498942093324559,,2,0.1915222444571381,0.9960753262164932,0.2636381785503777,0.993961372792098,0.0214799400018819,
alpha_tuning,ridge,11,0.7498942093324559,,3,0.1959042337512988,0.9958936361488528,0.2667081132711395,0.9944217963352684,0.0250988930019957,
alpha_tuning,ridge,11,0.7498942093324559,,4,0.2013740933958427,0.9957564413272796,0.2237151518645619,0.9954537828620564,0.0338727440030197,
alpha_tuning,ridge,11,0.7498942093324559,,5,0.1886033008429956,0.9959712909202726,0.2744234284666657,0.9946494879730824,0.026724794999609,
alpha_tuning,ridge,11,0.7498942093324559,,6,0.1976426715253504,0.996079597464822,0.2329097340129745,0.993763264214022,0.1027518789996975,
alpha_tuning,ridge,11,0.7498942093324559,,7,0.1880050849095349,0.9959581424159828,0.2838719715740022,0.9946252072998154,0.0620630470002652,
alpha_tuning,ridge,11,0.7498942093324559,,8,0.1908861929329636,0.9959917374153254,0.2742635251095081,0.994329061214624,0.1214326930021343,
alpha_tuning,ridge,11,0.7498942093324559,,9,0.1998010930067097,0.9959133810902134,0.2583516543095622,0.9939937794623244,0.035139955998602,
alpha_tuning,ridge,11,0.7498942093324559,,10,0.1928513670653949,0.9957653207405422,0.2668315477840076,0.9952996493216248,0.0870259919975069,
alpha_tuning,ridge,11,0.7498942093324559,,11,0.1832346315633354,0.9959030089534148,0.3422888453823377,0.9943069097774064,0.1600058059993898,
alpha_tuning,ridge,11,0.7498942093324559,,12,0.192407881986232,0.9960012080983645,0.282345439314884,0.9939224478519858,0.1302819319971604,
alpha_tuning,ridge,11,0.7498942093324559,,13,0.1936752407616787,0.9961417009363608,0.277113932793151,0.9926855274912296,0.136156951997691,
alpha_tuning,ridge,11,0.7498942093324559,,14,0.1944963485408246,0.9957162699836613,0.2744385814245065,0.995202838801947,0.0984172989992657,
alpha_tuning,ridge,11,0.7498942093324559,,15,0.2023497107628745,0.995996118969179,0.214522606612007,0.994132302973562,0.1530148060010105,
alpha_tuning,ridge,11,1.0,,1,0.2034146977786106,0.9957785593614832,0.2819226750117747,0.9938689257197468,0.0173945130009087,
alpha_tuning,ridge,11,1.0,,2,0.201246753108587,0.995876051587742,0.2721738836834475,0.993765862636708,0.0966008209979918,
alpha_tuning,ridge,11,1.0,,3,0.205409478019035,0.9956943959858918,0.2813319170117815,0.9941159392894596,0.1331687619967851,
alpha_tuning,ridge,11,1.0,,4,0.2111570142669542,0.9955502857190428,0.2327116447174397,0.9952709610475826,0.0322147459992265,
alpha_tuning,ridge,11,1.0,,5,0.1985193327394272,0.9957594769829902,0.2822139552559992,0.9944975938454006,0.0234580850010388,
alpha_tuning,ridge,11,1.0,,6,0.207522259474281,0.995883627832644,0.241386276546099,0.9935362837643568,0.0733295470017765,
alpha_tuning,ridge,11,1.0,,7,0.1980801302962349,0.9957415424308006,0.2947887850109294,0.9944185098620772,0.1307792239967966,
alpha_tuning,ridge,11,1.0,,8,0.2006009635936918,0.9957877449150832,0.28429098369044,0.9941217237505456,0.0265165870005148,
alpha_tuning,ridge,11,1.0,,9,0.2085975086099906,0.9957334641648266,0.2738494849036747,0.9936334822207504,0.1212791319994721,
alpha_tuning,ridge,11,1.0,,10,0.2028053285184911,0.9955467491288588,0.2755173426279529,0.995146645368284,0.0197475050008506,
alpha_tuning,ridge,11,1.0,,11,0.1925691086019055,0.9956942969401602,0.3567792402824497,0.9940658995118362,0.1531008559977635,
alpha_tuning,ridge,11,1.0,,12,0.2019180709061218,0.9958035588854356,0.294636892240254,0.9936578714298908,0.0646755369998572,
alpha_tuning,ridge,11,1.0,,13,0.203202291914684,0.9959519078972592,0.2885649643604859,0.9923832754364444,0.0346646220023103,
alpha_tuning,ridge,11,1.0,,14,0.2043405176613417,0.995499454793742,0.2844092117051059,0.9950285531003742,0.1333221539971418,
alpha_tuning,ridge,11,1.0,,15,0.212130361080294,0.9958025898550162,0.2209839494550355,0.993955570074472,0.0769205389988201,
alpha_tuning,ridge,11,1.333521432163324,,1,0.2149803199252998,0.9955385394028816,0.2952007388671043,0.9935801628673384,0.0161883000000671,
alpha_tuning,ridge,11,1.333521432163324,,2,0.2131650718589683,0.995631821403015,0.2833472138397561,0.9935099377329032,0.0280757520013139,
alpha_tuning,ridge,11,1.333521432163324,,3,0.2172201392588469,0.9954468317988162,0.3002388326305077,0.9937205009029044,0.0553977839990693,
alpha_tuning,ridge,11,1.333521432163324,,4,0.2231556318882093,0.995297438706755,0.2444986121804112,0.9950314327320532,0.0649950759980129,
alpha_tuning,ridge,11,1.333521432163324,,5,0.2109105412589899,0.9954947914019402,0.2930926984127637,0.9942854878804572,0.0663968290027696,
alpha_tuning,ridge,11,1.333521432163324,,6,0.2195954244925772,0.9956441468218884,0.2525876227460875,0.9932363399385108,0.100466851999954,
alpha_tuning,ridge,11,1.333521432163324,,7,0.2105398022246071,0.9954736761680222,0.3102392202900555,0.9941259734545816,0.1477429890001076,
alpha_tuning,ridge,11,1.333521432163324,,8,0.2126228279979448,0.995535307645791,0.2972502388851543,0.9938537656147202,0.0245786189989303,
alpha_tuning,ridge,11,1.333521432163324,,9,0.2194527009793719,0.9955114381801908,0.2920759426044504,0.9932097492089992,0.0313821049967373,
alpha_tuning,ridge,11,1.333521432163324,,10,0.2151425105313612,0.9952758461553146,0.2874561944242287,0.994936337439534,0.1371994949986401,
alpha_tuning,ridge,11,1.333521432163324,,11,0.2041682065148835,0.9954349496765316,0.3753728944625964,0.993756642133913,0.0281063490001542,
alpha_tuning,ridge,11,1.333521432163324,,12,0.2137120332225311,0.9955584462605668,0.309987124449899,0.993327454062553,0.030591988001106,
alpha_tuning,ridge,11,1.333521432163324,,13,0.2149067135856518,0.9957187383966256,0.3029213809467859,0.992004335217212,0.0299298659992928,
alpha_tuning,ridge,11,1.333521432163324,,14,0.2164885418142444,0.9952318978134006,0.2985008163944561,0.9947822331446188,0.0640153499989537,
alpha_tuning,ridge,11,1.333521432163324,,15,0.224206652132771,0.9955636370416644,0.2291881479511663,0.9937311659807482,0.0815554269975109,
alpha_tuning,ridge,11,1.7782794100389228,,1,0.2293762558149016,0.9952397822852422,0.3119360705209484,0.9932162135629056,0.1325248339999234,
alpha_tuning,ridge,11,1.7782794100389228,,2,0.2278705446316861,0.9953304768587886,0.2976011833845375,0.993183450845507,0.0186327640003582,
alpha_tuning,ridge,11,1.7782794100389228,,3,0.2319142625767715,0.9951388271392864,0.3244416100758069,0.993214299497232,0.1255242609986453,
alpha_tuning,ridge,11,1.7782794100389228,,4,0.2379210886174706,0.994986286060933,0.2595666592450616,0.9947252281087644,0.014433000000281,
alpha_tuning,ridge,11,1.7782794100389228,,5,0.2264455626399875,0.9951629516016204,0.3082786837255321,0.9939894023840016,0.0642317279998678,
alpha_tuning,ridge,11,1.7782794100389228,,6,0.2344704199068545,0.9953490892349672,0.2669553663594878,0.9928516079686892,0.0563524459976179,
alpha_tuning,ridge,11,1.7782794100389228,,7,0.2259449731169253,0.9951424856215848,0.3312967311545153,0.9937272734524264,0.0415761809999821,
alpha_tuning,ridge,11,1.7782794100389228,,8,0.2275665133041071,0.9952215174561,0.3138787067876832,0.9935099392764122,0.0204408770005102,
alpha_tuning,ridge,11,1.7782794100389228,,9,0.2329743472802588,0.99523487405017,0.3135178709476734,0.9927112621730768,0.0739446190018497,
alpha_tuning,ridge,11,1.7782794100389228,,10,0.2304772897638727,0.9949391211812972,0.3035826561612404,0.9946522629888372,0.0566386789978423,
alpha_tuning,ridge,11,1.7782794100389228,,11,0.218611599037215,0.9951120060858936,0.3990605235411544,0.9933626596500464,0.1478016080000088,
alpha_tuning,ridge,11,1.7782794100389228,,12,0.2284024645934186,0.99525313663712,0.3291735006513242,0.9929144627913692,0.0246077699994202,
alpha_tuning,ridge,11,1.7782794100389228,,13,0.2293684452541188,0.9954306391768408,0.3206317872323611,0.9915368658316446,0.1299675419977575,
alpha_tuning,ridge,11,1.7782794100389228,,14,0.2315340756038462,0.994900523958879,0.3178195115147646,0.9944445441282016,0.0145829009998124,
alpha_tuning,ridge,11,1.7782794100389228,,15,0.2392294653905356,0.9952663815783108,0.2395618066397853,0.993447422056498,0.0382972639999934,
alpha_tuning,ridge,11,2.371373705661655,,1,0.2473779318349544,0.9948661956784614,0.3331861001592409,0.9927540814901148,0.0410330820013769,
alpha_tuning,ridge,11,2.371373705661655,,2,0.2461328299639115,0.9949562461125196,0.3155403778394438,0.9927725539552352,0.1754256690001057,
alpha_tuning,ridge,11,2.371373705661655,,3,0.2501721212933631,0.9947561227454224,0.3550273331583575,0.9925745987003758,0.0240751249984896,
alpha_tuning,ridge,11,2.371373705661655,,4,0.2561367593534477,0.994602427014183,0.2784015121198143,0.9943424765149802,0.1267795950006984,
alpha_tuning,ridge,11,2.371373705661655,,5,0.2459143743312236,0.994747083066545,0.3293690423835517,0.9935781976327082,0.0330528380000032,
alpha_tuning,ridge,11,2.371373705661655,,6,0.2528999878240453,0.9949835238222596,0.2850360269303093,0.9923674534386346,0.0161501580005278,
alpha_tuning,ridge,11,2.371373705661655,,7,0.2449710350146281,0.9947334507669572,0.3591658756302792,0.9931996029203264,0.0165586160001112,
alpha_tuning,ridge,11,2.371373705661655,,8,0.2461847963144135,0.99483056740343,0.3351091114817934,0.9930709588273678,0.0255029069994634,
alpha_tuning,ridge,11,2.371373705661655,,9,0.2499413412498407,0.9948878407213984,0.33885984078118,0.9921221060475396,0.1237233179999748,
alpha_tuning,ridge,11,2.371373705661655,,10,0.2495630184942042,0.9945200319062985,0.3250789709893522,0.9942735963025924,0.0395712760000606,
alpha_tuning,ridge,11,2.371373705661655,,11,0.2366054194590096,0.9947096775493448,0.4290034392315746,0.9928646366415472,0.0219076719986333,
alpha_tuning,ridge,11,2.371373705661655,,12,0.2467290165844539,0.9948722579177548,0.3531895846080422,0.9923975109220838,0.1394975140028691,
alpha_tuning,ridge,11,2.371373705661655,,13,0.2473335373561462,0.995072747802792,0.3422791912311729,0.990965478677489,0.0217378890010877,
alpha_tuning,ridge,11,2.371373705661655,,14,0.250186502753559,0.9944897092435476,0.3435501846363902,0.9939947743252164,0.1452603279976756,
alpha_tuning,ridge,11,2.371373705661655,,15,0.2580091879251044,0.9948947883868168,0.252751968677243,0.9930866401520276,0.1195919380006671,
alpha_tuning,ridge,11,3.1622776601683795,,1,0.2699293689934721,0.9943981884286532,0.3601858060986442,0.99216690912928,0.0833187509997515,
alpha_tuning,ridge,11,3.1622776601683795,,2,0.2689533302955784,0.99448860842567,0.3380677532555207,0.9922565648717948,0.150373970001965,
alpha_tuning,ridge,11,3.1622776601683795,,3,0.272813506592363,0.994281534910584,0.3930949195219855,0.9917784146354944,0.0221191739983623,
alpha_tuning,ridge,11,3.1622776601683795,,4,0.2786771551221788,0.9941274329852196,0.3015025096000813,0.9938730306604054,0.0281165710002824,
alpha_tuning,ridge,11,3.1622776601683795,,5,0.2702596609251884,0.9942270493412004,0.3583893355616883,0.9930123806813572,0.019530934998329,
alpha_tuning,ridge,11,3.1622776601683795,,6,0.2758267137224319,0.9945287536370478,0.3075350603954413,0.9917649860159804,0.0162493650022952,
alpha_tuning,ridge,11,3.1622776601683795,,7,0.2684591058828776,0.9942284886941576,0.3952450791876608,0.9925164842635832,0.1371249849980813,
alpha_tuning,ridge,11,3.1622776601683795,,8,0.2694063853371445,0.9943429563038196,0.3621338971010082,0.9925121681355568,0.0145639779984776,
alpha_tuning,ridge,11,3.1622776601683795,,9,0.27134970987259,0.9944499660194892,0.369055858003559,0.9914201018769768,0.063418517998798,
alpha_tuning,ridge,11,3.1622776601683795,,10,0.2733376836490691,0.9939979817753408,0.3534536702092323,0.9937737639632964,0.028075472000637,
alpha_tuning,ridge,11,3.1622776601683795,,11,0.2590311224268057,0.9942082553919253,0.4665776371230076,0.9922396869783509,0.0214997779985424,
alpha_tuning,ridge,11,3.1622776601683795,,12,0.2695967244563307,0.994397000853943,0.3832656758369696,0.9917501159675352,0.1437361399985093,
alpha_tuning,ridge,11,3.1622776601683795,,13,0.2697669175720545,0.9946258414788812,0.3686902152296337,0.990268354909593,0.032512196998141,
alpha_tuning,ridge,11,3.1622776601683795,,14,0.2733057442302175,0.9939805141382844,0.3769180360315486,0.9934115073474308,0.0157727539990446,
alpha_tuning,ridge,11,3.1622776601683795,,15,0.2815601502038152,0.9944287869738678,0.2697389201566608,0.9926220071408116,0.1271045739995315,
alpha_tuning,ridge,11,4.216965034285822,,1,0.2982166371917881,0.9938111461705026,0.3943047990954542,0.9914249110604048,0.1818114529996819,
alpha_tuning,ridge,11,4.216965034285822,,2,0.2976456946884042,0.9939006445020092,0.3665780651126815,0.991603536748808,0.0288341569976182,
alpha_tuning,ridge,11,4.216965034285822,,3,0.3008865689947279,0.9936930932703364,0.4397348649538019,0.9908029395689892,0.0260734490002505,
alpha_tuning,ridge,11,4.216965034285822,,4,0.3067123991960357,0.9935366459523632,0.3294713145864023,0.9933046638801634,0.0399513489974197,
alpha_tuning,ridge,11,4.216965034285822,,5,0.3006503109359331,0.9935778820833112,0.3978763508695088,0.9922424910568012,0.0260683320011594,
alpha_tuning,ridge,11,4.216965034285822,,6,0.3044681602820549,0.993960627337009,0.3354171550389146,0.9910183737793218,0.0503862420009681,
alpha_tuning,ridge,11,4.216965034285822,,7,0.2975138316757513,0.9936038509943104,0.4412689266325396,0.9916450750930704,0.0231256949991802,
alpha_tuning,ridge,11,4.216965034285822,,8,0.2984089409132534,0.993733955429584,0.3965079956750834,0.9918014159174549,0.063949514998967,
alpha_tuning,ridge,11,4.216965034285822,,9,0.2984873966516855,0.9938949070741632,0.4054221827717951,0.9905746489330564,0.0224254860004293,
alpha_tuning,ridge,11,4.216965034285822,,10,0.3030079161453355,0.9933464752805352,0.3906758642992686,0.9931180792562416,0.157360018001782,
alpha_tuning,ridge,11,4.216965034285822,,11,0.287038559526365,0.9935820297813204,0.5134674105167728,0.9914597967948146,0.0195236700019449,
alpha_tuning,ridge,11,4.216965034285822,,12,0.2981580603485469,0.9938034137436508,0.4209207219190276,0.990939582222932,0.1232461020008486,
alpha_tuning,ridge,11,4.216965034285822,,13,0.2979302863338723,0.9940647852545788,0.4010837994472287,0.9894133203798172,0.041177069000696,
alpha_tuning,ridge,11,4.216965034285822,,14,0.301985461745862,0.9933488510366192,0.4192075696391774,0.9926722901839647,0.0299822140004835,
alpha_tuning,ridge,11,4.216965034285822,,15,0.3111804966754081,0.9938426910367062,0.2920042360030594,0.9920129984696606,0.0330114560019865,
alpha_tuning,ridge,11,5.623413251903491,,1,0.3338092527033084,0.9930724969224776,0.4370524272658664,0.9904952629446352,0.0305864229994767,
alpha_tuning,ridge,11,5.623413251903491,,2,0.3339596386376942,0.9931564991720634,0.4032034807484985,0.9907646323360432,0.0215468970018264,
alpha_tuning,ridge,11,5.623413251903491,,3,0.3358312444793244,0.9929606152148484,0.49610052468574,0.989624051061154,0.0799012030001904,
alpha_tuning,ridge,11,5.623413251903491,,4,0.3418769834013463,0.992795622249857,0.3632009781529828,0.9926192280780488,0.0273881779976363,
alpha_tuning,ridge,11,5.623413251903491,,5,0.3386160872559799,0.9927669044010764,0.4510163909096505,0.9912064045064132,0.0247395419974054,
alpha_tuning,ridge,11,5.623413251903491,,6,0.3404619399189027,0.9932466615529508,0.3700690691620486,0.9900904828357328,0.1469314290006877,
alpha_tuning,ridge,11,5.623413251903491,,7,0.3336660593871373,0.9928266265068734,0.4995492250996832,0.9905416039718148,0.0189127609992283,
alpha_tuning,ridge,11,5.623413251903491,,8,0.3347507435546445,0.9929708437264853,0.4402976686406425,0.9908959781465366,0.1194222420017467,
alpha_tuning,ridge,11,5.623413251903491,,9,0.3330606112675245,0.993187766034567,0.4497549448657053,0.9895439903646336,0.0739678999998432,
alpha_tuning,ridge,11,5.623413251903491,,10,0.3401872224579654,0.9925300826372324,0.4393775483111866,0.992260178474327,0.0352404240002215,
alpha_tuning,ridge,11,5.623413251903491,,11,0.3222029018765847,0.9927957810545448,0.571827563371643,0.9904891264966458,0.04961173799893,
alpha_tuning,ridge,11,5.623413251903491,,12,0.3339603405599187,0.9930593388820004,0.46807749209122,0.9899245216271282,0.0900231380001059,
alpha_tuning,ridge,11,5.623413251903491,,13,0.3335030849233703,0.9933561221598584,0.4412513124996934,0.9883530915886966,0.0218227240002306,
alpha_tuning,ridge,11,5.623413251903491,,14,0.3377118378821218,0.9925619871649932,0.4718938518468631,0.9917513388098378,0.0470199989977118,
alpha_tuning,ridge,11,5.623413251903491,,15,0.348587402255305,0.9931025229430211,0.3217606765409535,0.9911990899477612,0.0210371129978739,
alpha_tuning,ridge,11,7.498942093324558,,1,0.3788742435799831,0.9921372686133204,0.4901508910066754,0.9893405114676614,0.1238343410004745,
alpha_tuning,ridge,11,7.498942093324558,,2,0.3802506641782089,0.99220790348875,0.4510778458252223,0.9896680709612722,0.0640696520022174,
alpha_tuning,ridge,11,7.498942093324558,,3,0.3797154885446084,0.9920407541683874,0.5635861281811357,0.9882125887845944,0.0512423610016412,
alpha_tuning,ridge,11,7.498942093324558,,4,0.3865020622180312,0.991855237431532,0.4041694230671306,0.991786689714727,0.0248411690008651,
alpha_tuning,ridge,11,7.498942093324558,,5,0.3862413450906707,0.9917495928916522,0.5218274873760965,0.9898257803177282,0.1546815359979518,
alpha_tuning,ridge,11,7.498942093324558,,6,0.386071996538632,0.9923419491230814,0.4135152983256063,0.9889271022954628,0.1397475239973573,
alpha_tuning,ridge,11,7.498942093324558,,7,0.3790973946011388,0.9918499136329896,0.5732988191311956,0.989145239345028,0.0467458440034533,
alpha_tuning,ridge,11,7.498942093324558,,8,0.3805654529101504,0.9920088182257624,0.4962584930434087,0.9897388778378442,0.0280900469988409,
alpha_tuning,ridge,11,7.498942093324558,,9,0.3773814364718987,0.9922812528636332,0.5044673185351672,0.9882720241243682,0.0585081310018722,
alpha_tuning,ridge,11,7.498942093324558,,10,0.387085383585125,0.9915002809134802,0.5030977298903959,0.9911377204996258,0.0193009069989784,
alpha_tuning,ridge,11,7.498942093324558,,11,0.3667445790698084,0.9917998620456566,0.6445100370318406,0.9892802414110492,0.1007424029994581,
alpha_tuning,ridge,11,7.498942093324558,,12,0.3791579339556725,0.992120002257229,0.5272462126335207,0.988650900967628,0.0566746020012942,
alpha_tuning,ridge,11,7.498942093324558,,13,0.3787536128581094,0.9924546642921764,0.4917416955727968,0.9870203887714002,0.0259866140004305,
alpha_tuning,ridge,11,7.498942093324558,,14,0.3826045579124455,0.9915732370226296,0.5369290538704096,0.9906145294514906,0.0963980340020498,
alpha_tuning,ridge,11,7.498942093324558,,15,0.3961072719230173,0.9921622502634492,0.3622162146126852,0.990092535985009,0.0434431909998238,
alpha_tuning,ridge,11,10.0,,1,0.4364333742887386,0.9909427509302564,0.5556739210605918,0.9879155584577234,0.0316372369998134,
alpha_tuning,ridge,11,10.0,,2,0.4396612788503515,0.9909904611883704,0.5145374963581832,0.9882145289347743,0.0522776859979785,
alpha_tuning,ridge,11,10.0,,3,0.4355035028820688,0.9908713772691956,0.6440710106568557,0.9865292464187582,0.1321369399993273,
alpha_tuning,ridge,11,10.0,,4,0.4438744556123465,0.990646228301025,0.4548007439947969,0.990757787662275,0.0448156589991413,
alpha_tuning,ridge,11,10.0,,5,0.4463813271754471,0.990464957411803,0.615324775456454,0.9880028369664504,0.1696053749983548,
alpha_tuning,ridge,11,10.0,,6,0.4444211499029311,0.9911845463870758,0.4686356544952476,0.9874511180506826,0.04286762600168,
alpha_tuning,ridge,11,10.0,,7,0.4368880568724256,0.9906074917766926,0.6669759065691875,0.9873715703105528,0.1590591960011806,
alpha_tuning,ridge,11,10.0,,8,0.4387864252384734,0.9907862837855216,0.5679873458567919,0.9882557424727332,0.0148855530023865,
alpha_tuning,ridge,11,10.0,,9,0.4345903760110013,0.9911111334683332,0.5727201081429047,0.986685267082726,0.0200034389999927,
alpha_tuning,ridge,11,10.0,,10,0.4467147670191134,0.9901909237794104,0.5864962500922561,0.9896686202591864,0.0214969640001072,
alpha_tuning,ridge,11,10.0,,11,0.4237752289264473,0.9905246988308752,0.735317855124174,0.9877698880697388,0.0352207969990558,
alpha_tuning,ridge,11,10.0,,12,0.4367494175515604,0.9909230847722016,0.6017322219978548,0.9870475720549752,0.130000638000638,
alpha_tuning,ridge,11,10.0,,13,0.4367376779661016,0.9912995354113122,0.5560003013344721,0.985324271219467,0.0317712709984334,
alpha_tuning,ridge,11,10.0,,14,0.4397078477652897,0.9903155523482924,0.6171966660531032,0.989211458962551,0.0287264170001435,
alpha_tuning,ridge,11,10.0,,15,0.456881991610724,0.9909597046981816,0.4177939328554106,0.9885723548851268,0.0711135790006665,
alpha_tuning,ridge,12,0.001,,1,0.1198200364695829,0.9975133892644682,0.4261672328798307,0.9907319872000822,0.2430048700007319,
alpha_tuning,ridge,12,0.001,,2,0.1168026029333259,0.997606481091128,0.3331230642237517,0.9923698228751918,0.0274267929999041,
alpha_tuning,ridge,12,0.001,,3,0.1234141006805704,0.9974131074553504,0.2538262540759237,0.9946912205882092,0.1419787529994209,
alpha_tuning,ridge,12,0.001,,4,0.1250570965079815,0.997364670313234,0.2527517769546938,0.9948637164248364,0.0534484609997889,
alpha_tuning,ridge,12,0.001,,5,0.110624752001751,0.9976369716710152,0.3153803450555797,0.9938509392630872,0.1558427620002476,
alpha_tuning,ridge,12,0.001,,6,0.1197633345359455,0.9976243972179062,0.3155317347537,0.991550855226856,0.0645388269986142,
alpha_tuning,ridge,12,0.001,,7,0.113595004279842,0.997557859513343,0.3048516370528393,0.9942279812114392,0.0995397919978131,
alpha_tuning,ridge,12,0.001,,8,0.1160946601034006,0.9975622234629804,0.3092165165191747,0.9936063392465064,0.1401714640014688,
alpha_tuning,ridge,12,0.001,,9,0.1270386621782983,0.9974016228273868,0.2394767679320976,0.9944325872977516,0.1588882190008007,
alpha_tuning,ridge,12,0.001,,10,0.1205072627799876,0.997353870941784,0.2717301299557507,0.995213358722836,0.0715382600028533,
alpha_tuning,ridge,12,0.001,,11,0.112626333800119,0.9974817583485616,0.3260044289561394,0.9945777589540225,0.1311010829995211,
alpha_tuning,ridge,12,0.001,,12,0.1203649538332975,0.9974984683701068,0.2921503055229686,0.9937113957952268,0.1793768900024588,
alpha_tuning,ridge,12,0.001,,13,0.1181954178773942,0.9976453713529446,0.3030849765926163,0.9920000170804734,0.1857218180011841,
alpha_tuning,ridge,12,0.001,,14,0.1198862989689654,0.997359536354826,0.3243770743673484,0.9943299185318044,0.1998272140008339,
alpha_tuning,ridge,12,0.001,,15,0.1237037553546746,0.9975522815543516,0.3034334543637302,0.991700382509746,0.0681335020017286,
alpha_tuning,ridge,12,0.0013335214321633,,1,0.1216234299734138,0.9974759636570394,0.4099659028708929,0.9910843233777932,0.1146722630001022,
alpha_tuning,ridge,12,0.0013335214321633,,2,0.1189026892975642,0.9975634461218992,0.3218002275501211,0.9926291722227862,0.0494712610015994,
alpha_tuning,ridge,12,0.0013335214321633,,3,0.1255270859720238,0.9973688170066312,0.2540254397791667,0.99468705461663,0.0419838910020189,
alpha_tuning,ridge,12,0.0013335214321633,,4,0.1272230266791815,0.9973190276408944,0.2471953844568554,0.9949766303986478,0.0856990259999292,
alpha_tuning,ridge,12,0.0013335214321633,,5,0.1127041934102397,0.9975925532305864,0.3101781444753309,0.9939523680548148,0.1223490779993881,
alpha_tuning,ridge,12,0.0013335214321633,,6,0.1217281383724634,0.9975854237417718,0.3074799289880991,0.9917664622961476,0.0403588480003236,
alpha_tuning,ridge,12,0.0013335214321633,,7,0.1156117689636617,0.997514501773118,0.3017753315013652,0.9942862275558384,0.0321312350024527,
alpha_tuning,ridge,12,0.0013335214321633,,8,0.1179936371829779,0.9975223484009852,0.3042395746082004,0.9937092473269894,0.1168844359999639,
alpha_tuning,ridge,12,0.0013335214321633,,9,0.1290804019228159,0.9973598622337722,0.2370111657761388,0.994489908201488,0.177363407001394,
alpha_tuning,ridge,12,0.0013335214321633,,10,0.1226325659593238,0.9973072029952168,0.2700416085462164,0.995243102742307,0.0377523810020647,
alpha_tuning,ridge,12,0.0013335214321633,,11,0.1145801985941656,0.9974380713746572,0.3213858322562041,0.9946545773723532,0.0519859500018355,
alpha_tuning,ridge,12,0.0013335214321633,,12,0.1223318441434897,0.9974575907045836,0.2855726925878434,0.9938529804644166,0.0750931950024096,
alpha_tuning,ridge,12,0.0013335214321633,,13,0.1203697722296859,0.997602054977922,0.2951202764231795,0.992210246785789,0.0572597450009197,
alpha_tuning,ridge,12,0.0013335214321633,,14,0.1217847917846448,0.9973177225587248,0.3205707813273325,0.9943964521845629,0.1122827289982524,
alpha_tuning,ridge,12,0.0013335214321633,,15,0.1257760128720503,0.997511277924875,0.2954738636942003,0.9919180960050314,0.1398482730000978,
alpha_tuning,ridge,12,0.0017782794100389,,1,0.1234459333219842,0.9974381414653124,0.3932168497831815,0.9914485710872064,0.1474254770000698,
alpha_tuning,ridge,12,0.0017782794100389,,2,0.1209973413915507,0.9975205225117352,0.311512426118367,0.9928648141088624,0.0249067719996674,
alpha_tuning,ridge,12,0.0017782794100389,,3,0.1275677565543823,0.997326042352143,0.2543883933739204,0.994679463437466,0.0324967769993236,
alpha_tuning,ridge,12,0.0017782794100389,,4,0.1293466716703068,0.9972742760446596,0.242113674804977,0.9950798981269036,0.1272265320003498,
alpha_tuning,ridge,12,0.0017782794100389,,5,0.1147723236528383,0.997548376405212,0.3052164436801508,0.9940491077534872,0.1855352140009927,
alpha_tuning,ridge,12,0.0017782794100389,,6,0.1236958833863176,0.997546391925002,0.2991206186941473,0.9919903035618522,0.0565971830001217,
alpha_tuning,ridge,12,0.0017782794100389,,7,0.1176033851723286,0.9974716846914348,0.3006185282613899,0.9943081303086015,0.1436078160004399,
alpha_tuning,ridge,12,0.0017782794100389,,8,0.1199048181079627,0.9974822170804508,0.2994935185748619,0.993807381387019,0.2444853369997872,
alpha_tuning,ridge,12,0.0017782794100389,,9,0.1310933063343334,0.9973186914218016,0.2348174271040742,0.994540908758468,0.1173990829993272,
alpha_tuning,ridge,12,0.0017782794100389,,10,0.1246688452747249,0.9972624898572464,0.2686127658800393,0.9952682724107778,0.0861108079989207,
alpha_tuning,ridge,12,0.0017782794100389,,11,0.1165149810069849,0.9973948110687054,0.317038751011387,0.9947268798328788,0.1834713120006199,
alpha_tuning,ridge,12,0.0017782794100389,,12,0.1243066475054252,0.9974165485829748,0.2800691337958095,0.9939714458649536,0.2251018159986415,
alpha_tuning,ridge,12,0.0017782794100389,,13,0.1225296807965185,0.9975590263844466,0.2878276994404119,0.9924027356777076,0.0481466940000245,
alpha_tuning,ridge,12,0.0017782794100389,,14,0.1236943975544652,0.9972756640027832,0.3160271950382473,0.9944758736555996,0.13570012800119,
alpha_tuning,ridge,12,0.0017782794100389,,15,0.1278169049078504,0.9974708949222144,0.2878160250709179,0.9921275558732868,0.1742275430005975,
alpha_tuning,ridge,12,0.0023713737056616,,1,0.1252880991780317,0.997399911219944,0.3764074842144832,0.991814130433936,0.0528642299977946,
alpha_tuning,ridge,12,0.0023713737056616,,2,0.123085186031644,0.9974777383999144,0.3022768458509711,0.9930763548902094,0.1972681000006559,
alpha_tuning,ridge,12,0.0023713737056616,,3,0.1295354634016796,0.9972847970961692,0.2544498477188888,0.99467817811904,0.0398128920023737,
alpha_tuning,ridge,12,0.0023713737056616,,4,0.1314278381739272,0.9972304195980984,0.237432893169915,0.9951750184149616,0.022476373000245,
alpha_tuning,ridge,12,0.0023713737056616,,5,0.1168272132219967,0.9975044824106312,0.3004504046546267,0.9941420325787084,0.121957448998728,
alpha_tuning,ridge,12,0.0023713737056616,,6,0.12566565246765,0.9975073199592136,0.290676648998006,0.9922164117930208,0.0639577130023099,
alpha_tuning,ridge,12,0.0023713737056616,,7,0.1195644201196106,0.9974295250659224,0.3005635148178437,0.9943091719255432,0.1044919259984453,
alpha_tuning,ridge,12,0.0023713737056616,,8,0.1218284707363423,0.9974418238768474,0.2949095380803476,0.9939021642159328,0.0716966450017935,
alpha_tuning,ridge,12,0.0023713737056616,,9,0.1330826321519886,0.9972780028730964,0.232686742738885,0.9945904434139656,0.1293808709997392,
alpha_tuning,ridge,12,0.0023713737056616,,10,0.1266201955284137,0.997219641613166,0.2672984728862502,0.9952914242382744,0.0963661829991906,
alpha_tuning,ridge,12,0.0023713737056616,,11,0.1184284052363557,0.9973520283159628,0.3129762877973309,0.9947944484081206,0.1285327699988556,
alpha_tuning,ridge,12,0.0023713737056616,,12,0.1262846032888772,0.997375440944935,0.2756092948167285,0.994067444950446,0.0363960239992593,
alpha_tuning,ridge,12,0.0023713737056616,,13,0.1246711813819466,0.9975163645053596,0.2811682012926087,0.9925785143389728,0.1429268149986455,
alpha_tuning,ridge,12,0.0023713737056616,,14,0.1256186042522102,0.997233283865312,0.3107932942427227,0.9945673617608084,0.0677519930031849,
alpha_tuning,ridge,12,0.0023713737056616,,15,0.1298370563714952,0.997430922311954,0.280233039154005,0.9923349683442564,0.1590836140021565,
alpha_tuning,ridge,12,0.0031622776601683,,1,0.1271497487967984,0.9973612766304026,0.3599407637769188,0.9921722381531916,0.0808607980034139,
alpha_tuning,ridge,12,0.0031622776601683,,2,0.1251648543653307,0.9974351218369624,0.2940922273726399,0.9932638234127932,0.06836351200036,
alpha_tuning,ridge,12,0.0031622776601683,,3,0.1314384997162998,0.9972449074042512,0.2538781679809936,0.994690134808208,0.0882521259991335,
alpha_tuning,ridge,12,0.0031622776601683,,4,0.1334723962376294,0.9971873346016285,0.2330814070737003,0.995263446938918,0.10396187799779,
alpha_tuning,ridge,12,0.0031622776601683,,5,0.1188678514243724,0.9974608928360182,0.2958478848458414,0.9942317692230198,0.0881197069975314,
alpha_tuning,ridge,12,0.0031622776601683,,6,0.1276378719942532,0.9974681993868576,0.2823930133442937,0.9924382266825464,0.1878736840008059,
alpha_tuning,ridge,12,0.0031622776601683,,7,0.1214904501002285,0.9973881180003212,0.30100648016581,0.994300784880829,0.0362621550011681,
alpha_tuning,ridge,12,0.0031622776601683,,8,0.1237637336706749,0.9974011868779528,0.2904184141303109,0.9939950270528268,0.153694295000605,
alpha_tuning,ridge,12,0.0031622776601683,,9,0.1350575764588671,0.9972376084757044,0.2304380226564095,0.9946427221918156,0.1788168950006365,
alpha_tuning,ridge,12,0.0031622776601683,,10,0.1284982244854711,0.9971784033767246,0.2660172992072533,0.9953139926550196,0.0345484999998007,
alpha_tuning,ridge,12,0.0031622776601683,,11,0.1203221269931937,0.9973096860959562,0.3092136874929335,0.9948570295389212,0.1470037179969949,
alpha_tuning,ridge,12,0.0031622776601683,,12,0.1282605262175912,0.9973343755554924,0.2721014863981259,0.9941429513536696,0.0459267059995909,
alpha_tuning,ridge,12,0.0031622776601683,,13,0.1267931995978681,0.9974740907440708,0.2750866876536333,0.992739036994314,0.1467165130015928,
alpha_tuning,ridge,12,0.0031622776601683,,14,0.1275580763130716,0.9971905675123044,0.3050684998221855,0.9946674306414977,0.1235872539982665,
alpha_tuning,ridge,12,0.0031622776601683,,15,0.1318493830610493,0.9973911045300072,0.2725938486752328,0.9925439181419704,0.0436577319997013,
alpha_tuning,ridge,12,0.0042169650342858,,1,0.1290321820031027,0.9973222107215812,0.3441418236267837,0.992515823413248,0.043113314997754,
alpha_tuning,ridge,12,0.0042169650342858,,2,0.1272346161970189,0.9973927082780468,0.2869223408197796,0.9934280495209152,0.1194621840004401,
alpha_tuning,ridge,12,0.0042169650342858,,3,0.1332932580338487,0.9972060296711776,0.2525053595103816,0.994718847115261,0.1714235580002423,
alpha_tuning,ridge,12,0.0042169650342858,,4,0.1354911563801147,0.99714479324506,0.2290006871397349,0.9953463731008,0.1451483389973873,
alpha_tuning,ridge,12,0.0042169650342858,,5,0.1208967199637592,0.997417554670304,0.29138708738847,0.9943187426661352,0.124332539999159,
alpha_tuning,ridge,12,0.0042169650342858,,6,0.1296153871180638,0.9974289737720402,0.2744919271728928,0.992649797860892,0.1915760709998721,
alpha_tuning,ridge,12,0.0042169650342858,,7,0.1233806207316877,0.9973474818627108,0.3015201642948623,0.9942910588564816,0.0434014550010033,
alpha_tuning,ridge,12,0.0042169650342858,,8,0.1257103741943443,0.9973603109703928,0.2859616878021859,0.9940871786511112,0.1410778509998635,
alpha_tuning,ridge,12,0.0042169650342858,,9,0.1370301869421532,0.9971972618130244,0.2279387673857272,0.9947008254711456,0.1560075470006268,
alpha_tuning,ridge,12,0.0042169650342858,,10,0.1303197908568036,0.9971384049600692,0.264738579042104,0.9953365178520798,0.0823361830007343,
alpha_tuning,ridge,12,0.0042169650342858,,11,0.1222019031237268,0.9972676556898552,0.305777565880261,0.9949141805405406,0.1671329800010426,
alpha_tuning,ridge,12,0.0042169650342858,,12,0.1302285658984228,0.9972934740027256,0.2693973305408647,0.9942011589460386,0.049366519000614,
alpha_tuning,ridge,12,0.0042169650342858,,13,0.1288978925109287,0.997432162128602,0.2695110655256475,0.9928862065514826,0.1450165009991906,
alpha_tuning,ridge,12,0.0042169650342858,,14,0.129513241064425,0.9971475055319892,0.2991212353091274,0.9947713882789716,0.1864827859972138,
alpha_tuning,ridge,12,0.0042169650342858,,15,0.13386818356939,0.9973511586510144,0.2648795940145,0.9927549211213248,0.0483490670012543,
alpha_tuning,ridge,12,0.0056234132519034,,1,0.1309388845022992,0.9972826411550572,0.3292783006064229,0.9928390658189904,0.1410406840004725,
alpha_tuning,ridge,12,0.0056234132519034,,2,0.129292989905891,0.997350528084541,0.2806951070476797,0.9935706841859432,0.0425794510010746,
alpha_tuning,ridge,12,0.0056234132519034,,3,0.1351223504565816,0.9971676899229174,0.2503291577056467,0.9947643624043668,0.1297474269995291,
alpha_tuning,ridge,12,0.0056234132519034,,4,0.137498602594899,0.997102490307025,0.2251518162269122,0.9954245877534946,0.1438630880002165,
alpha_tuning,ridge,12,0.0056234132519034,,5,0.1229221138790038,0.997374290725188,0.287054059755816,0.994403224944456,0.1452504250009951,
alpha_tuning,ridge,12,0.0056234132519034,,6,0.1316036753920288,0.9973895344630602,0.26714433074367,0.9928465479786373,0.1005146509996848,
alpha_tuning,ridge,12,0.0056234132519034,,7,0.1252398045570178,0.9973075118999404,0.3018208241030208,0.9942853662052024,0.1600034570001298,
alpha_tuning,ridge,12,0.0056234132519034,,8,0.1276703197123306,0.9973191556821708,0.2815012309760558,0.9941794073847924,0.1541031310007383,
alpha_tuning,ridge,12,0.0056234132519034,,9,0.1390139778608545,0.9971566864720216,0.2251177480497188,0.9947664091977853,0.1443926690008083,
alpha_tuning,ridge,12,0.0056234132519034,,10,0.1321048096894627,0.9970992090635432,0.2634621493141502,0.9953590027021192,0.0295474560007278,
alpha_tuning,ridge,12,0.0056234132519034,,11,0.124077179251808,0.9972257259004856,0.3027043629376414,0.9949652953281264,0.1527323209993483,
alpha_tuning,ridge,12,0.0056234132519034,,12,0.1321825411870631,0.9972528647486788,0.2673133785720959,0.9942460165034862,0.0609557639982085,
alpha_tuning,ridge,12,0.0056234132519034,,13,0.1309906983687188,0.997390470320967,0.2643585617662481,0.9930222078225828,0.1231933659983042,
alpha_tuning,ridge,12,0.0056234132519034,,14,0.1314865087634512,0.997104044839097,0.2932214769851142,0.994874515512624,0.1976126199988357,
alpha_tuning,ridge,12,0.0056234132519034,,15,0.1359084564005094,0.9973107879005182,0.257171728311975,0.9929657493476696,0.1180860309978015,
alpha_tuning,ridge,12,0.0074989420933245,,1,0.1328744893564829,0.9972424717814536,0.3155693458230859,0.9931371994121032,0.1606358969984285,
alpha_tuning,ridge,12,0.0074989420933245,,2,0.1313398186894216,0.9973085844696424,0.2753099122924199,0.9936940319641284,0.1510210089982138,
alpha_tuning,ridge,12,0.0074989420933245,,3,0.1369520281889723,0.997129337905936,0.2474894845240262,0.994823754205966,0.0863279770019289,
alpha_tuning,ridge,12,0.0074989420933245,,4,0.1395116379855631,0.99706006958822,0.2215161110855374,0.9954984705677988,0.0703780010007903,
alpha_tuning,ridge,12,0.0074989420933245,,5,0.1249589861677676,0.9973307815933364,0.2828425316507563,0.9944853383117576,0.1673815979993378,
alpha_tuning,ridge,12,0.0074989420933245,,6,0.1336102502046263,0.9973497324257692,0.2604609006825633,0.9930255133946247,0.2587376500014215,
alpha_tuning,ridge,12,0.0074989420933245,,7,0.1270793871636369,0.997267963337126,0.3017351723793315,0.9942869879231082,0.0785316159999638,
alpha_tuning,ridge,12,0.0074989420933245,,8,0.1296488308382029,0.997277610549978,0.2770233890220077,0.9942719955902486,0.1659547070012195,
alpha_tuning,ridge,12,0.0074989420933245,,9,0.1410227807415802,0.9971155995504496,0.2219682984235131,0.9948396283497114,0.1412945480005873,
alpha_tuning,ridge,12,0.0074989420933245,,10,0.1338745798131906,0.9970603480020376,0.2621981723413155,0.9953812681916052,0.0601059489999897,
alpha_tuning,ridge,12,0.0074989420933245,,11,0.1259601640468791,0.9971836237510152,0.3000298339795724,0.9950097792044392,0.1788893039993127,
alpha_tuning,ridge,12,0.0074989420933245,,12,0.1341168336486627,0.9972126645606666,0.2656606619043736,0.9942815916194092,0.3243219719988701,
alpha_tuning,ridge,12,0.0074989420933245,,13,0.1330803934736701,0.9973488404841586,0.2595495166938734,0.9931491434393552,0.1588993320001464,
alpha_tuning,ridge,12,0.0074989420933245,,14,0.1334829101724103,0.9970600746324356,0.2875981627061406,0.9949728105297588,0.1554942250004387,
alpha_tuning,ridge,12,0.0074989420933245,,15,0.1379851953360204,0.9972696955975022,0.2496196044969348,0.9931723176676832,0.1631227660000149,
alpha_tuning,ridge,12,0.01,,1,0.1348430692931294,0.9972016180799488,0.3031779711708855,0.9934066791140248,0.0998103940000874,
alpha_tuning,ridge,12,0.01,,2,0.1333774365229019,0.9972668296055296,0.2706455550221652,0.9938008689741336,0.1666237270001147,
alpha_tuning,ridge,12,0.01,,3,0.1388091020086367,0.9970904116374428,0.2442260936408422,0.9948920080688156,0.0469926299992948,
alpha_tuning,ridge,12,0.01,,4,0.1415484007101736,0.9970171488630236,0.2180909793898703,0.9955680742235404,0.1553022580010292,
alpha_tuning,ridge,12,0.01,,5,0.1270278782883458,0.9972865884936724,0.2787559112693931,0.9945650163174662,0.0372001109972188,
alpha_tuning,ridge,12,0.01,,6,0.1356436576381099,0.9973093981417012,0.2544964626842181,0.9931852260149032,0.1603964219975751,
alpha_tuning,ridge,12,0.01,,7,0.1289164570048,0.997228468795404,0.3011655552269068,0.9942977729755944,0.1481027680019906,
alpha_tuning,ridge,12,0.01,,8,0.1316553958784503,0.9972354763366492,0.2725388966377147,0.994364721306454,0.1177946509997127,
alpha_tuning,ridge,12,0.01,,9,0.1430699796475934,0.9970737272982236,0.2185437544234075,0.9949192429608916,0.0940501090008183,
alpha_tuning,ridge,12,0.01,,10,0.1356507857602143,0.997021345621091,0.2609525122213985,0.9954032110219724,0.2931037390007986,
alpha_tuning,ridge,12,0.01,,11,0.127864537633057,0.9971410433639708,0.2977749871993047,0.9950472827524844,0.2064961979995132,
alpha_tuning,ridge,12,0.01,,12,0.1360277687890843,0.997172949805298,0.2642689794451272,0.9943115479124526,0.158201222999196,
alpha_tuning,ridge,12,0.01,,13,0.1351792237564358,0.9973070286610112,0.2550243174027053,0.9932685868952592,0.1540441709985316,
alpha_tuning,ridge,12,0.01,,14,0.1355091079614352,0.9970154481684788,0.2824187786780455,0.99506334568688,0.2049895450036274,
alpha_tuning,ridge,12,0.01,,15,0.1401123771943028,0.9972276051835384,0.2423992412505526,0.993369811557114,0.0719415569983539,
alpha_tuning,ridge,12,0.0133352143216332,,1,0.1368472737750966,0.9971600250665604,0.2921968141218678,0.9936454903041776,0.1186188190004031,
alpha_tuning,ridge,12,0.0133352143216332,,2,0.1354116511530572,0.9972251444798588,0.2665659111286116,0.9938943131359376,0.1396201009993092,
alpha_tuning,ridge,12,0.0133352143216332,,3,0.1407175492017573,0.9970504085276805,0.240826085104138,0.9949631192916686,0.120678727998893,
alpha_tuning,ridge,12,0.0133352143216332,,4,0.1436270496159585,0.996973345469832,0.2148835029811257,0.9956332548074098,0.1575668549994588,
alpha_tuning,ridge,12,0.0133352143216332,,5,0.129152233933405,0.997241210651198,0.2748092274184712,0.9946419659406408,0.0658394819984096,
alpha_tuning,ridge,12,0.0133352143216332,,6,0.1377124147217894,0.9972683626686784,0.2492579972016624,0.9933254989205296,0.1591680860001361,
alpha_tuning,ridge,12,0.0133352143216332,,7,0.1307718781182977,0.9971885797258996,0.3000574590781288,0.9943187535150204,0.0806003489997237,
alpha_tuning,ridge,12,0.0133352143216332,,8,0.1337040687840353,0.9971924579347968,0.2680817107675969,0.9944568824066748,0.1582221259996004,
alpha_tuning,ridge,12,0.0133352143216332,,9,0.1451678408080948,0.9970308188288072,0.2149471896926123,0.9950028567508202,0.029129352999007,
alpha_tuning,ridge,12,0.0133352143216332,,10,0.1374550186230586,0.996981727818014,0.2597202530273785,0.9954249177893568,0.0466052329975354,
alpha_tuning,ridge,12,0.0133352143216332,,11,0.1298039910543012,0.99709767861772,0.295934925139647,0.9950778874288044,0.1450428399984957,
alpha_tuning,ridge,12,0.0133352143216332,,12,0.1379153910215847,0.9971337195595372,0.2629976819585991,0.9943389128905756,0.1499731240000983,
alpha_tuning,ridge,12,0.0133352143216332,,13,0.1373026378455751,0.9972647270918504,0.2507566865866608,0.993381231784554,0.1411020809973706,
alpha_tuning,ridge,12,0.0133352143216332,,14,0.1375717424743728,0.9969700191954308,0.2777832060650053,0.9951443750704112,0.2008138230012264,
alpha_tuning,ridge,12,0.0133352143216332,,15,0.1423016428196664,0.9971842863219704,0.2356742984335147,0.9935537545344704,0.1481810759978543,
alpha_tuning,ridge,12,0.0177827941003892,,1,0.1388891958291314,0.9971176493049576,0.2826413547575368,0.993853296331636,0.120347969001159,
alpha_tuning,ridge,12,0.0177827941003892,,2,0.137452397995284,0.9971833254960996,0.2629255801231311,0.9939776948448248,0.1627829169992765,
alpha_tuning,ridge,12,0.0177827941003892,,3,0.1426953573032873,0.9970089515385328,0.237571235826953,0.9950311945067172,0.1774269320012536,
alpha_tuning,ridge,12,0.0177827941003892,,4,0.1457643928711737,0.9969283052099142,0.2119042377063802,0.9956937978092478,0.1600021379999816,
alpha_tuning,ridge,12,0.0177827941003892,,5,0.1313548387753676,0.9971941613467254,0.2710285139006372,0.9947156795927896,0.2586793369991937,
alpha_tuning,ridge,12,0.0177827941003892,,6,0.1398242295397498,0.9972264731106074,0.2447096743779089,0.9934472915447892,0.1603349850011,
alpha_tuning,ridge,12,0.0177827941003892,,7,0.1326680569462735,0.9971478144201092,0.2983764762391683,0.9943505810119088,0.1435398940011509,
alpha_tuning,ridge,12,0.0177827941003892,,8,0.1358126596332477,0.9971481813651956,0.2637082632878634,0.9945473120506776,0.0624675249964639,
alpha_tuning,ridge,12,0.0177827941003892,,9,0.1473266176498302,0.996986664424391,0.2113180199952169,0.995087228548746,0.1472633019984641,
alpha_tuning,ridge,12,0.0177827941003892,,10,0.1393084930607384,0.9969410287559404,0.2584871971243554,0.9954466385911076,0.1590935479980544,
alpha_tuning,ridge,12,0.0177827941003892,,11,0.1317908718920196,0.9970532534294608,0.2944759570989205,0.99510215359114,0.1562491650001902,
alpha_tuning,ridge,12,0.0177827941003892,,12,0.1397854051208019,0.9970948552616784,0.2617346339458183,0.9943661002968314,0.1016919570029131,
alpha_tuning,ridge,12,0.0177827941003892,,13,0.139468023064516,0.9972215893953136,0.2467575771440176,0.9934867890035036,0.1682889590010745,
alpha_tuning,ridge,12,0.0177827941003892,,14,0.1396763618814804,0.9969236655163266,0.2737262341050178,0.9952152905676676,0.1393849899977794,
alpha_tuning,ridge,12,0.0177827941003892,,15,0.1445611407465314,0.9971395777782596,0.2295672114512379,0.9937207977039156,0.080975834000128,
alpha_tuning,ridge,12,0.0237137370566165,,1,0.1409727532041037,0.9970744094905714,0.2744587878041465,0.9940312455717684,0.0896773970016511,
alpha_tuning,ridge,12,0.0237137370566165,,2,0.1395141877109729,0.997141075301783,0.2595800299822269,0.9940543246039036,0.0403810139978304,
alpha_tuning,ridge,12,0.0237137370566165,,3,0.1447526750537857,0.9969658279414608,0.2346957633802941,0.9950913350504116,0.1596037980016262,
alpha_tuning,ridge,12,0.0237137370566165,,4,0.147974577679695,0.9968817299590744,0.2091630627729719,0.995749502469198,0.0734958710017963,
alpha_tuning,ridge,12,0.0237137370566165,,5,0.1336544443826257,0.997145040032579,0.2674467415322059,0.9947855144324828,0.1419040850014425,
alpha_tuning,ridge,12,0.0237137370566165,,6,0.1419861283584871,0.9971835900957992,0.2407754328121874,0.993552640620334,0.0358584089990472,
alpha_tuning,ridge,12,0.0237137370566165,,7,0.1346271270015697,0.9971056970371436,0.2961002343136284,0.9943936790621228,0.1642066749991499,
alpha_tuning,ridge,12,0.0237137370566165,,8,0.1380006101363971,0.9971022383873188,0.2594961822607508,0.9946344051253192,0.1314642629986337,
alpha_tuning,ridge,12,0.0237137370566165,,9,0.1495535933837132,0.9969411151182848,0.2078186298667372,0.9951685832004714,0.0603873190011654,
alpha_tuning,ridge,12,0.0237137370566165,,10,0.1412317502776127,0.996898797385892,0.2572369438783027,0.9954686623313362,0.1362814079984673,
alpha_tuning,ridge,12,0.0237137370566165,,11,0.1338353461551719,0.9970075404947408,0.2933432748522456,0.9951209928326484,0.0948128029995132,
alpha_tuning,ridge,12,0.0237137370566165,,12,0.1416509059031655,0.9970560847635884,0.2603920538436021,0.9943949996500632,0.1440369119991373,
alpha_tuning,ridge,12,0.0237137370566165,,13,0.1416925652961011,0.9971772732030352,0.2430681197591488,0.9935841729002348,0.1176589239985332,
alpha_tuning,ridge,12,0.0237137370566165,,14,0.1418278291810097,0.9968762800249314,0.2702275522075104,0.9952764472059068,0.1460139589980826,
alpha_tuning,ridge,12,0.0237137370566165,,15,0.1468953191587338,0.9970933915364708,0.2241449445637882,0.9938691094356932,0.063257292000344,
alpha_tuning,ridge,12,0.0316227766016837,,1,0.1431066533421631,0.9970301249189072,0.2675517201716308,0.9941814560672948,0.0431855349997931,
alpha_tuning,ridge,12,0.0316227766016837,,2,0.1416166751567837,0.9970979911295912,0.256402645073213,0.9941271025417086,0.1550267149978026,
alpha_tuning,ridge,12,0.0316227766016837,,3,0.1468923942216506,0.9969209771218828,0.2323628696436103,0.9951401275533158,0.1614451109999208,
alpha_tuning,ridge,12,0.0316227766016837,,4,0.1502686206096142,0.996833387565042,0.2066682775543162,0.9958002001319268,0.1590381390014954,
alpha_tuning,ridge,12,0.0316227766016837,,5,0.1360638798707482,0.997093572669152,0.2640979457990836,0.9948508068601224,0.1615838719990279,
alpha_tuning,ridge,12,0.0316227766016837,,6,0.1442062718443834,0.9971395517508234,0.2373450597642307,0.9936444973666312,0.1574111810004979,
alpha_tuning,ridge,12,0.0316227766016837,,7,0.1366700118099348,0.997061777749216,0.2932259757606605,0.99444809987656,0.0532135069988726,
alpha_tuning,ridge,12,0.0316227766016837,,8,0.1402863701942479,0.9970542415868344,0.2555408383294607,0.9947161896546344,0.0370926300020073,
alpha_tuning,ridge,12,0.0316227766016837,,9,0.151852844840006,0.996894087525301,0.2046239095698205,0.995242854815688,0.2169558899986441,
alpha_tuning,ridge,12,0.0316227766016837,,10,0.143244500897462,0.9968546008969894,0.2559599629311509,0.995491156891335,0.0608372579990827,
alpha_tuning,ridge,12,0.0316227766016837,,11,0.1359456280124121,0.9969603561508146,0.2924773885584014,0.9951353946130742,0.0306615230001625,
alpha_tuning,ridge,12,0.0316227766016837,,12,0.1435335762228811,0.9970169574328877,0.2589078055502621,0.9944269484445089,0.1945610689981549,
alpha_tuning,ridge,12,0.0316227766016837,,13,0.1439914114374532,0.99713147676628,0.2397453418419293,0.9936718782259224,0.1561592420002853,
alpha_tuning,ridge,12,0.0316227766016837,,14,0.1440324395629151,0.9968277240713715,0.267229525233659,0.9953288524420622,0.1385709880014474,
alpha_tuning,ridge,12,0.0316227766016837,,15,0.149306336766944,0.9970456848823318,0.2194204796933918,0.9939983346437462,0.183970448000764,
alpha_tuning,ridge,12,0.0421696503428582,,1,0.1453070865055719,0.9969844595954088,0.2618095951133227,0.9943063321357328,0.1489615459977358,
alpha_tuning,ridge,12,0.0421696503428582,,2,0.1437855772416162,0.997053545988634,0.2533058762041928,0.9941980339707294,0.0415482809985405,
alpha_tuning,ridge,12,0.0421696503428582,,3,0.1491135884986293,0.9968744184962182,0.2306625378276417,0.9951756900154052,0.1525572579994332,
alpha_tuning,ridge,12,0.0421696503428582,,4,0.1526557325774045,0.9967830839260644,0.2044293170471296,0.9958456990645836,0.1241463540027325,
alpha_tuning,ridge,12,0.0421696503428582,,5,0.1385908583005985,0.9970395944996338,0.261013029452949,0.9949109543559256,0.1462458500027423,
alpha_tuning,ridge,12,0.0421696503428582,,6,0.1464977227663915,0.9970940989650736,0.2342896998404939,0.9937263122064284,0.0662127929972484,
alpha_tuning,ridge,12,0.0421696503428582,,7,0.1388166785094821,0.9970156272895936,0.2897888365331494,0.9945131781959412,0.1031500190001679,
alpha_tuning,ridge,12,0.0421696503428582,,8,0.1426857674501494,0.9970038586120428,0.251949262177378,0.9947904525683534,0.0803243400005158,
alpha_tuning,ridge,12,0.0421696503428582,,9,0.1542267140159048,0.9968455337435492,0.2019149230733916,0.9953058339763,0.1501080859998182,
alpha_tuning,ridge,12,0.0421696503428582,,10,0.1453661306491336,0.9968080136124792,0.2546614810399674,0.9955140301995656,0.0576409070017689,
alpha_tuning,ridge,12,0.0421696503428582,,11,0.1381297901838151,0.9969115198976228,0.2918342553854532,0.995146091471088,0.2104300680002779,
alpha_tuning,ridge,12,0.0421696503428582,,12,0.145464335632869,0.9969768306718996,0.2572551498845356,0.9944625222473495,0.1846354490007797,
alpha_tuning,ridge,12,0.0421696503428582,,13,0.1463776886571946,0.99708393857231,0.2368477902320381,0.9937483596261164,0.1782250809992547,
alpha_tuning,ridge,12,0.0421696503428582,,14,0.1463013056363317,0.9967777529034054,0.2646609972356405,0.9953737500755664,0.1616807380014506,
alpha_tuning,ridge,12,0.0421696503428582,,15,0.1517972561235491,0.9969963972173106,0.2153676850753479,0.9941091880932014,0.1776801970008819,
alpha_tuning,ridge,12,0.0562341325190349,,1,0.1475997980437954,0.9969368792299508,0.2571391357710187,0.9944079023026212,0.1294399129983503,
alpha_tuning,ridge,12,0.0562341325190349,,2,0.146053938828481,0.9970070627235872,0.250259329500448,0.994267815062059,0.1702598839983693,
alpha_tuning,ridge,12,0.0562341325190349,,3,0.1514172572366849,0.9968261311169726,0.229626567513671,0.9951973573480224,0.0336469729991222,
alpha_tuning,ridge,12,0.0562341325190349,,4,0.1551468125000508,0.9967305893691334,0.2024620277388834,0.995885677243504,0.1538452349996077,
alpha_tuning,ridge,12,0.0562341325190349,,5,0.1412419660583136,0.9969829648338372,0.258220525390595,0.994965400605848,0.1744420430004538,
alpha_tuning,ridge,12,0.0562341325190349,,6,0.1488833770468459,0.997046777579378,0.2314877723294074,0.9938013407648189,0.1507970459970238,
alpha_tuning,ridge,12,0.0562341325190349,,7,0.1410878789914786,0.9969667995204012,0.2858815257466792,0.994587158678678,0.070543579000514,
alpha_tuning,ridge,12,0.0562341325190349,,8,0.145212673508239,0.9969507981845076,0.2488326140511076,0.9948548954093496,0.2270161919987003,
alpha_tuning,ridge,12,0.0562341325190349,,9,0.1566794775793975,0.996795366300474,0.1998755745199148,0.9953532452351832,0.1449476599991612,
alpha_tuning,ridge,12,0.0562341325190349,,10,0.147617495012479,0.996758577582442,0.253366790987751,0.9955368367129472,0.1219864930026233,
alpha_tuning,ridge,12,0.0562341325190349,,11,0.1403992916597867,0.9968607755206024,0.2914030670273563,0.9951532631749244,0.052624192998337,
alpha_tuning,ridge,12,0.0562341325190349,,12,0.1474837083975196,0.9969348622692836,0.2554575349722957,0.9945012163321476,0.1663765359990066,
alpha_tuning,ridge,12,0.0562341325190349,,13,0.1488652002760503,0.9970343836384316,0.2344278883698923,0.9938122333746005,0.071451509000326,
alpha_tuning,ridge,12,0.0562341325190349,,14,0.1486540846078076,0.9967259335763202,0.2624620157538514,0.9954121880699072,0.1004917450009088,
alpha_tuning,ridge,12,0.0562341325190349,,15,0.1543766248814061,0.9969453594095364,0.2119440479857329,0.9942028326068852,0.1940357540006516,
alpha_tuning,ridge,12,0.0749894209332455,,1,0.1500215067439919,0.9968866218019808,0.2534863852044191,0.9944873399890368,0.1130232399991655,
alpha_tuning,ridge,12,0.0749894209332455,,2,0.1484637525938782,0.9969576808205346,0.2472980176671527,0.9943356438503852,0.0949450049993174,
alpha_tuning,ridge,12,0.0749894209332455,,3,0.1538132595232691,0.9967759083270488,0.2292533730316794,0.9952051627154764,0.1315156680029758,
alpha_tuning,ridge,12,0.0749894209332455,,4,0.1577595968591751,0.9966755301331603,0.2007941550133637,0.9959195708421514,0.0799795250022725,
alpha_tuning,ridge,12,0.0749894209332455,,5,0.144029139331603,0.9969234287057702,0.255753216449308,0.99501350643354,0.1073589229999925,
alpha_tuning,ridge,12,0.0749894209332455,,6,0.1514004978096613,0.9969968484494804,0.2288563021315469,0.993871804905883,0.073076125998341,
alpha_tuning,ridge,12,0.0749894209332455,,7,0.1435085703185781,0.9969147578982092,0.281665068249506,0.9946669925025348,0.1877976850009872,
alpha_tuning,ridge,12,0.0749894209332455,,8,0.1478824468513399,0.9968947378040458,0.2462992965725145,0.9949072767398208,0.0725366910010052,
alpha_tuning,ridge,12,0.0749894209332455,,9,0.1592227983293973,0.9967433466517612,0.1986895610691856,0.9953808179571956,0.1644022129985387,
alpha_tuning,ridge,12,0.0749894209332455,,10,0.1500243618189744,0.9967057269902952,0.2521245851839073,0.9955587186940746,0.0839874320008675,
alpha_tuning,ridge,12,0.0749894209332455,,11,0.1427737870370767,0.9968076835574844,0.2912171887584584,0.9951563547794844,0.2067435239987389,
alpha_tuning,ridge,12,0.0749894209332455,,12,0.149642225792026,0.9968900020390916,0.2536014086476033,0.9945411698888936,0.257352319000347,
alpha_tuning,ridge,12,0.0749894209332455,,13,0.1514733869405596,0.99698242467803,0.2325343398585488,0.9938622139309392,0.20190394599922,
alpha_tuning,ridge,12,0.0749894209332455,,14,0.1511220467250956,0.9966715773712792,0.2606024214884667,0.9954446936068754,0.1512894120023702,
alpha_tuning,ridge,12,0.0749894209332455,,15,0.1570637449076432,0.9968921895341756,0.2091142385330461,0.9942802345402904,0.0690515920032339,
alpha_tuning,ridge,12,0.1,,1,0.1526206249851615,0.9968326826152484,0.2508449190860082,0.9945447849071516,0.079584953997255,
alpha_tuning,ridge,12,0.1,,2,0.1510681401911398,0.9969043117105704,0.244519229415987,0.9943992919397128,0.1396116649993928,
alpha_tuning,ridge,12,0.1,,3,0.1563273467188721,0.9967232103501802,0.2295354452566934,0.9951992631712144,0.2150752920024388,
alpha_tuning,ridge,12,0.1,,4,0.1605245366495407,0.9966172645239696,0.1994690232069599,0.9959464994470228,0.2066173429993796,
alpha_tuning,ridge,12,0.1,,5,0.1469769304501229,0.9968604616591108,0.2536581343760231,0.995054354847588,0.1618273970016162,
alpha_tuning,ridge,12,0.1,,6,0.154103427090134,0.9969432336570786,0.2263792923666107,0.9939381329857664,0.1701350939983967,
alpha_tuning,ridge,12,0.1,,7,0.1461129168287794,0.9968587679354978,0.2773640096541989,0.9947484281518978,0.1729646599997067,
alpha_tuning,ridge,12,0.1,,8,0.1507177238936423,0.9968352021471644,0.2444505824041134,0.9949455025479244,0.0372849660016072,
alpha_tuning,ridge,12,0.1,,9,0.161881848353259,0.9966889599417286,0.1985352890858545,0.995384404508856,0.148014480000711,
alpha_tuning,ridge,12,0.1,,10,0.1526223114603269,0.996648680552768,0.2510097476581632,0.9955783570290614,0.0367680729978019,
alpha_tuning,ridge,12,0.1,,11,0.1452863723224194,0.9967515040059988,0.291356813266211,0.995154032486688,0.1593810759986809,
alpha_tuning,ridge,12,0.1,,12,0.1520010722110524,0.9968409783927616,0.2518406384968811,0.9945790708815132,0.1562802089974866,
alpha_tuning,ridge,12,0.1,,13,0.1542333481120759,0.9969274421435468,0.2312233735477498,0.9938968171244474,0.1587437779999163,
alpha_tuning,ridge,12,0.1,,14,0.1537499512417984,0.9966136984777024,0.2590886675129292,0.99547115388734,0.0252830169993103,
alpha_tuning,ridge,12,0.1,,15,0.1598938801145104,0.9968361898264084,0.2068684106444056,0.994341663206631,0.1723644819976471,
alpha_tuning,ridge,12,0.1333521432163324,,1,0.1554573224574017,0.9967738129754472,0.2492474791874833,0.9945795250098258,0.1600278330006403,
alpha_tuning,ridge,12,0.1333521432163324,,2,0.1539342601735818,0.9968455791806368,0.2420723798742007,0.9944553369795393,0.1812338339987036,
alpha_tuning,ridge,12,0.1333521432163324,,3,0.1590074399687627,0.9966670327075212,0.2304847037804744,0.995179409416819,0.1173753250004665,
alpha_tuning,ridge,12,0.1333521432163324,,4,0.1634906917160352,0.9965547587028644,0.1985475646848405,0.9959652248238704,0.1154559710012108,
alpha_tuning,ridge,12,0.1333521432163324,,5,0.1501287480421188,0.9967931364527448,0.2520052273680646,0.9950865820479948,0.1933224099993822,
alpha_tuning,ridge,12,0.1333521432163324,,6,0.1570639933053587,0.9968845084273183,0.2241251341399397,0.9939984936630007,0.1975073430003249,
alpha_tuning,ridge,12,0.1333521432163324,,7,0.1489504583210156,0.996797764592924,0.2732471601609654,0.994826376011566,0.1997977089995402,
alpha_tuning,ridge,12,0.1333521432163324,,8,0.1537554893724305,0.9967714146017032,0.2433794363847259,0.9949676506024416,0.1876488560010329,
alpha_tuning,ridge,12,0.1333521432163324,,9,0.1647008921320459,0.996631300809636,0.199578677820217,0.9953601475600786,0.1194613990010111,
alpha_tuning,ridge,12,0.1333521432163324,,10,0.1554623421643216,0.9965863184378324,0.2501263940814333,0.9955939176762866,0.1388889410009142,
alpha_tuning,ridge,12,0.1333521432163324,,11,0.1479884046372848,0.996691088558836,0.2919450290737226,0.9951442490371024,0.1565447680004581,
alpha_tuning,ridge,12,0.1333521432163324,,12,0.1546331180368718,0.9967862768731336,0.2503899561227365,0.9946102971616348,0.0613520289989537,
alpha_tuning,ridge,12,0.1333521432163324,,13,0.1571937029832091,0.9968684674682996,0.2305743290884182,0.9939139487706512,0.1558435459992324,
alpha_tuning,ridge,12,0.1333521432163324,,14,0.1565970548677873,0.996550991782416,0.2579582178645935,0.9954909140433692,0.206476716997713,
alpha_tuning,ridge,12,0.1333521432163324,,15,0.1629227180686769,0.996776258399848,0.2052319082757044,0.9943864253892012,0.1530863780026266,
alpha_tuning,ridge,12,0.1778279410038923,,1,0.1586035547867248,0.996708519596167,0.2487430679236104,0.9945904946238396,0.1494277009987854,
alpha_tuning,ridge,12,0.1778279410038923,,2,0.1571466408518894,0.996779751076614,0.2401482596348316,0.9944994089151468,0.1040499810005712,
alpha_tuning,ridge,12,0.1778279410038923,,3,0.1619284665577728,0.996605804842438,0.2321531582762311,0.9951445136692976,0.1568516650004312,
alpha_tuning,ridge,12,0.1778279410038923,,4,0.1667312756221439,0.9964864698395476,0.1981111466499218,0.9959740934728336,0.2160216879965446,
alpha_tuning,ridge,12,0.1778279410038923,,5,0.1535511970145915,0.9967200303555096,0.2508906867374765,0.9951083125652532,0.1275132970004051,
alpha_tuning,ridge,12,0.1778279410038923,,6,0.1603703434071309,0.9968189242939876,0.2222484477167391,0.9940487465964998,0.1677637979992141,
alpha_tuning,ridge,12,0.1778279410038923,,7,0.1520928258572205,0.9967302078985713,0.2696026820498136,0.9948953800567316,0.0755491950003488,
alpha_tuning,ridge,12,0.1778279410038923,,8,0.1570541699163788,0.9967021483148129,0.2431719247323354,0.9949719413147318,0.1415933709977253,
alpha_tuning,ridge,12,0.1778279410038923,,9,0.1677475015403335,0.9965689871784578,0.2019662417500513,0.9953046409075328,0.1315720879974833,
alpha_tuning,ridge,12,0.1778279410038923,,10,0.158616231864682,0.996517064527404,0.2496109317576268,0.9956029977633434,0.09112628100047,
alpha_tuning,ridge,12,0.1778279410038923,,11,0.1509534185250903,0.9966247930379092,0.2931410685141615,0.995124356012436,0.1460634510003728,
alpha_tuning,ridge,12,0.1778279410038923,,12,0.1576244638684396,0.9967241080609064,0.2495092828517428,0.9946292538614236,0.0899206169997342,
alpha_tuning,ridge,12,0.1778279410038923,,13,0.1604254997131277,0.9968040852672094,0.2307040845462506,0.9939105238518114,0.1576812340026663,
alpha_tuning,ridge,12,0.1778279410038923,,14,0.1597383795475001,0.9964818049471744,0.2572671744166198,0.9955029934193724,0.1605314320004254,
alpha_tuning,ridge,12,0.1778279410038923,,15,0.1662295836842717,0.9967108256573952,0.2042661422140034,0.9944128413587716,0.1705142249993514,
alpha_tuning,ridge,12,0.2371373705661655,,1,0.1621446210403765,0.9966350322761744,0.2493686398186486,0.9945768900858012,0.156801347999135,
alpha_tuning,ridge,12,0.2371373705661655,,2,0.1608102055397564,0.996704677309985,0.2389715220795324,0.9945263620653204,0.1607685269991634,
alpha_tuning,ridge,12,0.2371373705661655,,3,0.1651953572527132,0.996537327292982,0.2346477423304638,0.9950923394112944,0.0797934459988027,
alpha_tuning,ridge,12,0.2371373705661655,,4,0.1703485769347701,0.9964102424058288,0.198268101578008,0.9959709039205034,0.1412490449984034,
alpha_tuning,ridge,12,0.2371373705661655,,5,0.1573371242675399,0.996639160087434,0.2504346181506096,0.9951172046648556,0.1480745119988569,
alpha_tuning,ridge,12,0.2371373705661655,,6,0.1641259306309934,0.9967444291783332,0.2209769551986163,0.9940827939622012,0.0384185369985061,
alpha_tuning,ridge,12,0.2371373705661655,,7,0.1556403182196069,0.9966539415629238,0.2667195832509932,0.9949499682511628,0.156171209000604,
alpha_tuning,ridge,12,0.2371373705661655,,8,0.1606999116448639,0.9966255943747968,0.2439105605504993,0.9949566685637968,0.1150477069968474,
alpha_tuning,ridge,12,0.2371373705661655,,9,0.1711151865638247,0.9965001064476664,0.2058218217755875,0.9952150054685964,0.1107592010012012,
alpha_tuning,ridge,12,0.2371373705661655,,10,0.1621811081743488,0.9964387860687092,0.2496348871896026,0.9956025757782676,0.1578169610002078,
alpha_tuning,ridge,12,0.2371373705661655,,11,0.1542803674852577,0.9965504049160464,0.2951353273618584,0.9950911866711024,0.0773502419979195,
alpha_tuning,ridge,12,0.2371373705661655,,12,0.1610766521244791,0.9966523616111316,0.2494834379831168,0.994629810178314,0.1544735779971233,
alpha_tuning,ridge,12,0.2371373705661655,,13,0.1640258579921397,0.9967323607714916,0.2317759598362762,0.993882231509154,0.1504499770016991,
alpha_tuning,ridge,12,0.2371373705661655,,14,0.1632676737033745,0.9964040731880672,0.257081001275792,0.9955062477087752,0.0736632490006741,
alpha_tuning,ridge,12,0.2371373705661655,,15,0.1699193662460109,0.9966378161613544,0.2040626695454546,0.994418406814045,0.135577002998616,
alpha_tuning,ridge,12,0.3162277660168379,,1,0.1661844729158821,0.9965511937184544,0.2511310883887651,0.9945385614799234,0.1431142569999792,
alpha_tuning,ridge,12,0.3162277660168379,,2,0.1650525290775857,0.9966177436171534,0.2387960803022841,0.99453038055572,0.1761862480016134,
alpha_tuning,ridge,12,0.3162277660168379,,3,0.1689446301102749,0.9964587384935694,0.238139677254542,0.9950193055468516,0.0602624550010659,
alpha_tuning,ridge,12,0.3162277660168379,,4,0.1744780245531745,0.9963232225068976,0.1991651572757007,0.9959526744445266,0.1938906040013535,
alpha_tuning,ridge,12,0.3162277660168379,,5,0.1616091740350282,0.9965479058749658,0.250777552854929,0.9951105183689,0.1376452520016755,
alpha_tuning,ridge,12,0.3162277660168379,,6,0.1684508760089992,0.9966586403823532,0.2205894231518082,0.9940931710939034,0.0522022469995135,
alpha_tuning,ridge,12,0.3162277660168379,,7,0.1597277994277625,0.9965660661901452,0.264884882565587,0.9949847062205236,0.1603981670014036,
alpha_tuning,ridge,12,0.3162277660168379,,8,0.1648121621928241,0.99653924459875,0.2456806646256872,0.9949200681742624,0.1692416859987133,
alpha_tuning,ridge,12,0.3162277660168379,,9,0.1749250391992093,0.9964221818698328,0.2112497902515288,0.9950888147700108,0.1913884740024514,
alpha_tuning,ridge,12,0.3162277660168379,,10,0.1662835359701426,0.9963487039180632,0.2504084659977272,0.9955889488600648,0.1714548449999711,
alpha_tuning,ridge,12,0.3162277660168379,,11,0.158097191934089,0.9964650635400202,0.2981506972355945,0.9950410337871356,0.190616752999631,
alpha_tuning,ridge,12,0.3162277660168379,,12,0.1651100160496726,0.9965685366511876,0.2506024288663677,0.9946057236357349,0.1490097809983126,
alpha_tuning,ridge,12,0.3162277660168379,,13,0.1681205521084211,0.996650788370122,0.2340010995062602,0.9938234985440512,0.0723512689983181,
alpha_tuning,ridge,12,0.3162277660168379,,14,0.1673032326868332,0.996315191081643,0.2574783584707471,0.995499301941502,0.1708039469995128,
alpha_tuning,ridge,12,0.3162277660168379,,15,0.1741239392603124,0.9965546205389284,0.2047337357468436,0.9944000515776592,0.1109862189987325,
alpha_tuning,ridge,12,0.4216965034285822,,1,0.1708566980278923,0.9964542315953848,0.2540168102408757,0.9944758046441112,0.0876231840011314,
alpha_tuning,ridge,12,0.4216965034285822,,2,0.1700259880932596,0.9965158274963002,0.2399007793000248,0.9945050774472668,0.1683455810016312,
alpha_tuning,ridge,12,0.4216965034285822,,3,0.1733463820842132,0.9963664730287484,0.2428711952898991,0.9949203457854822,0.1816726910001307,
alpha_tuning,ridge,12,0.4216965034285822,,4,0.1792915390704569,0.996221787258045,0.2010022329223496,0.9959153423965232,0.1974865250012953,
alpha_tuning,ridge,12,0.4216965034285822,,5,0.1665260584976976,0.996442877505949,0.2520837227613397,0.9950850516008746,0.1778050909997546,
alpha_tuning,ridge,12,0.4216965034285822,,6,0.1734876880741344,0.9965587311338242,0.2213941550599089,0.994071622401185,0.193286324996734,
alpha_tuning,ridge,12,0.4216965034285822,,7,0.1645299351443372,0.996462826702368,0.2643992258271869,0.9949939015781276,0.2707422909988963,
alpha_tuning,ridge,12,0.4216965034285822,,8,0.1695497613782144,0.9964397636396286,0.2485831428684544,0.994860053717604,0.2268442860004142,
alpha_tuning,ridge,12,0.4216965034285822,,9,0.1793280749334373,0.996332124659328,0.2183467951484743,0.9949238219168318,0.069796095998754,
alpha_tuning,ridge,12,0.4216965034285822,,10,0.1710843674973147,0.996243286041044,0.2521873576441092,0.9955576129306132,0.1620114760007709,
alpha_tuning,ridge,12,0.4216965034285822,,11,0.1625660737634476,0.996365142642497,0.3024537011629997,0.9949694644388574,0.2174526009985129,
alpha_tuning,ridge,12,0.4216965034285822,,12,0.1698693922504538,0.9964696230577732,0.2531480441588354,0.994550928666401,0.1780412080006499,
alpha_tuning,ridge,12,0.4216965034285822,,13,0.172866600528939,0.9965562400215316,0.2376331813904054,0.9937276290840662,0.1686699380006757,
alpha_tuning,ridge,12,0.4216965034285822,,14,0.1719971944156444,0.9962118078309852,0.2585744153162825,0.9954801429685072,0.0412606800018693,
alpha_tuning,ridge,12,0.4216965034285822,,15,0.1790048637885429,0.9964580419915324,0.2064032596413606,0.994354386178818,0.1972027010015153,
alpha_tuning,ridge,8,0.001333521432163324,,1,0.16186281355047122,0.9966408805929535,0.2662167457738892,0.9942104882378872,0.01190220200078329,
alpha_tuning,ridge,8,0.001333521432163324,,2,0.15991225344671778,0.9967230781440416,0.26333409060626006,0.9939683379203775,0.01806290300010005,
alpha_tuning,ridge,8,0.001333521432163324,,3,0.1649562068803813,0.9965423401425011,0.24971752324128002,0.9947771547471596,0.016793401999166235,
alpha_tuning,ridge,8,0.001333521432163324,,4,0.16899554634385283,0.996438754835614,0.23213330270815533,0.9952827137980436,0.018265202998009045,
alpha_tuning,ridge,8,0.001333521432163324,,5,0.155821610884498,0.9966715325989405,0.28651636334406044,0.994413708565093,0.0835543119974318,
alpha_tuning,ridge,8,0.001333521432163324,,6,0.16197941871666072,0.9967870069814251,0.25056514316637984,0.9932904968453684,0.02748520399836707,
alpha_tuning,ridge,8,0.001333521432163324,,7,0.1572435876339763,0.9966194734173158,0.27750294710529333,0.9947457975293894,0.02641060299720266,
alpha_tuning,ridge,8,0.001333521432163324,,8,0.16016497818739198,0.9966368270036733,0.25905537619770186,0.9946435196592286,0.011405801997170784,
alpha_tuning,ridge,8,0.001333521432163324,,9,0.17039893280286378,0.9965147562982739,0.22176952934648667,0.99484424938036,0.033233304999157554,
alpha_tuning,ridge,8,0.001333521432163324,,10,0.16077576101034616,0.9964696450383824,0.2818166589015522,0.995035680245285,0.01186150200010161,
alpha_tuning,ridge,8,0.001333521432163324,,11,0.1524404844694634,0.996591543341562,0.32751828935668625,0.9945525797991625,0.019861001997924177,
alpha_tuning,ridge,8,0.001333521432163324,,12,0.15990366214190554,0.996676739733247,0.2771578191991764,0.9940341125980281,0.024675903001480037,
alpha_tuning,ridge,8,0.001333521432163324,,13,0.16219492027455756,0.9967688357760071,0.2651627642244452,0.9930009807528623,0.06839960900106234,
alpha_tuning,ridge,8,0.001333521432163324,,14,0.1629423033126962,0.996411239383831,0.2826427037902024,0.9950594314964855,0.021373903000494465,
alpha_tuning,ridge,8,0.001333521432163324,,15,0.16964603139893453,0.9966432246208237,0.2243296206915557,0.9938640581099477,0.045360506999713834,
alpha_tuning,ridge,8,0.0017782794100389228,,1,0.16219848302880124,0.9966339144848384,0.2644584072881495,0.9942487274602748,0.027654903999064118,
alpha_tuning,ridge,8,0.0017782794100389228,,2,0.16026766594533925,0.9967157950312124,0.26270891404657204,0.9939826575769759,0.0240805029970943,
alpha_tuning,ridge,8,0.0017782794100389228,,3,0.16528720516130468,0.9965354020618402,0.24934935558135904,0.9947848549785646,0.020771003000845667,
alpha_tuning,ridge,8,0.0017782794100389228,,4,0.1692658337342886,0.9964330590662105,0.23211608445829277,0.9952830636979139,0.014440001999901142,
alpha_tuning,ridge,8,0.0017782794100389228,,5,0.15610445380604124,0.9966654908603226,0.2862350428521163,0.9944191935511381,0.01869640199947753,
alpha_tuning,ridge,8,0.0017782794100389228,,6,0.16237809641886639,0.9967790988861621,0.24819852815514123,0.9933538688319227,0.015359001998149324,
alpha_tuning,ridge,8,0.0017782794100389228,,7,0.15758401602493133,0.9966121546627489,0.2762296694599407,0.9947699055924559,0.03216050499759149,
alpha_tuning,ridge,8,0.0017782794100389228,,8,0.16051229445496643,0.9966295339942682,0.2581005238799931,0.9946632631123205,0.014527501996781211,
alpha_tuning,ridge,8,0.0017782794100389228,,9,0.17064185640510246,0.9965097876758725,0.22231643585057698,0.9948315347682325,0.006473800000094343,
alpha_tuning,ridge,8,0.0017782794100389228,,10,0.16103069674154752,0.9964640470948997,0.282248283982164,0.9950280769867599,0.006037701001332607,
alpha_tuning,ridge,8,0.0017782794100389228,,11,0.15282014796869683,0.9965830543460932,0.3272284842682437,0.9945573999577441,0.01524130200050422,
alpha_tuning,ridge,8,0.0017782794100389228,,12,0.16018465965535397,0.9966708997927541,0.27624475511581464,0.9940537665176896,0.03809970499787596,
alpha_tuning,ridge,8,0.0017782794100389228,,13,0.16252237507107517,0.9967623123890743,0.26484577577848856,0.993009347720377,0.026750403998448746,
alpha_tuning,ridge,8,0.0017782794100389228,,14,0.16325229212235673,0.9964044119632721,0.2811314647916978,0.9950858478153827,0.006864900999062229,
alpha_tuning,ridge,8,0.0017782794100389228,,15,0.16990114289665598,0.9966381767456247,0.2233062081193938,0.9938920508469432,0.016176203000213718,
alpha_tuning,ridge,8,0.0023713737056616554,,1,0.16267912009230504,0.9966239398819489,0.2625223606175142,0.9942908313667704,0.017286702001001686,
alpha_tuning,ridge,8,0.0023713737056616554,,2,0.16075350458272042,0.9967058392259819,0.26212222702994453,0.9939960956313602,0.00860410099994624,
alpha_tuning,ridge,8,0.0023713737056616554,,3,0.16575105745529167,0.9965256792178984,0.24908220924353622,0.9947904423477016,0.009059800999239087,
alpha_tuning,ridge,8,0.0023713737056616554,,4,0.16965529882528668,0.9964248518637012,0.23217458016184733,0.9952818749801726,0.013021601997024845,
alpha_tuning,ridge,8,0.0023713737056616554,,5,0.1565108670760863,0.9966568095656484,0.28599002421912895,0.9944239707494624,0.005789201000879984,
alpha_tuning,ridge,8,0.0023713737056616554,,6,0.1629440690068926,0.9967678723612836,0.24556994384425657,0.9934242556962056,0.007298901000467595,
alpha_tuning,ridge,8,0.0023713737056616554,,7,0.15806185777119264,0.9966018817050413,0.27503327872162253,0.9947925578894448,0.006826001001172699,
alpha_tuning,ridge,8,0.0023713737056616554,,8,0.16100144255493792,0.9966192627745568,0.2571585076489101,0.9946827411540293,0.007415300999127794,
alpha_tuning,ridge,8,0.0023713737056616554,,9,0.17099436949154426,0.996502577571947,0.22311041470760576,0.9948130761594408,0.011201702000107616,
alpha_tuning,ridge,8,0.0023713737056616554,,10,0.1613903014325781,0.9964561508038342,0.2829098677792906,0.9950164229080894,0.006475701000454137,
alpha_tuning,ridge,8,0.0023713737056616554,,11,0.15333853338998116,0.9965714636308907,0.32723650847023394,0.9945572664958843,0.006140001001767814,
alpha_tuning,ridge,8,0.0023713737056616554,,12,0.16059604954247006,0.9966623499218651,0.2752689318267089,0.9940747713440512,0.005949201000476023,
alpha_tuning,ridge,8,0.0023713737056616554,,13,0.16297412293372582,0.9967533128992654,0.2645677334723706,0.9930166866974679,0.005824500000016997,
alpha_tuning,ridge,8,0.0023713737056616554,,14,0.16369632682870716,0.9963946322177182,0.27945769740179993,0.9951151051156344,0.005479100997035857,
alpha_tuning,ridge,8,0.0023713737056616554,,15,0.1702819891980804,0.9966306409637539,0.22210718713044791,0.9939248468864963,0.0060924010031158105,
alpha_tuning,ridge,8,0.0031622776601683794,,1,0.16335088164563494,0.996609998895621,0.26045619390852,0.9943357650407564,0.009565901000314625,
alpha_tuning,ridge,8,0.0031622776601683794,,2,0.16140533920613379,0.9966924818310487,0.2615861716976717,0.9940083739680268,0.005784401000710204,
alpha_tuning,ridge,8,0.0031622776601683794,,3,0.1663847850002154,0.9965123956056348,0.248980110114701,0.9947925777523117,0.00534020100167254,
alpha_tuning,ridge,8,0.0031622776601683794,,4,0.17020275336762097,0.9964133153475989,0.23235937607020624,0.9952781196586461,0.017400402000930626,
alpha_tuning,ridge,8,0.0031622776601683794,,5,0.15708144868130083,0.9966446215112327,0.2858195356967009,0.9944272948129171,0.006341899999824818,
alpha_tuning,ridge,8,0.0031622776601683794,,6,0.16372663128239254,0.9967523496044562,0.24273452067009424,0.9935001811840503,0.008436500997049734,
alpha_tuning,ridge,8,0.0031622776601683794,,7,0.15871681183102804,0.9965878010697478,0.2740107888671827,0.9948119175711181,0.007885801001975778,
alpha_tuning,ridge,8,0.0031622776601683794,,8,0.1616726529626957,0.9966051685777869,0.2563018236577225,0.9947004547835413,0.008484201000101166,
alpha_tuning,ridge,8,0.0031622776601683794,,9,0.17149443088936447,0.9964923495980473,0.22424485011185652,0.9947867025360867,0.00863320099961129,
alpha_tuning,ridge,8,0.0031622776601683794,,10,0.16188606898332986,0.9964452646141398,0.28386144397694435,0.9949996604905144,0.00900860199908493,
alpha_tuning,ridge,8,0.0031622776601683794,,11,0.15402610427986996,0.9965560900535504,0.32767515117399215,0.9945499708082752,0.00760740099940449,
alpha_tuning,ridge,8,0.0031622776601683794,,12,0.16118312624226636,0.9966501487712233,0.27430934506454696,0.9940954266753423,0.015591402003337862,
alpha_tuning,ridge,8,0.0031622776601683794,,13,0.1635850057300666,0.9967411432047197,0.2643387395052316,0.993022731034757,0.008358801002032124,
alpha_tuning,ridge,8,0.0031622776601683794,,14,0.16431613153436672,0.9963809811849773,0.27766656231881925,0.9951464139923818,0.005884201000299072,
alpha_tuning,ridge,8,0.0031622776601683794,,15,0.17083701840435836,0.9966196586356735,0.2207449266563774,0.9939621079092816,0.012251002000994049,
alpha_tuning,ridge,8,0.004216965034285823,,1,0.16426963974326303,0.996590932019861,0.2583316104896411,0.9943819691240399,0.006218901002284838,
alpha_tuning,ridge,8,0.004216965034285823,,2,0.16226837719454373,0.9966747964568151,0.2611154428724854,0.9940191560023548,0.009725001000333577,
alpha_tuning,ridge,8,0.004216965034285823,,3,0.16723205906548763,0.9964946358281811,0.2491167115372717,0.9947897207317785,0.00785890100087272,
alpha_tuning,ridge,8,0.004216965034285823,,4,0.17095494734770952,0.9963974643548822,0.23273978479455068,0.9952703892003038,0.008564300998841645,
alpha_tuning,ridge,8,0.004216965034285823,,5,0.1578654323914009,0.9966278750265364,0.2857739679962041,0.994428183259399,0.008038501000555698,
alpha_tuning,ridge,8,0.004216965034285823,,6,0.16478309440489075,0.9967313938023928,0.23977478537817212,0.9935794354371641,0.00776030199995148,
alpha_tuning,ridge,8,0.004216965034285823,,7,0.15959654495714184,0.9965688879855118,0.2732647668881705,0.9948260426482249,0.006760901000234298,
alpha_tuning,ridge,8,0.004216965034285823,,8,0.16257281994144798,0.9965862667097919,0.2556195248156484,0.99471456265649,0.006593901001906488,
alpha_tuning,ridge,8,0.004216965034285823,,9,0.17218841983620867,0.9964781551393952,0.22583903597448118,0.9947496405250283,0.007060801002808148,
alpha_tuning,ridge,8,0.004216965034285823,,10,0.16255671564154547,0.9964305383846235,0.2851605718778639,0.9949767758025488,0.007003201000770787,
alpha_tuning,ridge,8,0.004216965034285823,,11,0.1549160993335829,0.9965361904213932,0.32868201778838396,0.9945332241846117,0.0075978020031470805,
alpha_tuning,ridge,8,0.004216965034285823,,12,0.16200013112995174,0.9966331690482788,0.2734902789751202,0.9941130572660232,0.0070095010014483705,
alpha_tuning,ridge,8,0.004216965034285823,,13,0.1643996801488546,0.9967249136777301,0.26417118795988603,0.9930271535881807,0.006221501000254648,
alpha_tuning,ridge,8,0.004216965034285823,,14,0.16516126013447796,0.996362367453773,0.275824756019936,0.9951786085973293,0.006199501000082819,
alpha_tuning,ridge,8,0.004216965034285823,,15,0.17162653081419493,0.9966040366031566,0.2192564169885884,0.9940028221439697,0.013246801998320734,
alpha_tuning,ridge,8,0.005623413251903491,,1,0.1655021591506436,0.9965653536935606,0.25625122392836686,0.9944272120422915,0.012776301999110729,
alpha_tuning,ridge,8,0.005623413251903491,,2,0.16340049633907164,0.9966515970716004,0.26074255712116284,0.9940276969430325,0.0068709010010934435,
alpha_tuning,ridge,8,0.005623413251903491,,3,0.16834510952286116,0.9964713050911412,0.24957635230766725,0.9947801073390757,0.011334102000546409,
alpha_tuning,ridge,8,0.005623413251903491,,4,0.17196728241267173,0.99637613140598,0.23340528035545574,0.9952568653629642,0.010427502002130495,
alpha_tuning,ridge,8,0.005623413251903491,,5,0.1589213335643545,0.9966053201792789,0.2859181718690326,0.9944253716752707,0.03716840500055696,
alpha_tuning,ridge,8,0.005623413251903491,,6,0.16617963768684998,0.9967036922348071,0.23680482024892804,0.9936589636195442,0.012888501998531865,
alpha_tuning,ridge,8,0.005623413251903491,,7,0.16075809014079495,0.9965439163193891,0.2728988648531851,0.9948329705868154,0.00943910099886125,
alpha_tuning,ridge,8,0.005623413251903491,,8,0.1637566996191021,0.9965614073915574,0.2552159139913257,0.9947229081055502,0.010712000999774318,
alpha_tuning,ridge,8,0.005623413251903491,,9,0.17313153117564725,0.9964588652717784,0.22803761267114178,0.9946985274925052,0.016045301999838557,
alpha_tuning,ridge,8,0.005623413251903491,,10,0.1634503862994079,0.9964109149375241,0.2868585271529805,0.9949468656015418,0.021454203000757843,
alpha_tuning,ridge,8,0.005623413251903491,,11,0.1560463535260027,0.9965109187723211,0.33039013750931034,0.9945048140280628,0.012225301998114446,
alpha_tuning,ridge,8,0.005623413251903491,,12,0.16310980599635724,0.9966101067972762,0.272984678774215,0.9941239404295498,0.011259801998676267,
alpha_tuning,ridge,8,0.005623413251903491,,13,0.16547630128669993,0.9967034657822132,0.26409474069953054,0.993029171427481,0.01276880200020969,
alpha_tuning,ridge,8,0.005623413251903491,,14,0.1662901379025206,0.9963375042230953,0.27402026061309337,0.9952101510113107,0.008085801000561332,
alpha_tuning,ridge,8,0.005623413251903491,,15,0.17272276894046548,0.9965823454081334,0.21771043125360406,0.9940451084840592,0.006888100997457514,
alpha_tuning,ridge,8,0.007498942093324558,,1,0.1671263507761701,0.9965316470410541,0.254356212141993,0.994468423548332,0.008519900999090169,
alpha_tuning,ridge,8,0.007498942093324558,,2,0.1648740054087057,0.9966214019241295,0.2605354977029249,0.9940324396348668,0.01749170199764194,
alpha_tuning,ridge,8,0.007498942093324558,,3,0.16978692947948548,0.996441082991106,0.2504575738640217,0.9947616765787408,0.011816501999419415,
alpha_tuning,ridge,8,0.007498942093324558,,4,0.17330413583292514,0.996347959877905,0.234463447228662,0.9952353618736669,0.012582002000272041,
alpha_tuning,ridge,8,0.007498942093324558,,5,0.1603171619283996,0.9965755042302534,0.286332983432756,0.9944172839756417,0.013064901999314316,
alpha_tuning,ridge,8,0.007498942093324558,,6,0.1679920133402031,0.9966677422951951,0.23397660197836928,0.9937346961782253,0.012455602001864463,
alpha_tuning,ridge,8,0.007498942093324558,,7,0.16226839021704906,0.9965114468900633,0.27301565821559254,0.9948307592374236,0.014748802001122385,
alpha_tuning,ridge,8,0.007498942093324558,,8,0.16528818986180618,0.9965292488842065,0.2552088716914437,0.9947230537189763,0.012729501999274362,
alpha_tuning,ridge,8,0.007498942093324558,,9,0.17438781781929114,0.9964331698930556,0.23100463276408675,0.9946295495056385,0.006749201002094196,
alpha_tuning,ridge,8,0.007498942093324558,,10,0.16462702938764617,0.9963850779099864,0.28899878380216576,0.9949091640745805,0.006749200998456217,
alpha_tuning,ridge,8,0.007498942093324558,,11,0.157461861056986,0.9964792690692528,0.3329202094763424,0.9944627328204153,0.006791399999201531,
alpha_tuning,ridge,8,0.007498942093324558,,12,0.16458217131013542,0.9965795067904979,0.273008588015868,0.9941234257774862,0.01700250199792208,
alpha_tuning,ridge,8,0.007498942093324558,,13,0.16688895617238422,0.9966753235942845,0.26417656668690137,0.9930270116157058,0.008904401998734102,
alpha_tuning,ridge,8,0.007498942093324558,,14,0.16777105471828707,0.9963048874266208,0.27235998047607324,0.9952391725556209,0.019254003000241937,
alpha_tuning,ridge,8,0.007498942093324558,,15,0.17420879341447923,0.9965529415351038,0.21621166686427212,0.9940861032094614,0.020087101998797152,
alpha_tuning,ridge,8,0.01333521432163324,,1,0.1719016290837689,0.9964325462674716,0.2518889600779089,0.9945220797704587,0.007805400997312972,
alpha_tuning,ridge,8,0.01333521432163324,,2,0.1691955880411869,0.9965328440539509,0.2611318167291301,0.9940187809594958,0.012887802000477677,
alpha_tuning,ridge,8,0.01333521432163324,,3,0.17396777775115624,0.9963534479059363,0.2539783525473906,0.9946880394466964,0.013398901999607915,
alpha_tuning,ridge,8,0.01333521432163324,,4,0.1772480583219572,0.9962648495522388,0.23823099381422264,0.995158799849537,0.012304300998948747,
alpha_tuning,ridge,8,0.01333521432163324,,5,0.16444307089753238,0.9964873716957126,0.28837060568629924,0.9943775558721236,0.04914100699897972,
alpha_tuning,ridge,8,0.01333521432163324,,6,0.1732059162693825,0.9965643203058849,0.22957168013945065,0.993852648885456,0.007493301000067731,
alpha_tuning,ridge,8,0.01333521432163324,,7,0.1666433880355077,0.9964173902951521,0.27508488917337837,0.9947915807042799,0.01000040200233343,
alpha_tuning,ridge,8,0.01333521432163324,,8,0.1696949342244492,0.9964367152741134,0.2569031674911594,0.9946880208149084,0.007373001000814838,
alpha_tuning,ridge,8,0.01333521432163324,,9,0.17813512570082998,0.9963565245703547,0.2399213313214628,0.9944222519826298,0.010812901000463171,
alpha_tuning,ridge,8,0.01333521432163324,,10,0.16813509525278852,0.9963080469094496,0.29474941152723116,0.9948078643326532,0.00865520099978312,
alpha_tuning,ridge,8,0.01333521432163324,,11,0.16137696288386372,0.9963917302836295,0.34083257325628735,0.9943311311001697,0.006891700999403838,
alpha_tuning,ridge,8,0.01333521432163324,,12,0.1689161946894926,0.9964894332581042,0.2756108488594365,0.9940674114993102,0.006890401000418933,
alpha_tuning,ridge,8,0.01333521432163324,,13,0.17108818300458292,0.9965916687456267,0.265364018321925,0.9929956686144632,0.0058792999989236705,
alpha_tuning,ridge,8,0.01333521432163324,,14,0.17210951959754126,0.9962093338989195,0.2699577087944151,0.9952811640439845,0.011170301997481147,
alpha_tuning,ridge,8,0.01333521432163324,,15,0.17871771198653566,0.996463723846222,0.2139366508231882,0.99414833024031,0.043832806000864366,
alpha_tuning,ridge,8,0.01778279410038923,,1,0.175228227316436,0.9963635097763981,0.25176024696977456,0.9945248789409291,0.006485801000962965,
alpha_tuning,ridge,8,0.01778279410038923,,2,0.17222917225415052,0.9964706798470494,0.2622965799524086,0.9939921020811575,0.006949200000235578,
alpha_tuning,ridge,8,0.01778279410038923,,3,0.17688315878497313,0.9962923383777736,0.2569200581618766,0.9946265136354339,0.020142702000157442,
alpha_tuning,ridge,8,0.01778279410038923,,4,0.1800135629467352,0.9962065720402857,0.24115736383810812,0.9950993317560991,0.016765001997555373,
alpha_tuning,ridge,8,0.01778279410038923,,5,0.16734333018286518,0.9964254199649414,0.2902125906310657,0.9943416421651364,0.013362202000280377,
alpha_tuning,ridge,8,0.01778279410038923,,6,0.17677906726694967,0.9964934439606031,0.2285003460979631,0.9938813365115168,0.014945201997761615,
alpha_tuning,ridge,8,0.01778279410038923,,7,0.16967080332523438,0.9963523049201759,0.27719847937007475,0.9947515622794336,0.011695601999235805,
alpha_tuning,ridge,8,0.01778279410038923,,8,0.17273344009845049,0.9963729121817003,0.258864200653595,0.9946474725902917,0.010822301999724004,
alpha_tuning,ridge,8,0.01778279410038923,,9,0.1807843997255241,0.9963023378130973,0.24616675135113764,0.9942770569764322,0.008908600997528993,
alpha_tuning,ridge,8,0.01778279410038923,,10,0.1706468668844387,0.9962528927905295,0.29842501155463597,0.9947431170820911,0.014297001998784253,
alpha_tuning,ridge,8,0.01778279410038923,,11,0.16401399830565097,0.9963327681189972,0.34634520029687965,0.994239442797939,0.009686700999736786,
alpha_tuning,ridge,8,0.01778279410038923,,12,0.17192630408911336,0.9964268744847007,0.27863268241798633,0.9940023658195242,0.012664201996813063,
alpha_tuning,ridge,8,0.01778279410038923,,13,0.17407040417926006,0.996532258461067,0.2668798720763107,0.9929556573797266,0.01352600199970766,
alpha_tuning,ridge,8,0.01778279410038923,,14,0.17514165501187995,0.9961425519280216,0.26945742578792964,0.9952899089449905,0.005560300000070129,
alpha_tuning,ridge,8,0.01778279410038923,,15,0.18192491606110356,0.9964002631004283,0.21349674703577734,0.9941603626418647,0.007601501001772704,
alpha_tuning,ridge,8,0.023713737056616554,,1,0.17927673119313625,0.9962794916647428,0.25264091017524026,0.9945057268399908,0.006360800998663763,
alpha_tuning,ridge,8,0.023713737056616554,,2,0.17595350144780716,0.9963943608941835,0.2643034067493822,0.993946135753502,0.006634000998019474,
alpha_tuning,ridge,8,0.023713737056616554,,3,0.18046410695759685,0.9962172778451486,0.2608776598829522,0.9945437403438632,0.006676400997093879,
alpha_tuning,ridge,8,0.023713737056616554,,4,0.18340938485977787,0.9961350118445967,0.24487893042919903,0.9950237041123057,0.007080800998664927,
alpha_tuning,ridge,8,0.023713737056616554,,5,0.17091313006515374,0.9963491663408833,0.29274753926686226,0.9942922175469863,0.007129400997655466,
alpha_tuning,ridge,8,0.023713737056616554,,6,0.18108921693499844,0.9964079486495188,0.22853445105740383,0.9938804232666414,0.0068265999980212655,
alpha_tuning,ridge,8,0.023713737056616554,,7,0.17336199021899085,0.996272949344513,0.28009883485777726,0.9946966473492388,0.011070500997448107,
alpha_tuning,ridge,8,0.023713737056616554,,8,0.17643157456299702,0.9962952580895966,0.2617152739901822,0.9945885210313561,0.0067527009996410925,
alpha_tuning,ridge,8,0.023713737056616554,,9,0.18405141482295687,0.9962355161282166,0.2537333847789441,0.9941011460877769,0.008847301000059815,
alpha_tuning,ridge,8,0.023713737056616554,,10,0.17379002553826872,0.9961838745151441,0.30267978963643094,0.9946681673649036,0.147899920000782,
alpha_tuning,ridge,8,0.023713737056616554,,11,0.16720278488084403,0.996261469206032,0.35293307180208344,0.9941298705832439,0.005636400997900637,
alpha_tuning,ridge,8,0.023713737056616554,,12,0.1755846138019547,0.9963508442353035,0.2830061745592962,0.9939082253700725,0.009951700998499291,
alpha_tuning,ridge,8,0.023713737056616554,,13,0.17775623379049918,0.9964588312491949,0.2693280241324203,0.9928910379622502,0.008109300997602986,
alpha_tuning,ridge,8,0.023713737056616554,,14,0.17886264359019288,0.9960605981505705,0.2695644828397358,0.9952880375975572,0.010805701997014694,
alpha_tuning,ridge,8,0.023713737056616554,,15,0.1858745172722345,0.9963221125890738,0.21374062344292352,0.9941536920494659,0.00959880099981092,
alpha_tuning,ridge,8,0.03162277660168379,,1,0.18408910399908016,0.9961796210735193,0.2546604003945517,0.9944618082564916,0.007365200999629451,
alpha_tuning,ridge,8,0.03162277660168379,,2,0.18042308442473126,0.9963027702009851,0.267318318105063,0.9938770792691873,0.010704001000704011,
alpha_tuning,ridge,8,0.03162277660168379,,3,0.18477908466613763,0.9961268312624404,0.26602473370052027,0.9944360892278935,0.007169300999521511,
alpha_tuning,ridge,8,0.03162277660168379,,4,0.18749913264061352,0.9960488285408164,0.24942209543306987,0.9949313803942698,0.012124901000788668,
alpha_tuning,ridge,8,0.03162277660168379,,5,0.1752237447089192,0.9962570883535049,0.2960724313488355,0.9942273911756658,0.007879100998252397,
alpha_tuning,ridge,8,0.03162277660168379,,6,0.18617237974396325,0.9963071199964288,0.2298910622778118,0.9938440966365766,0.006874900998809608,
alpha_tuning,ridge,8,0.03162277660168379,,7,0.17778455745630964,0.9961778700707924,0.28380367783984867,0.9946265003639448,0.007049401003314415,
alpha_tuning,ridge,8,0.03162277660168379,,8,0.18084903235933963,0.9962024995168974,0.26552688097613225,0.9945097085466023,0.005815500997414347,
alpha_tuning,ridge,8,0.03162277660168379,,9,0.18799627654787282,0.9961548301505828,0.262646334684749,0.9938939357143091,0.005934200999035966,
alpha_tuning,ridge,8,0.03162277660168379,,10,0.17764996241094763,0.9960991170417268,0.30755550267916854,0.9945822796155039,0.06508470900007524,
alpha_tuning,ridge,8,0.03162277660168379,,11,0.17101214218424418,0.9961762947898634,0.36058935549301774,0.994002528093384,0.007126800999685656,
alpha_tuning,ridge,8,0.03162277660168379,,12,0.17993801121488417,0.9962603680544958,0.2887836990799834,0.9937838627926351,0.010717002001911169,
alpha_tuning,ridge,8,0.03162277660168379,,13,0.18220271000711855,0.9963702508247916,0.2729243581123643,0.9927961120746792,0.016525203001947375,
alpha_tuning,ridge,8,0.03162277660168379,,14,0.18334488944333038,0.9959618778854048,0.27036578202695055,0.9952740309613585,0.010756301999208517,
alpha_tuning,ridge,8,0.03162277660168379,,15,0.19062318808130196,0.996228150937721,0.21480242185974852,0.9941246493694823,0.011544200999196619,
alpha_tuning,ridge,8,0.042169650342858224,,1,0.18968192102349551,0.9960635540177535,0.257860775825335,0.9943922085356106,0.009571300997777143,
alpha_tuning,ridge,8,0.042169650342858224,,2,0.18566646418456223,0.996195322864313,0.2714503762862191,0.9937824345591739,0.009722701001010137,
alpha_tuning,ridge,8,0.042169650342858224,,3,0.18987223040564644,0.9960200734392283,0.27252145240477493,0.9943002102715306,0.010400000999652548,
alpha_tuning,ridge,8,0.042169650342858224,,4,0.19233381406858407,0.9959469472414024,0.25477954773147893,0.9948225091745434,0.009480501001235098,
alpha_tuning,ridge,8,0.042169650342858224,,5,0.18033079322918702,0.9961479979364642,0.30027779229027013,0.9941453980513163,0.011461901998700341,
alpha_tuning,ridge,8,0.042169650342858224,,6,0.192032965026123,0.996190870538655,0.23270720127559294,0.9937686875303828,0.01442550100182416,
alpha_tuning,ridge,8,0.042169650342858224,,7,0.18299670460953568,0.9960658158861387,0.2883230634023224,0.9945409309419416,0.017710303000058047,
alpha_tuning,ridge,8,0.042169650342858224,,8,0.18602677601879913,0.9960937763250082,0.2703313032419627,0.9944103676497121,0.027549703998374753,
alpha_tuning,ridge,8,0.042169650342858224,,9,0.19266089180701093,0.9960594227399525,0.2728722985142703,0.9936562000817096,0.008616201997938333,
alpha_tuning,ridge,8,0.042169650342858224,,10,0.1822959482869281,0.995997099304813,0.3131092761871345,0.9944844475439498,0.00856810099867289,
alpha_tuning,ridge,8,0.042169650342858224,,11,0.17550074107523078,0.9960759330334029,0.36929484059588363,0.993857734849927,0.037353104999056086,
alpha_tuning,ridge,8,0.042169650342858224,,12,0.18501769543331922,0.9961547975346925,0.29593709103843907,0.9936298843442203,0.032862304000445874,
alpha_tuning,ridge,8,0.042169650342858224,,13,0.18743740235517245,0.9962659679618634,0.27782835104845477,0.9926666702918259,0.01143070200123475,
alpha_tuning,ridge,8,0.042169650342858224,,14,0.18864606966401878,0.9958451208099957,0.27195219416627614,0.9952463006228638,0.025428602999454597,
alpha_tuning,ridge,8,0.042169650342858224,,15,0.19620497572451234,0.9961177044558434,0.21678509093696652,0.9940704187145759,0.012484102000598796,
alpha_tuning,ridge,8,0.05623413251903491,,1,0.19605939445987489,0.9959312030823029,0.26221108857663766,0.9942976007123149,0.006083199998101918,
alpha_tuning,ridge,8,0.05623413251903491,,2,0.19169632106463397,0.9960717590386979,0.27675037161407534,0.9936610382721698,0.008711600999959046,
alpha_tuning,ridge,8,0.05623413251903491,,3,0.19576672958882488,0.9958965183842765,0.28051140146331405,0.9941331003828485,0.005643800999678206,
alpha_tuning,ridge,8,0.05623413251903491,,4,0.19795843148282913,0.9958284196115248,0.26093421593715993,0.9946974373685356,0.005669999998644926,
alpha_tuning,ridge,8,0.05623413251903491,,5,0.1862777855904342,0.9960209656840289,0.30546438122911374,0.9940442736442239,0.006684301002678694,
alpha_tuning,ridge,8,0.05623413251903491,,6,0.19865564375926567,0.9960595043397734,0.23702935697437902,0.9936529510918289,0.006649900999036618,
alpha_tuning,ridge,8,0.05623413251903491,,7,0.1890525229587596,0.9959356239004591,0.29369413437542774,0.9944392358260119,0.0059503009979380295,
alpha_tuning,ridge,8,0.05623413251903491,,8,0.19199447704351447,0.9959684654663947,0.27613562161584165,0.9942903519306114,0.006672700998024084,
alpha_tuning,ridge,8,0.05623413251903491,,9,0.19807415624569213,0.9959487028810875,0.28434198690112306,0.9933895500456029,0.006379500999173615,
alpha_tuning,ridge,8,0.05623413251903491,,10,0.18778311535900627,0.9958766106977219,0.31942934837423087,0.9943731167967473,0.0057858010004565585,
alpha_tuning,ridge,8,0.05623413251903491,,11,0.18072122635173815,0.9959592068378459,0.3790479474919885,0.993695517125747,0.006035901002178434,
alpha_tuning,ridge,8,0.05623413251903491,,12,0.19084685564238263,0.9960336507376033,0.3043840691180903,0.9934480611495663,0.009138600998994661,
alpha_tuning,ridge,8,0.05623413251903491,,13,0.193467339283619,0.9961458426432459,0.2841342929721926,0.99250022381121,0.005736701001296751,
alpha_tuning,ridge,8,0.05623413251903491,,14,0.19481352687499856,0.9957092842157492,0.27445136411434184,0.9952026153617027,0.005580401000770507,
alpha_tuning,ridge,8,0.05623413251903491,,15,0.20263910923786388,0.995990392659712,0.21977343196320245,0.9939886805703749,0.008782100998359965,
alpha_tuning,ridge,8,0.07498942093324558,,1,0.2032382550198118,0.995782221056732,0.2676562297377631,0.9941791832599978,0.00811770099971909,
alpha_tuning,ridge,8,0.07498942093324558,,2,0.19853208234161224,0.9959316806203914,0.2832357382950536,0.9935124910780255,0.005656301000271924,
alpha_tuning,ridge,8,0.07498942093324558,,3,0.20248238365264787,0.9957557510381276,0.29013387533028373,0.9939318462165234,0.01031520200194791,
alpha_tuning,ridge,8,0.07498942093324558,,4,0.2044278292512317,0.995692089915165,0.2678960749345308,0.9945559622720926,0.012958702001924394,
alpha_tuning,ridge,8,0.07498942093324558,,5,0.19311081864666696,0.9958750069325507,0.31177268097795285,0.9939212789208355,0.0160614020023786,
alpha_tuning,ridge,8,0.07498942093324558,,6,0.2060320113230222,0.9959131881122393,0.24283558383402146,0.9934974749671814,0.057302507000713376,
alpha_tuning,ridge,8,0.07498942093324558,,7,0.19601379121187634,0.9957859659542563,0.3000226434344817,0.9943194127096082,0.011728200999641558,
alpha_tuning,ridge,8,0.07498942093324558,,8,0.19878980248579758,0.995825776001523,0.2829511867146967,0.9941494266929302,0.024187703998904908,
alpha_tuning,ridge,8,0.07498942093324558,,9,0.20426959382565066,0.9958219848937749,0.2969934285850022,0.9930954263285476,0.005554101000598166,
alpha_tuning,ridge,8,0.07498942093324558,,10,0.1941664688144239,0.9957364434025932,0.326658590074053,0.9942457706436777,0.006056801001250278,
alpha_tuning,ridge,8,0.07498942093324558,,11,0.18673516866771508,0.9958247395288388,0.38990684955946375,0.9935149073570606,0.006660701001237612,
alpha_tuning,ridge,8,0.07498942093324558,,12,0.19745826733952934,0.9958962464936606,0.31403210447438296,0.9932403849138671,0.005580301000009058,
alpha_tuning,ridge,8,0.07498942093324558,,13,0.20030184108304752,0.996009689194878,0.29188930091810394,0.9922955289701605,0.007656801000848645,
alpha_tuning,ridge,8,0.07498942093324558,,14,0.20189815011288254,0.9955532472852553,0.27806698466485136,0.9951394146465491,0.007118001001799712,
alpha_tuning,ridge,8,0.07498942093324558,,15,0.20994889749494255,0.9958457543381078,0.22386261131932017,0.9938768319128958,0.00721780100138858,
alpha_tuning,ridge,8,0.23713737056616552,,1,0.24235548657286712,0.9949704258779781,0.30211667181895857,0.9934297595745091,0.006109699999797158,
alpha_tuning,ridge,8,0.23713737056616552,,2,0.23616333980151843,0.9951605409023294,0.3225830289432253,0.9926112421725303,0.0067177009987062775,
alpha_tuning,ridge,8,0.23713737056616552,,3,0.23949774820191855,0.9949798691084133,0.34931907848439586,0.9926939869212701,0.006244600997888483,
alpha_tuning,ridge,8,0.23713737056616552,,4,0.24137419332617804,0.9949135187442074,0.30668386470858167,0.9937677379916,0.0071041010014596395,
alpha_tuning,ridge,8,0.23713737056616552,,5,0.23172773672569938,0.9950501203701166,0.35435887453622145,0.9930909637320511,0.008051800999965053,
alpha_tuning,ridge,8,0.23713737056616552,,6,0.24501847218368739,0.9951398600712036,0.28092092915883016,0.9924776453876443,0.006906400998559548,
alpha_tuning,ridge,8,0.23713737056616552,,7,0.2354179138633508,0.9949388300799418,0.3407515492790597,0.9935482572319958,0.01202790099705453,
alpha_tuning,ridge,8,0.23713737056616552,,8,0.23678190289044138,0.9950280110494052,0.3227418241857116,0.9933266768604867,0.005764901001384715,
alpha_tuning,ridge,8,0.23713737056616552,,9,0.2391994263135451,0.9951075497932826,0.3612373631359771,0.9916018681001231,0.006610200998693472,
alpha_tuning,ridge,8,0.23713737056616552,,10,0.23113683418695025,0.9949246387374775,0.3708506507309629,0.9934673087863277,0.011770501998398686,
alpha_tuning,ridge,8,0.23713737056616552,,11,0.22152691308606876,0.9950468218166633,0.4498097100576483,0.9925185781047103,0.012704202003078535,
alpha_tuning,ridge,8,0.23713737056616552,,12,0.23414897023885758,0.9951337076407583,0.3651337666315561,0.992140409588025,0.007818501002475386,
alpha_tuning,ridge,8,0.23713737056616552,,13,0.23772452513019737,0.995264173628458,0.33901920241918504,0.9910515266733577,0.021093903000291903,
alpha_tuning,ridge,8,0.23713737056616552,,14,0.24185830811581724,0.9946731355012601,0.3122503676669108,0.9945418922511756,0.011591500999202253,
alpha_tuning,ridge,8,0.23713737056616552,,15,0.24996569825689371,0.9950539444122084,0.2550582544040341,0.9930235578218484,0.010020801000791835,
alpha_tuning,ridge,8,0.31622776601683794,,1,0.2560757345417859,0.9946856912300936,0.3156126276413693,0.993136258146762,0.00910500100144418,
alpha_tuning,ridge,8,0.31622776601683794,,2,0.24943207229253267,0.9948886380395813,0.3369101159482626,0.992283080531169,0.014121701999101788,
alpha_tuning,ridge,8,0.31622776601683794,,3,0.25247790277295196,0.9947077910808376,0.37116205707238736,0.9922371407394507,0.034764504998747725,
alpha_tuning,ridge,8,0.31622776601683794,,4,0.25460525348593877,0.9946347004556013,0.32050997359534705,0.9934867713576987,0.04581570599839324,
alpha_tuning,ridge,8,0.31622776601683794,,5,0.24546760462120734,0.9947566264052843,0.3720271615181883,0.9927464800904019,0.03824780500144698,
alpha_tuning,ridge,8,0.31622776601683794,,6,0.2584372237591348,0.9948736882607878,0.29487874156210575,0.9921038903426763,0.01390560200161417,
alpha_tuning,ridge,8,0.31622776601683794,,7,0.24932983032175596,0.9946397425043442,0.35709440065331266,0.9932388239414194,0.01236860100107151,
alpha_tuning,ridge,8,0.31622776601683794,,8,0.2503259202284565,0.9947436113392532,0.3373093355528989,0.9930254648594172,0.010839000999112613,
alpha_tuning,ridge,8,0.31622776601683794,,9,0.2517083432220975,0.9948516994592821,0.3822397562351451,0.9911135994838075,0.007987900000443915,
alpha_tuning,ridge,8,0.31622776601683794,,10,0.24447384096782693,0.9946317813579441,0.38828035608722383,0.9931602771475445,0.014617601002100855,
alpha_tuning,ridge,8,0.31622776601683794,,11,0.23422916856415477,0.994762808764539,0.4715233551073734,0.9921574277429702,0.022262800997850718,
alpha_tuning,ridge,8,0.31622776601683794,,12,0.24720143900792912,0.9948624396143587,0.3822213066680086,0.9917725962601214,0.01123150100102066,
alpha_tuning,ridge,8,0.31622776601683794,,13,0.2508744912904221,0.995002206730039,0.35591570329464334,0.9906055404686864,0.005372499999793945,
alpha_tuning,ridge,8,0.31622776601683794,,14,0.25598295175294083,0.9943620440058548,0.329198684735984,0.9942456372253916,0.03818990199943073,
alpha_tuning,ridge,8,0.31622776601683794,,15,0.2638025516522856,0.9947801554622405,0.2680585924047012,0.9926679680505234,0.01889150100032566,
alpha_tuning,ridge,12,0.5623413251903491,,1,0.1763418136836023,0.9963403996531072,0.2580403006771603,0.9943883043437906,0.10241470599794411,
alpha_tuning,ridge,12,0.5623413251903491,,2,0.17591200890820247,0.9963952111592943,0.24258343060274715,0.994443631372821,0.18658961099936278,
alpha_tuning,ridge,12,0.5623413251903491,,3,0.1786098334609143,0.9962561454158545,0.24916543427515017,0.9947887016950808,0.1544056089987862,
alpha_tuning,ridge,12,0.5623413251903491,,4,0.18500116751148693,0.9961014681897857,0.20404674158113217,0.9958534735542665,0.1494019079982536,
alpha_tuning,ridge,12,0.5623413251903491,,5,0.17229341336876408,0.9963196824460999,0.2545594866572612,0.9950367809245152,0.14490510800169432,
alpha_tuning,ridge,12,0.5623413251903491,,6,0.1794125210214056,0.9964412072715544,0.22371705567737693,0.9940094209759435,0.1552964089969464,
alpha_tuning,ridge,12,0.5623413251903491,,7,0.17026685134671304,0.9963394906858312,0.2656077820582452,0.9949710189413796,0.1827211099989654,
alpha_tuning,ridge,12,0.5623413251903491,,8,0.17511946394141906,0.996322810024237,0.25275790632317086,0.9947737322573018,0.09779660500134923,
alpha_tuning,ridge,12,0.5623413251903491,,9,0.18451106706507395,0.9962261146604052,0.22722383226009035,0.9947174464525215,0.14039380900067044,
alpha_tuning,ridge,12,0.5623413251903491,,10,0.17678627629663857,0.9961180820806094,0.2552860445467499,0.9955030282489822,0.15749410900025396,
alpha_tuning,ridge,12,0.5623413251903491,,11,0.1678914631310483,0.9962460708689328,0.30837641508077046,0.994870955401384,0.14445280799918692,
alpha_tuning,ridge,12,0.5623413251903491,,12,0.17553426986766815,0.9963518905277664,0.2573937346643617,0.9944595391772906,0.059786202997202054,
alpha_tuning,ridge,12,0.5623413251903491,,13,0.17845720123678796,0.9964448669343396,0.24296040962326304,0.9935870159288039,0.1563741089994437,
alpha_tuning,ridge,12,0.5623413251903491,,14,0.17754848999379477,0.9960895420317755,0.26056403167292796,0.9954453646573251,0.08383650399991893,
alpha_tuning,ridge,12,0.5623413251903491,,15,0.1847600489541409,0.9963441645037587,0.20920295148759135,0.9942778080326705,0.1575570089989924,
alpha_tuning,ridge,12,0.7498942093324559,,1,0.18288996916667194,0.9962045065737701,0.2633315320240425,0.9942732340238157,0.04164390300138621,
alpha_tuning,ridge,12,0.7498942093324559,,2,0.18293105603776547,0.9962513768473443,0.24715430081713716,0.9943389356819611,0.1368911069985188,
alpha_tuning,ridge,12,0.7498942093324559,,3,0.18499584187918064,0.9961222877976716,0.25744660515413736,0.9946155008982289,0.05537580300006084,
alpha_tuning,ridge,12,0.7498942093324559,,4,0.19186526194223424,0.9959568210459512,0.20864277885240898,0.9957600753948876,0.08106880500054103,
alpha_tuning,ridge,12,0.7498942093324559,,5,0.17918045774277266,0.9961725699720444,0.2584926657657778,0.9949600946071635,0.16265650900095352,
alpha_tuning,ridge,12,0.7498942093324559,,6,0.18645251182410202,0.9963015633496345,0.2279043544224178,0.9938972956667954,0.15970990899950266,
alpha_tuning,ridge,12,0.7498942093324559,,7,0.1772126213657855,0.9961901659309079,0.2689408942216502,0.9949079102560613,0.15043760900152847,
alpha_tuning,ridge,12,0.7498942093324559,,8,0.18178899499785076,0.9961827620124868,0.2584202134833511,0.9946566528998606,0.18055861000175355,
alpha_tuning,ridge,12,0.7498942093324559,,9,0.19070916112905892,0.9960993423388661,0.2380398002417462,0.9944659942634504,0.15122430799965514,
alpha_tuning,ridge,12,0.7498942093324559,,10,0.18364613641885585,0.9959674515311641,0.26010007886127906,0.9954182269964919,0.02902950100178714,
alpha_tuning,ridge,12,0.7498942093324559,,11,0.17433163334744045,0.9961020734188333,0.31634680939963855,0.994738388493116,0.03647470199939562,
alpha_tuning,ridge,12,0.7498942093324559,,12,0.1823356973262846,0.9962105372071004,0.26362510073270434,0.9943254075535406,0.14320420799776912,
alpha_tuning,ridge,12,0.7498942093324559,,13,0.18513249804215726,0.9963118850864153,0.2503016842426243,0.9933932416539365,0.23384481299945037,
alpha_tuning,ridge,12,0.7498942093324559,,14,0.18421947229751123,0.9959426154321386,0.26377839512381773,0.9953891778794202,0.05939230299918563,
alpha_tuning,ridge,12,0.7498942093324559,,15,0.19163748539223469,0.9962080811004698,0.2132788298226178,0.9941663231893513,0.25132761399800074,
alpha_tuning,ridge,12,1.0,,1,0.19084693297579022,0.9960393766655096,0.27024762120229373,0.9941228273334743,0.03579060199990636,
alpha_tuning,ridge,12,1.0,,2,0.19136274804547682,0.9960785946169195,0.2539340667864487,0.9941836452780043,0.16017390800334397,
alpha_tuning,ridge,12,1.0,,3,0.1928383091574245,0.995957901232264,0.26827452411976876,0.9943890348319563,0.15606840899999952,
alpha_tuning,ridge,12,1.0,,4,0.20020066279885732,0.9957811690442502,0.21521198165708819,0.9956265796431499,0.14062750800076174,
alpha_tuning,ridge,12,1.0,,5,0.1875429581938953,0.9959939406408181,0.2643137416844265,0.994846599426062,0.19134540999948513,
alpha_tuning,ridge,12,1.0,,6,0.19490975847451153,0.9961338070096043,0.23434045144803903,0.9937249532062632,0.05577790299867047,
alpha_tuning,ridge,12,1.0,,7,0.18570971791241866,0.9960074897328909,0.27495991077156057,0.9947939470280773,0.16302420899955905,
alpha_tuning,ridge,12,1.0,,8,0.18990635237668477,0.99601231228342,0.26590796375675896,0.9945018289092343,0.15360060800230713,
alpha_tuning,ridge,12,1.0,,9,0.19822778060849658,0.9959455607349831,0.25104546943991585,0.9941636353811238,0.1820648089997121,
alpha_tuning,ridge,12,1.0,,10,0.19199407557379844,0.9957841453646764,0.26713729214225307,0.9952942635053162,0.19726020999951288,
alpha_tuning,ridge,12,1.0,,11,0.18221487956669186,0.995925809854993,0.3269228992251496,0.9945624825750846,0.1754730090033263,
alpha_tuning,ridge,12,1.0,,12,0.1905813311345956,0.9960391691043171,0.2721848999630728,0.9941411558570182,0.1786811089987168,
alpha_tuning,ridge,12,1.0,,13,0.1931996091896548,0.9961511762252091,0.2600148425798982,0.9931368610782101,0.1487034070014488,
alpha_tuning,ridge,12,1.0,,14,0.19235607338677904,0.9957634089710478,0.26874241266445736,0.9953024073087198,0.022819902002083836,
alpha_tuning,ridge,12,1.0,,15,0.1999587861626332,0.9960434280442299,0.21881319106740915,0.994014945413684,0.12473260700062383,
alpha_tuning,ridge,12,1.333521432163324,,1,0.20068003281332858,0.9958353115329991,0.2794798794951843,0.9939220500764984,0.0460676019974926,
alpha_tuning,ridge,12,1.333521432163324,,2,0.20157944776023584,0.995869234009027,0.2632642680710458,0.9939699372041504,0.14386710799954017,
alpha_tuning,ridge,12,1.333521432163324,,3,0.20257306363121327,0.9957538502880577,0.2823892780926905,0.9940938245686731,0.05827940300150658,
alpha_tuning,ridge,12,1.333521432163324,,4,0.2104042458956895,0.9955661488159119,0.22424561894958925,0.99544300299966,0.12720074700337136,
alpha_tuning,ridge,12,1.333521432163324,,5,0.19785180727758203,0.9957737358314677,0.27267411662745783,0.9946835948060404,0.2192529990024923,
alpha_tuning,ridge,12,1.333521432163324,,6,0.2051921599415438,0.9959298472449039,0.24347806013946371,0.9934802710706471,0.16258289300094475,
alpha_tuning,ridge,12,1.333521432163324,,7,0.1961914379493519,0.9957821467872722,0.28440453041446434,0.9946151239042894,0.16160898899761378,
alpha_tuning,ridge,12,1.333521432163324,,8,0.19992574346218356,0.9958019233087532,0.27573323111178694,0.9942986721471455,0.14800563999961014,
alpha_tuning,ridge,12,1.333521432163324,,9,0.20747408970401465,0.9957564419417531,0.2666331168826829,0.9938012500561488,0.15919107999798143,
alpha_tuning,ridge,12,1.333521432163324,,10,0.20225986896602874,0.9955587264681373,0.2770545654235603,0.9951195665379503,0.0438553599997249,
alpha_tuning,ridge,12,1.333521432163324,,11,0.19196198279123805,0.9957078718249363,0.3408262202344048,0.9943312367662679,0.15762887399978354,
alpha_tuning,ridge,12,1.333521432163324,,12,0.20068758468658665,0.9958291319455355,0.28353831854924777,0.9938967708452286,0.12850366799830226,
alpha_tuning,ridge,12,1.333521432163324,,13,0.20306315442325393,0.9959546797231819,0.27252185374355425,0.9928067362504853,0.12618396000107168,
alpha_tuning,ridge,12,1.333521432163324,,14,0.2024106043613113,0.9955419606176008,0.2762156202819443,0.9951717763259276,0.09649985100259073,
alpha_tuning,ridge,12,1.333521432163324,,15,0.21015340059377483,0.9958417078481224,0.22606549123785105,0.9938165779743869,0.18384347499886644,
alpha_tuning,ridge,12,1.7782794100389228,,1,0.2129996682508871,0.9955796436277013,0.2921163132681697,0.9936472409853303,0.03923999999824446,
alpha_tuning,ridge,12,1.7782794100389228,,2,0.2140930934213601,0.9956128043854002,0.27553909022272266,0.9936887826482176,0.11046179999902961,
alpha_tuning,ridge,12,1.7782794100389228,,3,0.2147688063636358,0.9954982143779227,0.3007508050722122,0.9937097929926141,0.06017189900012454,
alpha_tuning,ridge,12,1.7782794100389228,,4,0.2229847576496156,0.9953010395416236,0.23628984715274345,0.9951982467718672,0.14217329999883077,
alpha_tuning,ridge,12,1.7782794100389228,,5,0.2107243846584732,0.9954987678476515,0.2845313439291513,0.9944524110560301,0.07660979999855044,
alpha_tuning,ridge,12,1.7782794100389228,,6,0.21784907658131641,0.9956787870477352,0.25587527996218157,0.9931483047625722,0.15399419899767963,
alpha_tuning,ridge,12,1.7782794100389228,,7,0.20921111135263903,0.9955022412426332,0.29823650593695555,0.9943532311902775,0.17034910000074888,
alpha_tuning,ridge,12,1.7782794100389228,,8,0.21243800521286935,0.9955391885878477,0.28862861153246994,0.9940320347481307,0.20745629999873927,
alpha_tuning,ridge,12,1.7782794100389228,,9,0.21899528556889575,0.995520793897109,0.28538413864320517,0.9933653218547156,0.22352060000048368,
alpha_tuning,ridge,12,1.7782794100389228,,10,0.21500536101928483,0.9952788577191063,0.290695004140926,0.9948792844352119,0.18930990000080783,
alpha_tuning,ridge,12,1.7782794100389228,,11,0.20411564688367365,0.9954361248710712,0.35897196441084644,0.9940294292135351,0.21984499999962281,
alpha_tuning,ridge,12,1.7782794100389228,,12,0.2132145174747813,0.9955687860757683,0.29834426648225887,0.9935780693252678,0.121188400000392,
alpha_tuning,ridge,12,1.7782794100389228,,13,0.2152635607189281,0.9957116294705967,0.288349464145804,0.9923889636036903,0.1682528999990609,
alpha_tuning,ridge,12,1.7782794100389228,,14,0.21496524213807797,0.995265448081031,0.2871990447302929,0.9949797870753204,0.14713170000322862,
alpha_tuning,ridge,12,1.7782794100389228,,15,0.2228007674332481,0.9955914551940045,0.23543301098346,0.9935603543128135,0.07459719899998163,
alpha_tuning,ridge,12,2.371373705661655,,1,0.22857377225591485,0.9952564361295546,0.30962115164737164,0.9932665569400961,0.09088279999923543,
alpha_tuning,ridge,12,2.371373705661655,,2,0.2296106546315881,0.995294818525124,0.2912673378924812,0.9933285274498489,0.09296349899886991,
alpha_tuning,ridge,12,2.371373705661655,,3,0.23015355096606427,0.9951757335520375,0.3245522481839565,0.9932119854997582,0.08857459900173126,
alpha_tuning,ridge,12,2.371373705661655,,4,0.23860286833407232,0.9949719189088307,0.25192821244364894,0.9948804524530541,0.059921600000961917,
alpha_tuning,ridge,12,2.371373705661655,,5,0.22695411531436116,0.995152088532058,0.30122886138375904,0.9941268547853438,0.1521390989983047,
alpha_tuning,ridge,12,2.371373705661655,,6,0.23360709534216725,0.9953662139772407,0.27223264422545573,0.9927102957652353,0.1360558989981655,
alpha_tuning,ridge,12,2.371373705661655,,7,0.22547449001135994,0.9951526003783707,0.31767422813605206,0.9939852000429803,0.17258549899997888,
alpha_tuning,ridge,12,2.371373705661655,,8,0.22820130412674228,0.9952081880043236,0.3055811750500436,0.9936815070943897,0.16950669899961213,
alpha_tuning,ridge,12,2.371373705661655,,9,0.23351945157189277,0.9952237247943152,0.3081080570115417,0.9928370308106148,0.03573289999985718,
alpha_tuning,ridge,12,2.371373705661655,,10,0.2309602306944474,0.9949285166417839,0.30912344411882864,0.9945546596632503,0.11483469899758347,
alpha_tuning,ridge,12,2.371373705661655,,11,0.21937560540713796,0.9950949234676657,0.3824958103854385,0.9936381708382698,0.10779359899970586,
alpha_tuning,ridge,12,2.371373705661655,,12,0.22889769868915344,0.995242844241242,0.31751376936868253,0.9931654412561677,0.0440734000003431,
alpha_tuning,ridge,12,2.371373705661655,,13,0.23051755864739618,0.9954077471276978,0.3081789582886666,0.9918655605098478,0.1407314989992301,
alpha_tuning,ridge,12,2.371373705661655,,14,0.23075498581049506,0.9949176832030409,0.30289939822556894,0.9947053463381897,0.20323129900134518,
alpha_tuning,ridge,12,2.371373705661655,,15,0.23867436372814216,0.9952773653400757,0.24753070906003727,0.9932294538629646,0.04127479999806383,
alpha_tuning,ridge,12,3.1622776601683795,,1,0.24834065679691264,0.9948462163636798,0.3337176548346932,0.9927425215785217,0.15678339900114224,
alpha_tuning,ridge,12,3.1622776601683795,,2,0.24909279133774886,0.9948955905848182,0.31117556646115113,0.9928725298725749,0.16618759799894178,
alpha_tuning,ridge,12,3.1622776601683795,,3,0.2496362623748035,0.9947673549258116,0.3551947507521051,0.9925710971592209,0.149688598998182,
alpha_tuning,ridge,12,3.1622776601683795,,4,0.2581189306199833,0.994560656695434,0.27177131435200097,0.9944772117730473,0.05141529899992747,
alpha_tuning,ridge,12,3.1622776601683795,,5,0.2475361605213361,0.994712440487543,0.32456167210532577,0.9936719283051774,0.1921092980010144,
alpha_tuning,ridge,12,3.1622776601683795,,6,0.25340364179804575,0.9949735334375859,0.2934267782382265,0.9921427702618019,0.031247999002516735,
alpha_tuning,ridge,12,3.1622776601683795,,7,0.24587513955822957,0.9947140137298789,0.34422145594684506,0.9934825584984261,0.22135149799942155,
alpha_tuning,ridge,12,3.1622776601683795,,8,0.24817048026326802,0.9947888716550111,0.32785578529048265,0.9932209356381919,0.039832898997701705,
alpha_tuning,ridge,12,3.1622776601683795,,9,0.25199772938428383,0.9948457805178749,0.33587332173287604,0.9921915373507454,0.15127570199911133,
alpha_tuning,ridge,12,3.1622776601683795,,10,0.25106057671189247,0.9944871481429072,0.333667349255124,0.994122308383518,0.10283490100118797,
alpha_tuning,ridge,12,3.1622776601683795,,11,0.23863883401338298,0.9946642119015455,0.41278182123599755,0.993134441328586,0.14401260199883836,
alpha_tuning,ridge,12,3.1622776601683795,,12,0.24867620307593255,0.9948317897545346,0.34224464520268294,0.9926331033232019,0.1870741029997589,
alpha_tuning,ridge,12,3.1622776601683795,,13,0.24975794733520967,0.9950244499474992,0.33290116863756253,0.9912130132844869,0.19166020300326636,
alpha_tuning,ridge,12,3.1622776601683795,,14,0.25069442123672675,0.9944785224749089,0.3246644363347593,0.9943248954710062,0.15232130200092797,
alpha_tuning,ridge,12,3.1622776601683795,,15,0.25878298591300347,0.9948794772945807,0.26329145771909723,0.9927983603782183,0.14412100199842826,
alpha_tuning,ridge,12,4.216965034285822,,1,0.27343836083878764,0.9943253667449804,0.36620517827964216,0.9920360036674877,0.20820010299939895,
alpha_tuning,ridge,12,4.216965034285822,,2,0.27381570224808915,0.9943889687008861,0.33636525315788046,0.9922955606024875,0.1595730020017072,
alpha_tuning,ridge,12,4.216965034285822,,3,0.2743372962495226,0.9942495946372929,0.3942362329846895,0.9917545440495487,0.08108710200031055,
alpha_tuning,ridge,12,4.216965034285822,,4,0.28265712030384954,0.9940435631314614,0.2964759920942047,0.9939751768040123,0.15550780200283043,
alpha_tuning,ridge,12,4.216965034285822,,5,0.27369648381441214,0.9941536362062375,0.3568299875788167,0.9930427837347084,0.1571639019966824,
alpha_tuning,ridge,12,4.216965034285822,,6,0.2784271831345394,0.994477171219156,0.3205492682063755,0.9914164983242805,0.06447230000048876,
alpha_tuning,ridge,12,4.216965034285822,,7,0.2715434126253313,0.9941621802291264,0.3797130541969909,0.9928105654794075,0.17730350300189457,
alpha_tuning,ridge,12,4.216965034285822,,8,0.27353281498244114,0.9942563087925386,0.35702212914801423,0.9926178640101172,0.1222013020014856,
alpha_tuning,ridge,12,4.216965034285822,,9,0.2756549685813082,0.9943619086851384,0.3700402101166755,0.9913972174255733,0.12711390200274764,
alpha_tuning,ridge,12,4.216965034285822,,10,0.27649661504997264,0.9939286171579724,0.36598002406212343,0.9935531069370979,0.13656350200108136,
alpha_tuning,ridge,12,4.216965034285822,,11,0.2630510489906864,0.9941183728025935,0.4515013496242468,0.9924904420529322,0.13925160200233222,
alpha_tuning,ridge,12,4.216965034285822,,12,0.27372823556887943,0.9943111361117722,0.37404273060647625,0.9919486420380559,0.16378490299757686,
alpha_tuning,ridge,12,4.216965034285822,,13,0.2741795072665755,0.9945379361244352,0.3636826915926227,0.9904005294040716,0.17514360299901455,
alpha_tuning,ridge,12,4.216965034285822,,14,0.27592271077474595,0.993922876150617,0.3539338951019342,0.9938132680199493,0.1620807019971835,
alpha_tuning,ridge,12,4.216965034285822,,15,0.28441300538293857,0.9943723377074355,0.28409037165584267,0.9922294612426578,0.1559996020005201,
alpha_tuning,ridge,12,5.623413251903491,,1,0.3052760082365583,0.9936646438963985,0.4087804555507442,0.9911101037290007,0.05733880100160604,
alpha_tuning,ridge,12,5.623413251903491,,2,0.30544337310109343,0.9937408544780083,0.36852805012854795,0.991558872381012,0.14442990200041095,
alpha_tuning,ridge,12,5.623413251903491,,3,0.3056533349225156,0.9935931767196936,0.4433517451336181,0.9907272924728941,0.060742600999219576,
alpha_tuning,ridge,12,5.623413251903491,,4,0.3137049479025849,0.9933892918900422,0.32682914494681214,0.9933583566086028,0.1482844020029006,
alpha_tuning,ridge,12,5.623413251903491,,5,0.3069423631551842,0.9934434790914626,0.4008924252261214,0.9921836857929456,0.04263850099960109,
alpha_tuning,ridge,12,5.623413251903491,,6,0.31018537691041653,0.9938472217126515,0.3549724996387515,0.9904947309269104,0.14435550200141734,
alpha_tuning,ridge,12,5.623413251903491,,7,0.30392966423784773,0.9934659191851184,0.4264174246472677,0.9919262713803072,0.15435320200049318,
alpha_tuning,ridge,12,5.623413251903491,,8,0.3057682988621327,0.9935794223087727,0.39500527750100944,0.9918324875766317,0.05065250100233243,
alpha_tuning,ridge,12,5.623413251903491,,9,0.3060644076963567,0.9937399311621256,0.4123109336507774,0.9904144976186828,0.04409769999983837,
alpha_tuning,ridge,12,5.623413251903491,,10,0.3087822632534809,0.9932196807013324,0.40814158032413195,0.9928104132742859,0.15062350100197364,
alpha_tuning,ridge,12,5.623413251903491,,11,0.2940842222916541,0.993424493964972,0.500674330949887,0.9916725766068991,0.04956139999922016,
alpha_tuning,ridge,12,5.623413251903491,,12,0.30553751273834956,0.9936500473942567,0.4147610483767369,0.9910721706481561,0.04898640000101295,
alpha_tuning,ridge,12,5.623413251903491,,13,0.30530860004836724,0.9939177982634491,0.4020578869047594,0.9893876091647316,0.1408841009979369,
alpha_tuning,ridge,12,5.623413251903491,,14,0.3078886346853489,0.993218835232712,0.39227118106238457,0.9931431357823699,0.13902690099712345,
alpha_tuning,ridge,12,5.623413251903491,,15,0.31718551010200924,0.9937238702128071,0.3118916927457208,0.9914690298286148,0.1685171019998961,
alpha_tuning,ridge,12,7.498942093324558,,1,0.34566376885642186,0.992826481581476,0.46293630065151786,0.9899323569975295,0.15064140200047405,
alpha_tuning,ridge,12,7.498942093324558,,2,0.3461161802449855,0.9929073873246146,0.41019358445046644,0.990604524150526,0.035311399999045534,
alpha_tuning,ridge,12,7.498942093324558,,3,0.3453779300171174,0.9927605063982088,0.5043429361249514,0.9894516609184902,0.1464245019997179,
alpha_tuning,ridge,12,7.498942093324558,,4,0.3532636670541963,0.9925556705293862,0.36392887466617396,0.9926044361626362,0.1548639020002156,
alpha_tuning,ridge,12,7.498942093324558,,5,0.3491521223550841,0.9925418467266965,0.4602261829722309,0.9910268385580115,0.08162910100145382,
alpha_tuning,ridge,12,7.498942093324558,,6,0.3506209373082521,0.9930451496081228,0.39846170543968557,0.9893301995805849,0.06297290099973907,
alpha_tuning,ridge,12,7.498942093324558,,7,0.3449374770330177,0.9925843061200788,0.4872270195651753,0.9907749109094101,0.03849790000094799,
alpha_tuning,ridge,12,7.498942093324558,,8,0.3467505827470508,0.9927188689465496,0.4441653907280472,0.990816005371492,0.15689310100060538,
alpha_tuning,ridge,12,7.498942093324558,,9,0.3452598615749528,0.9929382494466379,0.46480451231693354,0.9891941144509289,0.05958620000092196,
alpha_tuning,ridge,12,7.498942093324558,,10,0.34985620581408666,0.9923177686469232,0.46279100136299833,0.9918477405866442,0.16789290200176765,
alpha_tuning,ridge,12,7.498942093324558,,11,0.3336537475229655,0.9925397486021159,0.562755036392531,0.9906400245330141,0.07317160100137698,
alpha_tuning,ridge,12,7.498942093324558,,12,0.34600938375575524,0.9928089249392004,0.4666886709467724,0.9899544163296958,0.14483080200079712,
alpha_tuning,ridge,12,7.498942093324558,,13,0.3451126841054449,0.9931248416643378,0.4500565103782794,0.9881206767939296,0.14549680100026308,
alpha_tuning,ridge,12,7.498942093324558,,14,0.3484913105650574,0.9923245721644618,0.44153387853504017,0.992282028354979,0.15961611000238918,
alpha_tuning,ridge,12,7.498942093324558,,15,0.35914271597956543,0.9928936656126321,0.34939742142146146,0.9904431600794976,0.19082221699864022,
alpha_tuning,ridge,12,10.0,,1,0.39699269978191076,0.991761258481539,0.5299781710420259,0.9884743732179908,0.05198770499919192,
alpha_tuning,ridge,12,10.0,,2,0.39854542878638627,0.9918330071771668,0.46493853230353127,0.9893505922146493,0.1364649120005197,
alpha_tuning,ridge,12,10.0,,3,0.39587150989798586,0.9917021065506535,0.5791994827527387,0.9878860352702604,0.1368971119991329,
alpha_tuning,ridge,12,10.0,,4,0.4040388519446737,0.9914856844523916,0.4094677976184535,0.9916790190407128,0.1489356130005035,
alpha_tuning,ridge,12,10.0,,5,0.4027024079872041,0.9913979721445242,0.5389798833165439,0.9894913551511795,0.07328760600285023,
alpha_tuning,ridge,12,10.0,,6,0.402269393886636,0.9920206606222919,0.45332329566593627,0.9878611444357249,0.08126660700145294,
alpha_tuning,ridge,12,10.0,,7,0.39709610701976095,0.9914629654165265,0.5659258943491523,0.9892848372844717,0.1608891140022024,
alpha_tuning,ridge,12,10.0,,8,0.39888327731778617,0.9916241772568288,0.507378071090011,0.9895089586519215,0.13726231200053007,
alpha_tuning,ridge,12,10.0,,9,0.3958792869156014,0.9919029082596271,0.5301451041556647,0.987675060873763,0.11988000999917858,
alpha_tuning,ridge,12,10.0,,10,0.4022073025840088,0.9911682299784922,0.5332481552682876,0.9906066079922959,0.07044100599887315,
alpha_tuning,ridge,12,10.0,,11,0.3842706748409096,0.9914079914868918,0.6407274185772585,0.9893431554920369,0.12283030999969924,
alpha_tuning,ridge,12,10.0,,12,0.39762781446710577,0.9917361447569495,0.5326890118893902,0.9885337434304317,0.047062003999599256,
alpha_tuning,ridge,12,10.0,,13,0.39614409404215695,0.9921082200228689,0.5103526212982955,0.986529150011913,0.07840910600134521,
alpha_tuning,ridge,12,10.0,,14,0.4002676055001021,0.991184213127328,0.5042051892567726,0.9911865395994809,0.18858301599902916,
alpha_tuning,ridge,12,10.0,,15,0.41286138916728893,0.9918307375967417,0.4001502333984601,0.9890549514956842,0.07113980599751812,
alpha_tuning,ridge,13,0.001,,1,0.11435581589084463,0.9976267875737389,0.4999184370157579,0.9891280931153066,0.14713861199925304,
alpha_tuning,ridge,13,0.001,,2,0.1119058017555308,0.9977068263395873,0.3610771285720486,0.9917295355902725,0.08892570699754287,
alpha_tuning,ridge,13,0.001,,3,0.1183765367632941,0.9975187002236721,0.2518785169511032,0.9947319575355571,0.17116291400088812,
alpha_tuning,ridge,13,0.001,,4,0.11900227759002681,0.9974922635845319,0.2834764956995138,0.99423934547029,0.15709691300071427,
alpha_tuning,ridge,13,0.001,,5,0.10548370878545993,0.997746788240461,0.32898526741413703,0.9935856802029863,0.15917671299757785,
alpha_tuning,ridge,13,0.001,,6,0.11478430052514246,0.9977231603919112,0.3628303448522024,0.9902843176324593,0.15069161299834377,
alpha_tuning,ridge,13,0.001,,7,0.1078836086227783,0.9976806468723282,0.31158164250502607,0.9941005562177844,0.17892381500132615,
alpha_tuning,ridge,13,0.001,,8,0.11041515003556636,0.9976814828360885,0.3431385438279618,0.992904934492567,0.13805481199960923,
alpha_tuning,ridge,13,0.001,,9,0.12097380111505457,0.9975256700762446,0.24568490173171972,0.9942882591306741,0.1622717130012461,
alpha_tuning,ridge,13,0.001,,10,0.11510679523235368,0.9974724557787148,0.2679214291589269,0.9952804505998002,0.1676365139974223,
alpha_tuning,ridge,13,0.001,,11,0.10607749043490063,0.9976281856500157,0.3624673335888151,0.9939712927818053,0.18227891500282567,
alpha_tuning,ridge,13,0.001,,12,0.11552811062878895,0.9975989919517604,0.3117105938233954,0.9932903559779571,0.2686106219989597,
alpha_tuning,ridge,13,0.001,,13,0.11300029045933528,0.9977488660235786,0.32691576291619545,0.9913709991539142,0.1647851140005514,
alpha_tuning,ridge,13,0.001,,14,0.11429033044648419,0.997482786063677,0.33562450275211064,0.9941333145166358,0.23763571900053648,
alpha_tuning,ridge,13,0.001,,15,0.11821511589234968,0.9976608849190184,0.3319722297664475,0.9909197799885786,0.16140961299970513,
alpha_tuning,ridge,13,0.001333521432163324,,1,0.11638666117550223,0.9975846416869921,0.47444054269568975,0.9896821700889813,0.12794731100075296,
alpha_tuning,ridge,13,0.001333521432163324,,2,0.11415607014966421,0.9976607138402411,0.3454473859805182,0.9920875345317942,0.17731431399806752,
alpha_tuning,ridge,13,0.001333521432163324,,3,0.12070356820275874,0.9974699231370286,0.24907834711245563,0.9947905231242234,0.13524301099823788,
alpha_tuning,ridge,13,0.001333521432163324,,4,0.12123736282980163,0.9974451636066074,0.2760730580639715,0.9943897940866572,0.30272862399942824,
alpha_tuning,ridge,13,0.001333521432163324,,5,0.1077498271831735,0.997698382238425,0.32459021778502134,0.9936713717419008,0.10704320800141431,
alpha_tuning,ridge,13,0.001333521432163324,,6,0.11679853431875963,0.9976832064325258,0.3525018058151907,0.9905608898817987,0.13280120999843348,
alpha_tuning,ridge,13,0.001333521432163324,,7,0.11010011157026792,0.9976329950268867,0.3031296531067628,0.9942605850176266,0.1818225139977585,
alpha_tuning,ridge,13,0.001333521432163324,,8,0.11239605537942503,0.9976398874296761,0.33592105763587,0.9930541702407888,0.09755910800231504,
alpha_tuning,ridge,13,0.001333521432163324,,9,0.12330459186609444,0.9974779973963077,0.23977543272387558,0.9944256438678322,0.18209451399889076,
alpha_tuning,ridge,13,0.001333521432163324,,10,0.117531954475866,0.9974192035165936,0.2651917152635623,0.9953285356657019,0.16685311300170724,
alpha_tuning,ridge,13,0.001333521432163324,,11,0.1081944711213441,0.9975808515252155,0.3539719519120294,0.9941125914978277,0.15089871199961635,
alpha_tuning,ridge,13,0.001333521432163324,,12,0.11750991502292456,0.9975578043284672,0.3028379569954056,0.993481341577524,0.1522887119972438,
alpha_tuning,ridge,13,0.001333521432163324,,13,0.11524769061754654,0.99770409446738,0.3180909857382887,0.9916039307478374,0.12024010999812162,
alpha_tuning,ridge,13,0.001333521432163324,,14,0.11637706517030372,0.9974368262899351,0.3346543230641882,0.9941502731684765,0.16817171200091252,
alpha_tuning,ridge,13,0.001333521432163324,,15,0.12047042516741065,0.9976162592558978,0.3206163541426902,0.9912303898524175,0.16035151200048858,
alpha_tuning,ridge,13,0.0017782794100389228,,1,0.11840091413173276,0.997542840138832,0.4507899243636707,0.9901965086314964,0.1479341110025416,
alpha_tuning,ridge,13,0.0017782794100389228,,2,0.11641259366611038,0.9976144731609302,0.3314649882006069,0.9924078010733465,0.19573981500070659,
alpha_tuning,ridge,13,0.0017782794100389228,,3,0.12295334918261501,0.9974227653032658,0.24785381432532425,0.9948161342434241,0.23389411699827178,
alpha_tuning,ridge,13,0.0017782794100389228,,4,0.1234560091968179,0.9973984100452447,0.26879052318289715,0.9945377857832771,0.1561968109999725,
alpha_tuning,ridge,13,0.0017782794100389228,,5,0.10995397145913063,0.9976513000504788,0.3196458472712602,0.9937677735471229,0.14955261099748896,
alpha_tuning,ridge,13,0.0017782794100389228,,6,0.1187952169512669,0.9976436006146424,0.34191336675931877,0.9908444215987415,0.07317560600131401,
alpha_tuning,ridge,13,0.0017782794100389228,,7,0.11228479385631417,0.9975860272830581,0.29813125166615323,0.9943552240601027,0.16298351200020988,
alpha_tuning,ridge,13,0.0017782794100389228,,8,0.1143580016873387,0.9975986901285077,0.3290251467441042,0.9931967567860502,0.19054681399939,
alpha_tuning,ridge,13,0.0017782794100389228,,9,0.12560320436232034,0.9974309828722528,0.23495016708389613,0.9945378227879325,0.16637871200146037,
alpha_tuning,ridge,13,0.0017782794100389228,,10,0.1198760279547496,0.99736773175627,0.26298974015845755,0.9953673243893929,0.19560281400117674,
alpha_tuning,ridge,13,0.0017782794100389228,,11,0.11034204672999498,0.9975328333205483,0.3455551231740217,0.9942525836887507,0.0874296059992048,
alpha_tuning,ridge,13,0.0017782794100389228,,12,0.11949028211763657,0.9975166465764101,0.29503130702432756,0.9936493815586749,0.16458541199972387,
alpha_tuning,ridge,13,0.0017782794100389228,,13,0.11746007584461504,0.9976600204607261,0.30976937820592376,0.9918235810877202,0.15087201099959202,
alpha_tuning,ridge,13,0.0017782794100389228,,14,0.11842888508917239,0.9973916355054268,0.33233383656173876,0.994190835059419,0.1723943130018597,
alpha_tuning,ridge,13,0.0017782794100389228,,15,0.12267440788608587,0.997572649188128,0.3098842205980502,0.99152393890574,0.1586854109991691,
alpha_tuning,ridge,13,0.0023713737056616554,,1,0.1204002921953731,0.9975013472875199,0.42897406076870437,0.9906709460997952,0.15746461100206943,
alpha_tuning,ridge,13,0.0023713737056616554,,2,0.11866038538164336,0.9975684114136812,0.3190615984844837,0.9926919004667721,0.1545324110011279,
alpha_tuning,ridge,13,0.0023713737056616554,,3,0.12512264526401096,0.9973772945197075,0.24759380568668235,0.9948215723274897,0.17116841199822375,
alpha_tuning,ridge,13,0.0023713737056616554,,4,0.12565497941394008,0.9973520711196233,0.2616632413230887,0.9946826225127876,0.1544005109972204,
alpha_tuning,ridge,13,0.0023713737056616554,,5,0.11210086161969737,0.9976054408537182,0.3141969065136381,0.9938740131026176,0.2931326200014155,
alpha_tuning,ridge,13,0.0023713737056616554,,6,0.12078187655936894,0.9976041936115695,0.3312139607333052,0.9911309247315279,0.19369351400018786,
alpha_tuning,ridge,13,0.0023713737056616554,,7,0.11442835150465502,0.9975399436638736,0.2957107020252072,0.9944010544126678,0.0685252049988776,
alpha_tuning,ridge,13,0.0023713737056616554,,8,0.11631224840124794,0.9975576545047979,0.32238050205137214,0.9933341479075566,0.16972311100107618,
alpha_tuning,ridge,13,0.0023713737056616554,,9,0.12786629187687226,0.9973846949561443,0.2309425662368962,0.9946309924429841,0.04427490300076897,
alpha_tuning,ridge,13,0.0023713737056616554,,10,0.12212542939913891,0.9973183388285055,0.26112518083756514,0.9954001693911988,0.20630321399949025,
alpha_tuning,ridge,13,0.0023713737056616554,,11,0.11250673995001023,0.9974844323787322,0.33744353700927116,0.9943874989584338,0.21306151499811676,
alpha_tuning,ridge,13,0.0023713737056616554,,12,0.1214701658394881,0.9974754988702383,0.28822542490170916,0.9937958797759431,0.16762711200135527,
alpha_tuning,ridge,13,0.0023713737056616554,,13,0.11964004077346553,0.9976165923146675,0.3019564879683614,0.9920298037423542,0.14001040999937686,
alpha_tuning,ridge,13,0.0023713737056616554,,14,0.12045500244237811,0.9973470108130473,0.3285561286505069,0.9942568690467515,0.14715970999895944,
alpha_tuning,ridge,13,0.0023713737056616554,,15,0.12484056767396283,0.997529787520317,0.29962478604070936,0.9918045585317822,0.172748111999681,
alpha_tuning,ridge,13,0.0031622776601683794,,1,0.1223910747708307,0.9974600328173353,0.4088412581733429,0.9911087814323972,0.1574322110027424,
alpha_tuning,ridge,13,0.0031622776601683794,,2,0.12089029345840689,0.9975227161379533,0.30819150475305157,0.9929408797463286,0.1529453100010869,
alpha_tuning,ridge,13,0.0031622776601683794,,3,0.12721819852167443,0.9973333694652018,0.24769511012217543,0.9948194535439011,0.1791975119995186,
alpha_tuning,ridge,13,0.0031622776601683794,,4,0.1278354315232018,0.9973061224263099,0.2547585050142557,0.9948229367931507,0.1452276099989831,
alpha_tuning,ridge,13,0.0031622776601683794,,5,0.11420389182425929,0.9975605185387736,0.30838570232232315,0.9939873158118295,0.10710380700038513,
alpha_tuning,ridge,13,0.0031622776601683794,,6,0.12276762294177819,0.9975648047230682,0.32054109454648944,0.9914167171942961,0.1621193110004242,
alpha_tuning,ridge,13,0.0031622776601683794,,7,0.11653046425492977,0.9974947510545021,0.29511276191910873,0.9944123757280466,0.1719406109987176,
alpha_tuning,ridge,13,0.0031622776601683794,,8,0.11826993844079539,0.9975165465775175,0.315942669219357,0.9934672627863442,0.14822051000010106,
alpha_tuning,ridge,13,0.0031622776601683794,,9,0.1300964591010557,0.9973390803730949,0.22755635694107157,0.9947097158398667,0.17575461200249265,
alpha_tuning,ridge,13,0.0031622776601683794,,10,0.12427836189148922,0.9972710641904715,0.2594945509575954,0.9954288936268678,0.1658485110019683,
alpha_tuning,ridge,13,0.0031622776601683794,,11,0.11467738754895368,0.9974358983014003,0.329830352994971,0.9945141245965734,0.09844330600026296,
alpha_tuning,ridge,13,0.0031622776601683794,,12,0.12345214667387308,0.9974343075800067,0.2823495755672996,0.9939223588181774,0.25916840600257274,
alpha_tuning,ridge,13,0.0031622776601683794,,13,0.12179574753305206,0.9975736474274466,0.29467664674469873,0.9922219564716016,0.1172893019975163,
alpha_tuning,ridge,13,0.0031622776601683794,,14,0.12247078968781282,0.9973026136385266,0.3234902870700982,0.9943454194923153,0.17024280300029204,
alpha_tuning,ridge,13,0.0031622776601683794,,15,0.12698560692962624,0.9974873437631515,0.28975042832417935,0.9920746454020022,0.1598553020012332,
alpha_tuning,ridge,13,0.004216965034285823,,1,0.12438389137921492,0.9974186761351111,0.39013057917551847,0.9915156893292695,0.23036200299975462,
alpha_tuning,ridge,13,0.004216965034285823,,2,0.12309796280132784,0.9974774765783534,0.298802187684312,0.9931559418660363,0.18608420199961984,
alpha_tuning,ridge,13,0.004216965034285823,,3,0.1292549111894549,0.9972906777728682,0.24765391274561338,0.9948203151875689,0.19246260300133144,
alpha_tuning,ridge,13,0.004216965034285823,,4,0.13000221349087332,0.9972604618040534,0.24815079809272533,0.9949572150045226,0.14932750199659495,
alpha_tuning,ridge,13,0.004216965034285823,,5,0.1162831376482269,0.9975161042761781,0.3024055153713495,0.9941039132262091,0.17179090199715574,
alpha_tuning,ridge,13,0.004216965034285823,,6,0.12476261325531877,0.9975252324737027,0.31003402321861445,0.9916980700885153,0.1751857019989984,
alpha_tuning,ridge,13,0.004216965034285823,,7,0.11859853902289913,0.9974502902161729,0.2956868757887656,0.9944015055353377,0.1830343020010332,
alpha_tuning,ridge,13,0.004216965034285823,,8,0.12024145608860724,0.9974751482956339,0.3096781755416944,0.9935967935365715,0.1740236020013981,
alpha_tuning,ridge,13,0.004216965034285823,,9,0.13230080923676432,0.9972939938382176,0.2246382781584181,0.9947775560275433,0.10183510199931334,
alpha_tuning,ridge,13,0.004216965034285823,,10,0.12634435367499158,0.9972256986185861,0.2580486189773933,0.99545436433084,0.1900992020018748,
alpha_tuning,ridge,13,0.004216965034285823,,11,0.1168466498237567,0.9973873951988933,0.32285469379931797,0.9946301466571771,0.1641450019997137,
alpha_tuning,ridge,13,0.004216965034285823,,12,0.12544047491324709,0.9973929843723537,0.2773268647558735,0.9940304738525654,0.16884910200315062,
alpha_tuning,ridge,13,0.004216965034285823,,13,0.12393927022805531,0.997530945264927,0.2879457561564658,0.9923996195492785,0.16650430200024857,
alpha_tuning,ridge,13,0.004216965034285823,,14,0.12449496188417715,0.9972580317877059,0.31745597249159574,0.9944508987569383,0.27412670299963793,
alpha_tuning,ridge,13,0.004216965034285823,,15,0.12912600526558343,0.997444991835573,0.28022721225581404,0.9923351277236044,0.19250060199919972,
alpha_tuning,ridge,13,0.005623413251903491,,1,0.1263923279038902,0.9973769952946521,0.37256398079564945,0.9918977164915538,0.1593464010002208,
alpha_tuning,ridge,13,0.005623413251903491,,2,0.1252822426457971,0.9974327163163498,0.29080397092777965,0.9933391408609097,0.24053430300045875,
alpha_tuning,ridge,13,0.005623413251903491,,3,0.13125280947837553,0.997248799671743,0.24712276544740022,0.9948314241402327,0.18529830199986463,
alpha_tuning,ridge,13,0.005623413251903491,,4,0.13216261546192667,0.9972149356275417,0.24190192309357209,0.995084201229538,0.15684470199994394,
alpha_tuning,ridge,13,0.005623413251903491,,5,0.11836224736515319,0.9974716929209321,0.2964572886847666,0.9942198875021783,0.36367670300023747,
alpha_tuning,ridge,13,0.005623413251903491,,6,0.12677742707231915,0.9974852670090836,0.29983803613007537,0.9919710929306818,0.24143810199893778,
alpha_tuning,ridge,13,0.005623413251903491,,7,0.1206451858846247,0.9974062900491357,0.296871865330317,0.9943790691070337,0.19759620200056816,
alpha_tuning,ridge,13,0.005623413251903491,,8,0.12223626096916665,0.9974332610242518,0.30355924036596593,0.9937233145779655,0.2687601020006696,
alpha_tuning,ridge,13,0.005623413251903491,,9,0.13448920126681588,0.9972492337014363,0.22205644295110652,0.994837579144827,0.1897798009995313,
alpha_tuning,ridge,13,0.005623413251903491,,10,0.12834161015408893,0.9971818423539583,0.2567594586251176,0.9954770734362163,0.15377320100014913,
alpha_tuning,ridge,13,0.005623413251903491,,11,0.11901156333896155,0.9973389893314393,0.31659957214211587,0.9947341844382155,0.1985415009985445,
alpha_tuning,ridge,13,0.005623413251903491,,12,0.12744014778933455,0.9973514253903605,0.27306708023518733,0.994122166718675,0.16171770200162427,
alpha_tuning,ridge,13,0.005623413251903491,,13,0.1260842105132002,0.9974882148619019,0.2817508779328864,0.9925631344833882,0.21107210099944496,
alpha_tuning,ridge,13,0.005623413251903491,,14,0.12654639421554786,0.9972128495397085,0.31081508191845547,0.9945669809142378,0.21111100200141664,
alpha_tuning,ridge,13,0.005623413251903491,,15,0.13127620992374436,0.9974024458709125,0.2710618419033252,0.9925858221245949,0.18086990099982359,
alpha_tuning,ridge,13,0.007498942093324558,,1,0.12843065732842593,0.997334694090455,0.3559401743384957,0.992259240417237,0.1656366019997222,
alpha_tuning,ridge,13,0.007498942093324558,,2,0.12744410347036492,0.9973884154648961,0.2840535483185908,0.9934937591557895,0.07733899999948335,
alpha_tuning,ridge,13,0.007498942093324558,,3,0.13323383534551336,0.9972072752347605,0.24593036876608376,0.9948563631323615,0.15330360000007204,
alpha_tuning,ridge,13,0.007498942093324558,,4,0.13432569249057058,0.9971693530795094,0.23605055823692847,0.9952031094705307,0.2510424020001665,
alpha_tuning,ridge,13,0.007498942093324558,,5,0.12046512105724343,0.9974267739492121,0.2907158055198887,0.9943318308406085,0.17464710099739023,
alpha_tuning,ridge,13,0.007498942093324558,,6,0.12882240058494027,0.997444703302464,0.2901005495456195,0.9922318382846882,0.16631650099952822,
alpha_tuning,ridge,13,0.007498942093324558,,7,0.12268572110467989,0.9973624212742108,0.29820432426482785,0.9943538405136125,0.1764534009998897,
alpha_tuning,ridge,13,0.007498942093324558,,8,0.12426336701042043,0.9973906954872924,0.2975670012754233,0.9938472159281586,0.1651521009989665,
alpha_tuning,ridge,13,0.007498942093324558,,9,0.1366728357992436,0.9972045708718291,0.21968945258928863,0.9948926074981836,0.20216350100236014,
alpha_tuning,ridge,13,0.007498942093324558,,10,0.1302935005686159,0.9971389822488893,0.25559767681923096,0.9954975387145718,0.20898540100097307,
alpha_tuning,ridge,13,0.007498942093324558,,11,0.12117355513143217,0.997290648791548,0.3111029418577551,0.9948256066757534,0.22526590100096655,
alpha_tuning,ridge,13,0.007498942093324558,,12,0.1294555183521715,0.9973095401650658,0.2694602269799003,0.9941998050853597,0.14887750000343658,
alpha_tuning,ridge,13,0.007498942093324558,,13,0.12824348915633874,0.9974451988174442,0.2760424980702506,0.9927138082050377,0.18211100099870237,
alpha_tuning,ridge,13,0.007498942093324558,,14,0.12864129133944388,0.9971667099912896,0.30390111315957313,0.9946878364531437,0.22393120099877706,
alpha_tuning,ridge,13,0.007498942093324558,,15,0.13344894381763703,0.997359454121678,0.2622885157330177,0.9928257931966161,0.20720439999786322,
alpha_tuning,ridge,13,0.01,,1,0.13051122471164664,0.9972915163270062,0.34019355830452425,0.992601687765833,0.19973340100114,
alpha_tuning,ridge,13,0.01,,2,0.12958655568615562,0.9973445123346484,0.2783568066887044,0.9936242429089082,0.22289440000167815,
alpha_tuning,ridge,13,0.01,,3,0.13521943675768405,0.9971656548894234,0.24406980478669132,0.9948952768522368,0.21381470100095612,
alpha_tuning,ridge,13,0.01,,4,0.13650255996422228,0.9971234799252651,0.2306118043191963,0.9953136328573634,0.21071670000310405,
alpha_tuning,ridge,13,0.01,,5,0.12261330032730505,0.9973808872160983,0.28530844286050566,0.9944372597360369,0.16990660000010394,
alpha_tuning,ridge,13,0.01,,6,0.1309070228561581,0.9974033531305913,0.28096227060285256,0.9924765383679464,0.22430090000125347,
alpha_tuning,ridge,13,0.01,,7,0.12473623204501362,0.9973183380346575,0.29934085134073546,0.9943323216669392,0.21532350100096664,
alpha_tuning,ridge,13,0.01,,8,0.12633216177199022,0.9973472545630916,0.29169816074556904,0.9939685657699674,0.40850850000060746,
alpha_tuning,ridge,13,0.01,,9,0.13886344573761983,0.9971597653712013,0.2174256550857198,0.9949452367994954,0.21173819999967236,
alpha_tuning,ridge,13,0.01,,10,0.13222542242716734,0.9970965606184399,0.2545227399718653,0.9955164741822168,0.2224607999996806,
alpha_tuning,ridge,13,0.01,,11,0.12333805456102333,0.9972422521827427,0.3063716626667393,0.9949042992760706,0.29816699900038657,
alpha_tuning,ridge,13,0.01,,12,0.131489317458643,0.9972672719413707,0.26637748641014986,0.9942661618029214,0.21499450000192155,
alpha_tuning,ridge,13,0.01,,13,0.13042819197233224,0.9974016762856217,0.2707417743936803,0.9928537217677303,0.26057589999982156,
alpha_tuning,ridge,13,0.01,,14,0.1307912329160466,0.9971193581035336,0.2969879150262653,0.9948086785215855,0.2069318989997555,
alpha_tuning,ridge,13,0.01,,15,0.13565668188614674,0.9973157697470367,0.2539584191764662,0.9930536408979227,0.18244310000227415,
alpha_tuning,ridge,13,0.01333521432163324,,1,0.1326422815373444,0.9972472907622597,0.3253978135507659,0.9929234561731213,0.2277862990013091,
alpha_tuning,ridge,13,0.01333521432163324,,2,0.1317154485703825,0.9973008870622196,0.2734883040983548,0.993735755863388,0.19795539999904577,
alpha_tuning,ridge,13,0.01333521432163324,,3,0.13722930045592566,0.9971235259804246,0.2416651436720372,0.9949455703707867,0.19172819899904425,
alpha_tuning,ridge,13,0.01333521432163324,,4,0.13870708553698466,0.997077023931568,0.2255839197083106,0.9954158067825316,0.17561440000281436,
alpha_tuning,ridge,13,0.01333521432163324,,5,0.12482465460003242,0.9973336510171706,0.2803073993564816,0.9945347665107498,0.16677619899928686,
alpha_tuning,ridge,13,0.01333521432163324,,6,0.1330395003987115,0.9973610537106354,0.2725460209797298,0.9927019043254092,0.17632279700046638,
alpha_tuning,ridge,13,0.01333521432163324,,7,0.12681207782996848,0.9972737101298687,0.300068728996754,0.9943185401319377,0.21708319499884965,
alpha_tuning,ridge,13,0.01333521432163324,,8,0.12845307105609338,0.9973027193287809,0.2859691753720332,0.9940870238308512,0.16135959600069327,
alpha_tuning,ridge,13,0.01333521432163324,,9,0.14107308774059205,0.9971145705994545,0.21517033496962404,0.9949976690164926,0.14423329700002796,
alpha_tuning,ridge,13,0.01333521432163324,,10,0.13416275532581,0.9970540201709991,0.2534837833764279,0.9955347758424916,0.16752319499937585,
alpha_tuning,ridge,13,0.01333521432163324,,11,0.12551362663201224,0.9971936079978525,0.30238969162111984,0.9949705290721399,0.3198020909985644,
alpha_tuning,ridge,13,0.01333521432163324,,12,0.1335428531922494,0.997224593533519,0.2636819137710427,0.9943241846394959,0.21388959400064778,
alpha_tuning,ridge,13,0.01333521432163324,,13,0.13264791559385777,0.9973574560872278,0.26576136915833015,0.9929851804670795,0.17243619600048987,
alpha_tuning,ridge,13,0.01333521432163324,,14,0.13300237730082956,0.9970706582403094,0.29028784094663374,0.994925795201143,0.06379699800163507,
alpha_tuning,ridge,13,0.01333521432163324,,15,0.13791264392302882,0.9972711311677589,0.24613217018336062,0.993267707185249,0.14584209499662393,
alpha_tuning,ridge,13,0.01778279410038923,,1,0.13482732840234404,0.9972019447487528,0.31171796529437024,0.9932209567760758,0.18256359500082908,
alpha_tuning,ridge,13,0.01778279410038923,,2,0.13384068222893006,0.9972573367746425,0.26922026720704717,0.9938335151630383,0.2513130929983163,
alpha_tuning,ridge,13,0.01778279410038923,,3,0.13928095011521388,0.9970805211926526,0.23892730962613257,0.9950028322055354,0.19132629399973666,
alpha_tuning,ridge,13,0.01778279410038923,,4,0.14095602809195068,0.9970296319382752,0.22095774617359423,0.9955098173545976,0.1832047940006305,
alpha_tuning,ridge,13,0.01778279410038923,,5,0.12711355106198433,0.9972847584584635,0.27573475275454434,0.9946239207086082,0.18435989399949904,
alpha_tuning,ridge,13,0.01778279410038923,,6,0.13522674266847418,0.9973176679879409,0.26494457731017723,0.9929054518326008,0.1141948959993897,
alpha_tuning,ridge,13,0.01778279410038923,,7,0.12892678238334393,0.9972282468135911,0.3002894098213546,0.9943143617916861,0.15716779599824804,
alpha_tuning,ridge,13,0.01778279410038923,,8,0.130637887492034,0.9972568421606106,0.2804152827415683,0.9942018615042726,0.10734539600161952,
alpha_tuning,ridge,13,0.01778279410038923,,9,0.14331437738129152,0.9970687285247684,0.21285904035615402,0.9950514025418813,0.13953879600012442,
alpha_tuning,ridge,13,0.01778279410038923,,10,0.13613004490807,0.9970108219270969,0.25242661099886915,0.9955533983814803,0.16815209499691264,
alpha_tuning,ridge,13,0.01778279410038923,,11,0.12771077508756032,0.9971444813809374,0.29911906757535844,0.9950249274494983,0.15456729500147048,
alpha_tuning,ridge,13,0.01778279410038923,,12,0.1356175657065527,0.9971814750109577,0.2612458404504103,0.9943766216920598,0.19689379400006146,
alpha_tuning,ridge,13,0.01778279410038923,,13,0.13491238552386534,0.9973123444757681,0.2610340802124007,0.9931099581160684,0.16551779500150587,
alpha_tuning,ridge,13,0.01778279410038923,,14,0.13527596423135885,0.9970205830967288,0.28396543084775644,0.9950363103490025,0.16991169399989303,
alpha_tuning,ridge,13,0.01778279410038923,,15,0.14023036288125879,0.9972252706081532,0.23887306659052862,0.993466260714124,0.17137399400235154,
alpha_tuning,ridge,13,0.023713737056616554,,1,0.13706683602394104,0.9971554685177463,0.29933700702904376,0.9934902099490682,0.13695079600074678,
alpha_tuning,ridge,13,0.023713737056616554,,2,0.1359773723333839,0.9972135517215788,0.26535297917666384,0.9939220953180428,0.20603789300002973,
alpha_tuning,ridge,13,0.023713737056616554,,3,0.14138980062645692,0.9970363174133824,0.23610847524585682,0.9950617881633331,0.17445629500070936,
alpha_tuning,ridge,13,0.023713737056616554,,4,0.14326822127054137,0.996980907063836,0.21672505069092043,0.9955958318805815,0.1737353950011311,
alpha_tuning,ridge,13,0.023713737056616554,,5,0.12949234542397758,0.9972339456126537,0.271578080445409,0.9947049645367764,0.15539139500106103,
alpha_tuning,ridge,13,0.023713737056616554,,6,0.13747522319267833,0.9972730675548493,0.2582092443212131,0.9930858070782103,0.16808699399916804,
alpha_tuning,ridge,13,0.023713737056616554,,7,0.13109179909074223,0.9971817018533708,0.29998038868842314,0.9943202127551337,0.19340279300013208,
alpha_tuning,ridge,13,0.023713737056616554,,8,0.1329000671114712,0.9972093405064099,0.275086261162659,0.9943120495256212,0.1716894940000202,
alpha_tuning,ridge,13,0.023713737056616554,,9,0.14560093222848874,0.9970219606210687,0.21047408521357283,0.9951068485447222,0.17466239399800543,
alpha_tuning,ridge,13,0.023713737056616554,,10,0.13815117715386727,0.9969664413923248,0.2513033101633822,0.9955731858012511,0.16926769400015473,
alpha_tuning,ridge,13,0.023713737056616554,,11,0.12994099155656552,0.9970946153876614,0.2964994349308221,0.995068498267527,0.25081659100032994,
alpha_tuning,ridge,13,0.023713737056616554,,12,0.13771748557087032,0.9971378326068064,0.2589683107006678,0.9944256460568814,0.22958029299843474,
alpha_tuning,ridge,13,0.023713737056616554,,13,0.1372335238687047,0.9972661039451394,0.2565392434915513,0.9932286001464228,0.16700589400352328,
alpha_tuning,ridge,13,0.023713737056616554,,14,0.13761018701236527,0.9969691724647718,0.2781534269650747,0.9951379036430803,0.060694793002767256,
alpha_tuning,ridge,13,0.023713737056616554,,15,0.14262243231679356,0.9971779388803181,0.232239295332058,0.9936477099352674,0.16347407799912617,
alpha_tuning,ridge,13,0.03162277660168379,,1,0.13936225872011662,0.9971078318879549,0.28839148273077764,0.9937282462209154,0.11628978400040069,
alpha_tuning,ridge,13,0.03162277660168379,,2,0.13814668983351272,0.9971690980679315,0.26173976737453997,0.9940048558621194,0.07674168900121003,
alpha_tuning,ridge,13,0.03162277660168379,,3,0.14356953340197304,0.9969906278654683,0.23346116229897568,0.9951171567481162,0.15622677899955306,
alpha_tuning,ridge,13,0.03162277660168379,,4,0.14566329175205625,0.9969304357150035,0.21288388734932312,0.995673889904223,0.15252077900004224,
alpha_tuning,ridge,13,0.03162277660168379,,5,0.13197361072247282,0.9971809439101776,0.26781199474342693,0.9947783929862184,0.06162979099826771,
alpha_tuning,ridge,13,0.03162277660168379,,6,0.13979303843508636,0.9972270918114419,0.2523424067727996,0.993242906204375,0.15992357799768797,
alpha_tuning,ridge,13,0.03162277660168379,,7,0.13331770977357094,0.9971338477542168,0.2991540610040781,0.9943358583293732,0.15673467899978277,
alpha_tuning,ridge,13,0.03162277660168379,,8,0.1352553806180753,0.9971598832101086,0.27004304948731345,0.9944163278640593,0.09191218700289028,
alpha_tuning,ridge,13,0.03162277660168379,,9,0.14794775740030322,0.9969739599821293,0.20805836277583928,0.9951630098329385,0.1547264790024201,
alpha_tuning,ridge,13,0.03162277660168379,,10,0.14025011776421178,0.9969203523217379,0.2500816938334591,0.9955947050900787,0.15375747900179704,
alpha_tuning,ridge,13,0.03162277660168379,,11,0.13221670713066047,0.9970437320679959,0.29445320822876275,0.9951025319597956,0.23756426800173358,
alpha_tuning,ridge,13,0.03162277660168379,,12,0.13985191263392852,0.9970934730433297,0.25678619526045937,0.9944726166061952,0.17563307700038422,
alpha_tuning,ridge,13,0.03162277660168379,,13,0.13962692795943796,0.9972184237732916,0.25231608273591055,0.9933400712404089,0.10259768600008101,
alpha_tuning,ridge,13,0.03162277660168379,,14,0.1400033312934861,0.9969164641025461,0.27296127807414916,0.9952286619288314,0.16925187699962407,
alpha_tuning,ridge,13,0.03162277660168379,,15,0.1451000001781799,0.9971289154004951,0.22627618790982285,0.9938108149256568,0.16695687700121198,
alpha_tuning,ridge,13,0.042169650342858224,,1,0.14172097850760113,0.9970588816612777,0.27894020125580055,0.9939337866541715,0.2115427719982108,
alpha_tuning,ridge,13,0.042169650342858224,,2,0.14037620787859645,0.9971234107847327,0.2583019749540575,0.9940835984287674,0.10270668599696364,
alpha_tuning,ridge,13,0.042169650342858224,,3,0.14583290188206238,0.9969431852230584,0.23120542092203059,0.9951643356084112,0.191620473000512,
alpha_tuning,ridge,13,0.042169650342858224,,4,0.14816077668308117,0.9968778061852546,0.20944046543861702,0.9957438652437257,0.16449227799967048,
alpha_tuning,ridge,13,0.042169650342858224,,5,0.1345721171615373,0.9971254378483113,0.2644186185635627,0.9948445546115711,0.13470248100202298,
alpha_tuning,ridge,13,0.042169650342858224,,6,0.1421928484497689,0.9971794896352879,0.24729780776422478,0.9933779878543371,0.1801229750017228,
alpha_tuning,ridge,13,0.042169650342858224,,7,0.13561668746071776,0.9970844228123076,0.29782986293044494,0.9943609305127955,0.18276147399956244,
alpha_tuning,ridge,13,0.042169650342858224,,8,0.13772279151876476,0.9971080720725806,0.26535766763138013,0.9945132073659197,0.10677928499717382,
alpha_tuning,ridge,13,0.042169650342858224,,9,0.15037137211471513,0.9969243887331792,0.20571916882783056,0.9952173919686739,0.13940568099860684,
alpha_tuning,ridge,13,0.042169650342858224,,10,0.14245175655459857,0.9968720081784511,0.24875208798111487,0.9956181266600614,0.16632017699885182,
alpha_tuning,ridge,13,0.042169650342858224,,11,0.13455230880098853,0.9969915097394433,0.29289853992265336,0.9951283898486877,0.11028428400095436,
alpha_tuning,ridge,13,0.042169650342858224,,12,0.14203777765124653,0.997048044450493,0.25467700203703236,0.9945180174876004,0.29863285800092854,
alpha_tuning,ridge,13,0.042169650342858224,,13,0.14211202197753856,0.9971689170016186,0.24845816753198186,0.9934419016118229,0.11748878399885143,
alpha_tuning,ridge,13,0.042169650342858224,,14,0.14245772298440723,0.9968624067825135,0.26847253631350326,0.9953071247225482,0.20293837200006237,
alpha_tuning,ridge,13,0.042169650342858224,,15,0.1476740466164518,0.9970779829051246,0.2210118719806253,0.9939548063278304,0.06595638999715447,
alpha_tuning,ridge,13,0.05623413251903491,,1,0.1441601940573822,0.997008260915774,0.27096967814806006,0.9941071245001748,0.1615498770006525,
alpha_tuning,ridge,13,0.05623413251903491,,2,0.14269961476666967,0.9970757995313877,0.25503153732898715,0.9941585077371728,0.09654978600156028,
alpha_tuning,ridge,13,0.05623413251903491,,3,0.14819306477237584,0.9968937136655018,0.22950630941147931,0.9951998725477967,0.1663701770012267,
alpha_tuning,ridge,13,0.05623413251903491,,4,0.15078011975492625,0.9968226087374502,0.20640758813499674,0.9958054977199352,0.17092027599937865,
alpha_tuning,ridge,13,0.05623413251903491,,5,0.137305636134799,0.9970670478166525,0.261400179418718,0.9949034059823788,0.16921037599968258,
alpha_tuning,ridge,13,0.05623413251903491,,6,0.14469470935319986,0.997129863197066,0.24299065235275194,0.9934933226229947,0.09569868600010523,
alpha_tuning,ridge,13,0.05623413251903491,,7,0.1380051551569655,0.9970330739550312,0.2960253003614278,0.9943950978512235,0.1714702760000364,
alpha_tuning,ridge,13,0.05623413251903491,,8,0.14032480420118687,0.9970534345426495,0.2611152180586832,0.9946009283700789,0.17708067599960486,
alpha_tuning,ridge,13,0.05623413251903491,,9,0.15288970401082846,0.9968728801923955,0.20361754857436865,0.9952662509348086,0.20888107100108755,
alpha_tuning,ridge,13,0.05623413251903491,,10,0.14478253728259674,0.9968208283037248,0.24732994332446634,0.9956431783402587,0.17626457499864046,
alpha_tuning,ridge,13,0.05623413251903491,,11,0.13696570669200428,0.996937547944847,0.29176598067055953,0.9951472270444993,0.16441847699752543,
alpha_tuning,ridge,13,0.05623413251903491,,12,0.14430127191240266,0.9970010024975986,0.25265652525090604,0.9945615087267765,0.043493193999893265,
alpha_tuning,ridge,13,0.05623413251903491,,13,0.1447108513553738,0.9971171444522952,0.24509170067587546,0.9935307601149753,0.15614368699971237,
alpha_tuning,ridge,13,0.05623413251903491,,14,0.14498365314113634,0.99680677384692,0.26473539740123914,0.9953724495675048,0.20629959299913025,
alpha_tuning,ridge,13,0.05623413251903491,,15,0.1503580026511508,0.9970248756354657,0.21645878014380954,0.9940793440810021,0.16284729499966488,
alpha_tuning,ridge,13,0.07498942093324558,,1,0.1467083811372778,0.996955378697276,0.26442321771098415,0.9942494927407244,0.1375504949974129,
alpha_tuning,ridge,13,0.07498942093324558,,2,0.1451558466650659,0.9970254664279659,0.2519814581341207,0.994228369740141,0.18892259299900616,
alpha_tuning,ridge,13,0.07498942093324558,,3,0.15066545611316434,0.9968418896786829,0.22846410941842266,0.9952216701742331,0.16771149399937713,
alpha_tuning,ridge,13,0.07498942093324558,,4,0.15354149489515612,0.9967644182461743,0.20380038966364133,0.9958584797833927,0.1745254939996812,
alpha_tuning,ridge,13,0.07498942093324558,,5,0.14019445475645242,0.997005340467106,0.2587809269523717,0.9949544742964109,0.19654539399925852,
alpha_tuning,ridge,13,0.07498942093324558,,6,0.14732779210667793,0.9970776338671221,0.23931701174181533,0.993591693461638,0.22364449199812952,
alpha_tuning,ridge,13,0.07498942093324558,,7,0.14050552637869226,0.9969793193217974,0.2937621197992005,0.9944379485993886,0.1742745939991437,
alpha_tuning,ridge,13,0.07498942093324558,,8,0.1430865796092625,0.9969954422862931,0.257414421616655,0.9946774496284981,0.178432293003425,
alpha_tuning,ridge,13,0.07498942093324558,,9,0.15552217833795434,0.9968190370466805,0.20194524661098384,0.9953051290075057,0.17297659399991971,
alpha_tuning,ridge,13,0.07498942093324558,,10,0.14727089248694397,0.9967661883686579,0.2458548599137751,0.9956691625590203,0.24132919199837488,
alpha_tuning,ridge,13,0.07498942093324558,,11,0.13947973152198093,0.9968813362062066,0.2910123744516191,0.9951597613360913,0.10225929599982919,
alpha_tuning,ridge,13,0.07498942093324558,,12,0.1466782904704419,0.9969516011816972,0.25077613655132763,0.994601984536862,0.20468269200137001,
alpha_tuning,ridge,13,0.07498942093324558,,13,0.14744630822914523,0.9970626500798954,0.24234722326992394,0.9936032010937974,0.19135489299878827,
alpha_tuning,ridge,13,0.07498942093324558,,14,0.14760236416992534,0.9967490974374537,0.261755784643021,0.995424532924862,0.29532998900322127,
alpha_tuning,ridge,13,0.07498942093324558,,15,0.15317033911996858,0.9969692281102118,0.21262053345490167,0.9941843291408003,0.1702245939995919,
alpha_tuning,ridge,13,0.1,,1,0.1494044414951806,0.9968994276825115,0.2592359476369108,0.9943623021773351,0.09768789599911543,
alpha_tuning,ridge,13,0.1,,2,0.14778820302865087,0.9969715241820492,0.24924796606596808,0.9942909803213021,0.158076694002375,
alpha_tuning,ridge,13,0.1,,3,0.15327030388442522,0.9967872892623426,0.22811957383020018,0.9952288761405508,0.10532949600019492,
alpha_tuning,ridge,13,0.1,,4,0.15646748128110688,0.9967027589001533,0.20163151902730445,0.9959025543879724,0.16557099399869912,
alpha_tuning,ridge,13,0.1,,5,0.1432606716535042,0.9969398437562936,0.2566014642736434,0.994996967903243,0.16820789299890748,
alpha_tuning,ridge,13,0.1,,6,0.15013073871477892,0.997022035149985,0.23617993168212145,0.9936756965607557,0.16571049299818696,
alpha_tuning,ridge,13,0.1,,7,0.14314701211192876,0.9969225309155206,0.2910801249321528,0.9944887291197528,0.16100389400162385,
alpha_tuning,ridge,13,0.1,,8,0.14603421797921798,0.9969335472460605,0.25436392165023536,0.9947405247259521,0.16517829399890616,
alpha_tuning,ridge,13,0.1,,9,0.15829083785310777,0.99676240844591,0.20089803369061732,0.9953294748618663,0.17862259400135372,
alpha_tuning,ridge,13,0.1,,10,0.14994797131775034,0.9967074043923073,0.24438854517757733,0.9956949923138684,0.11599059500076692,
alpha_tuning,ridge,13,0.1,,11,0.142123199962678,0.996822230204022,0.29062804695097194,0.9951661536306862,0.11091979499906301,
alpha_tuning,ridge,13,0.1,,12,0.14921347444668376,0.9968989127312621,0.24912195297063625,0.9946375912284325,0.2122347920012544,
alpha_tuning,ridge,13,0.1,,13,0.15034122775091524,0.9970049789742019,0.24033607490362166,0.9936562857196338,0.051876098001230275,
alpha_tuning,ridge,13,0.1,,14,0.15034760411192283,0.9966886342625415,0.2595012938483913,0.9954639412168931,0.1532477939981618,
alpha_tuning,ridge,13,0.1,,15,0.1561363151259972,0.996910540529075,0.20950169456833367,0.9942696367079126,0.16781509299835307,
alpha_tuning,ridge,13,0.1333521432163324,,1,0.15229606673472892,0.9968394181333938,0.2553629314210811,0.994446530060413,0.1591840939981921,
alpha_tuning,ridge,13,0.1333521432163324,,2,0.15064458694855465,0.9969129911635068,0.24695135966881435,0.9943435840449053,0.16122109400021145,
alpha_tuning,ridge,13,0.1333521432163324,,3,0.1560362030657734,0.9967293130348935,0.22847446739391372,0.9952214535370408,0.1579590930014092,
alpha_tuning,ridge,13,0.1333521432163324,,4,0.15958626927268363,0.9966370366435966,0.19990952721729072,0.9959375477650987,0.19087759299873142,
alpha_tuning,ridge,13,0.1333521432163324,,5,0.14652908816719154,0.9968700279088182,0.25491209112416185,0.9950299060944344,0.19125339300080668,
alpha_tuning,ridge,13,0.1333521432163324,,6,0.15315138637176123,0.996962118156145,0.2335181775098129,0.9937469716303455,0.1528047930005414,
alpha_tuning,ridge,13,0.1333521432163324,,7,0.14596696779103602,0.9968619056443814,0.28805222817575127,0.9945460588987126,0.20362239200039767,
alpha_tuning,ridge,13,0.1333521432163324,,8,0.1491941811614529,0.9968671937712612,0.2520747050363092,0.9947878587900747,0.19556379099958576,
alpha_tuning,ridge,13,0.1333521432163324,,9,0.16122340933743431,0.9967024272821345,0.20065664668503586,0.9953350866842264,0.1722629930009134,
alpha_tuning,ridge,13,0.1333521432163324,,10,0.15284961027374272,0.9966436894677395,0.24301444841859365,0.995719197610007,0.06784339700243436,
alpha_tuning,ridge,13,0.1333521432163324,,11,0.1449324472818689,0.9967594175085388,0.2906378714597633,0.995165990225376,0.17359529300301801,
alpha_tuning,ridge,13,0.1333521432163324,,12,0.15195861475067418,0.9968418607815024,0.24781470672812944,0.9946657300120035,0.2552334889987833,
alpha_tuning,ridge,13,0.1333521432163324,,13,0.15342010140160486,0.9969436432284619,0.2391402117999452,0.9936878507431168,0.08226989600007073,
alpha_tuning,ridge,13,0.1333521432163324,,14,0.15326607618370347,0.9966243556963394,0.25791798551129747,0.9954916173012098,0.19707409199691028,
alpha_tuning,ridge,13,0.1333521432163324,,15,0.159289558216621,0.996848147505885,0.20711799568716138,0.9943348364696434,0.20253529100227752,
alpha_tuning,ridge,13,0.1778279410038923,,1,0.15543941402320857,0.9967741846270176,0.2527942959429677,0.9945023911042774,0.15697429300053045,
alpha_tuning,ridge,13,0.1778279410038923,,2,0.15378021994675778,0.9968487357729249,0.2452233262229002,0.9943831646164296,0.15153699299844448,
alpha_tuning,ridge,13,0.1778279410038923,,3,0.15900537408464147,0.9966670760106787,0.22952380871359238,0.995199506549665,0.22133549000136554,
alpha_tuning,ridge,13,0.1778279410038923,,4,0.16293747464164843,0.9965664166528733,0.19864440955156162,0.9959632567953791,0.2294619899985264,
alpha_tuning,ridge,13,0.1778279410038923,,5,0.15003132076145104,0.9967952175731096,0.253770387161926,0.9950521662229346,0.1665600929991342,
alpha_tuning,ridge,13,0.1778279410038923,,6,0.1564472525101644,0.9968967419807225,0.23133224421472767,0.9938055054158268,0.1763740919996053,
alpha_tuning,ridge,13,0.1778279410038923,,7,0.14901496959690724,0.9967963776868738,0.28479783067067943,0.9946076772115625,0.17428069300149218,
alpha_tuning,ridge,13,0.1778279410038923,,8,0.15259663606352,0.9967957484117491,0.25065219544175915,0.9948172719788284,0.2739370870003768,
alpha_tuning,ridge,13,0.1778279410038923,,9,0.16435874390716243,0.9966382989165269,0.20138261161684612,0.9953182092793005,0.16768669199882424,
alpha_tuning,ridge,13,0.1778279410038923,,10,0.1560207468000797,0.9965740568471295,0.2418404837548483,0.9957398774945614,0.17735559200082207,
alpha_tuning,ridge,13,0.1778279410038923,,11,0.14795475272523395,0.9966918409907383,0.29110016654092563,0.9951583011416035,0.1511069940024754,
alpha_tuning,ridge,13,0.1778279410038923,,12,0.15497248885195997,0.9967792237667171,0.24700847293130862,0.9946830843845607,0.15777449300003354,
alpha_tuning,ridge,13,0.1778279410038923,,13,0.1567148891292007,0.9968780061529416,0.2388192391125191,0.9936963228754077,0.24760878800225328,
alpha_tuning,ridge,13,0.1778279410038923,,14,0.15641795594731672,0.9965549363882004,0.25695514211417686,0.9955084477153611,0.21838589000253705,
alpha_tuning,ridge,13,0.1778279410038923,,15,0.1626751811237857,0.9967811563978454,0.2055055539746623,0.9943789405367679,0.16149959299946204,
alpha_tuning,ridge,13,0.23713737056616552,,1,0.15890184938639915,0.9967023291243916,0.2515561321715837,0.9945293178991979,0.15501939299792866,
alpha_tuning,ridge,13,0.23713737056616552,,2,0.1572637509796003,0.9967773512559076,0.24420560724864143,0.9944064754491844,0.07878069700018386,
alpha_tuning,ridge,13,0.23713737056616552,,3,0.16224113009103447,0.9965992510778462,0.2312925512349728,0.9951625132767806,0.16654769200249575,
alpha_tuning,ridge,13,0.23713737056616552,,4,0.16658111992932795,0.9964896340722538,0.197861977908412,0.9959791569439194,0.032286097997712204,
alpha_tuning,ridge,13,0.23713737056616552,,5,0.15381389548238047,0.9967144189176521,0.2532438741145444,0.9950624317983197,0.1609699919972627,
alpha_tuning,ridge,13,0.23713737056616552,,6,0.16008838338244277,0.9968245171995432,0.22970193331798114,0.9938491610335497,0.15492209299918613,
alpha_tuning,ridge,13,0.23713737056616552,,7,0.15236109879449172,0.9967244403896413,0.2814951373232846,0.9946702099512201,0.16572029199960525,
alpha_tuning,ridge,13,0.23713737056616552,,8,0.15628463920278488,0.9967183070590344,0.25019295835660793,0.9948267676104362,0.24156378899715492,
alpha_tuning,ridge,13,0.23713737056616552,,9,0.16775423831429045,0.9965688493882814,0.20322775637740334,0.9952753129162581,0.15975169300145353,
alpha_tuning,ridge,13,0.23713737056616552,,10,0.15952319837166856,0.9964971491266753,0.2410047839291003,0.9957545987007886,0.1559903920024226,
alpha_tuning,ridge,13,0.23713737056616552,,11,0.15125488141333962,0.9966180525503524,0.29210818824895385,0.995141535305943,0.20604348999768263,
alpha_tuning,ridge,13,0.23713737056616552,,12,0.15832463638521677,0.9967095564523083,0.24688840697944653,0.9946856688324817,0.23361578900221502,
alpha_tuning,ridge,13,0.23713737056616552,,13,0.1602753152084977,0.9968070771660774,0.23943328829625352,0.9936801149358494,0.04956959799892502,
alpha_tuning,ridge,13,0.23713737056616552,,14,0.15987916673961614,0.9964787041469523,0.2565904411503016,0.9955148226547144,0.170625590999407,
alpha_tuning,ridge,13,0.23713737056616552,,15,0.166355905873626,0.9967083261281603,0.20472774271486954,0.9944002155011564,0.16528659100004006,
alpha_tuning,ridge,13,0.31622776601683794,,1,0.1627686862573096,0.9966220811261514,0.2516997900175515,0.9945261937201139,0.07267689599757432,
alpha_tuning,ridge,13,0.31622776601683794,,2,0.16118665501214754,0.9966969631074949,0.2440594106111521,0.9944098240802427,0.19984229100009543,
alpha_tuning,ridge,13,0.31622776601683794,,3,0.16583756621722948,0.9965238659010239,0.23386851899472474,0.995108636877516,0.18375069099784014,
alpha_tuning,ridge,13,0.31622776601683794,,4,0.17060923095159913,0.9964047496406221,0.1976251333511583,0.9959839699696632,0.13957539300099597,
alpha_tuning,ridge,13,0.31622776601683794,,5,0.15795016844000398,0.9966260650004825,0.2534156600508684,0.9950590824388152,0.1633438919998298,
alpha_tuning,ridge,13,0.31622776601683794,,6,0.164163915897702,0.9967436757097895,0.2287918760325004,0.9938735300744732,0.24441748800018104,
alpha_tuning,ridge,13,0.31622776601683794,,7,0.15610808640332385,0.9966438851733223,0.2783946063255882,0.994728914976872,0.25168228700204054,
alpha_tuning,ridge,13,0.31622776601683794,,8,0.1603288060641291,0.996633386916475,0.2507899699613882,0.9948144232191668,0.16728219099968555,
alpha_tuning,ridge,13,0.31622776601683794,,9,0.1714943382653194,0.9964923514925274,0.20634876647013742,0.9952027549333516,0.07087419700110331,
alpha_tuning,ridge,13,0.31622776601683794,,10,0.1634467429597575,0.9964109949389007,0.24068373381309674,0.9957602541344999,0.17063319200315163,
alpha_tuning,ridge,13,0.31622776601683794,,11,0.15492506382591362,0.9965359899819648,0.29379752384876334,0.9951134375746973,0.16383489199870382,
alpha_tuning,ridge,13,0.31622776601683794,,12,0.16210438320946097,0.9966310023887481,0.24766944980128736,0.9946688567016001,0.05275069699928281,
alpha_tuning,ridge,13,0.31622776601683794,,13,0.16418224482092694,0.9967292453130947,0.24107517766572825,0.9936367769681969,0.17714149099992937,
alpha_tuning,ridge,13,0.31622776601683794,,14,0.1637470471772346,0.996393515115618,0.25685103446856516,0.9955102675074449,0.18893948999902932,
alpha_tuning,ridge,13,0.31622776601683794,,15,0.17042143847750396,0.9966278816896114,0.20487786951966988,0.9943961091805219,0.17225569099900895,
alpha_tuning,ridge,13,0.4216965034285822,,1,0.16715393246942745,0.9965310746415075,0.2532869663006748,0.9944916768239924,0.1426334930001758,
alpha_tuning,ridge,13,0.4216965034285822,,2,0.16567451953917478,0.9966049977887765,0.24497963805305328,0.9943887462890871,0.19292629000119632,
alpha_tuning,ridge,13,0.4216965034285822,,3,0.16993074654689486,0.996438068430392,0.23742625533799358,0.9950342267755332,0.16142369099907228,
alpha_tuning,ridge,13,0.4216965034285822,,4,0.1751585978156406,0.9963088807784177,0.19805778206365152,0.9959751779188117,0.17605979099971591,
alpha_tuning,ridge,13,0.4216965034285822,,5,0.16255522076508236,0.9965276976016525,0.25439199754613023,0.9950400465075906,0.19234718900042935,
alpha_tuning,ridge,13,0.4216965034285822,,6,0.1687928451924856,0.9966518571465087,0.22884566223991548,0.9938720898153702,0.2000253900005191,
alpha_tuning,ridge,13,0.4216965034285822,,7,0.16040505223076187,0.9965515061617319,0.27583474298437155,0.9947773830757954,0.17851888999939547,
alpha_tuning,ridge,13,0.4216965034285822,,8,0.16484467876128817,0.9965385618100016,0.25254763612368863,0.9947780800079886,0.1874299900009646,
alpha_tuning,ridge,13,0.4216965034285822,,9,0.1756994192434437,0.9964063431369985,0.21091707377321614,0.9950965498416153,0.17494209100186708,
alpha_tuning,ridge,13,0.4216965034285822,,10,0.16792211138243168,0.9963127236633256,0.24110142383302624,0.995752896347968,0.17811598999833222,
alpha_tuning,ridge,13,0.4216965034285822,,11,0.15909761239367204,0.9964426948773347,0.2963601600459392,0.9950708147452507,0.17072469100094168,
alpha_tuning,ridge,13,0.4216965034285822,,12,0.1664342807435234,0.9965410146033447,0.24959789105735575,0.994627346548907,0.32614348200149834,
alpha_tuning,ridge,13,0.4216965034285822,,13,0.16856115714482234,0.9966420108619971,0.2439012527382134,0.9935621822041694,0.17476529100167681,
alpha_tuning,ridge,13,0.4216965034285822,,14,0.16815017770671442,0.9962965373442794,0.25783184932034714,0.9954931229539166,0.15628239100260544,
alpha_tuning,ridge,13,0.4216965034285822,,15,0.17499998497181202,0.9965372862774007,0.20607584080882022,0.9943633418527231,0.18610108999928343,
alpha_tuning,ridge,13,0.5623413251903491,,1,0.17221427766576794,0.9964260579092357,0.25638284417404583,0.9944243496492504,0.13494939199881628,
alpha_tuning,ridge,13,0.5623413251903491,,2,0.1708979226923892,0.996497959812722,0.24720521338330648,0.994337769530651,0.17485849000149756,
alpha_tuning,ridge,13,0.5623413251903491,,3,0.17471012066775182,0.9963378875984356,0.24224158771430546,0.9949335140361305,0.18114878999767825,
alpha_tuning,ridge,13,0.5623413251903491,,4,0.18042287902751405,0.9961979465176319,0.19936731909048228,0.9959485662225339,0.16498049100118806,
alpha_tuning,ridge,13,0.5623413251903491,,5,0.1678022651238079,0.9964156167676732,0.2563139726503574,0.9950025732095997,0.1755962900024315,
alpha_tuning,ridge,13,0.5623413251903491,,6,0.17413809048539852,0.9965458298749902,0.23017329148138133,0.9938365392496722,0.16541679099827888,
alpha_tuning,ridge,13,0.5623413251903491,,7,0.16545967835302647,0.9964428384683209,0.27425907948769834,0.9948072164708042,0.15006359100152622,
alpha_tuning,ridge,13,0.5623413251903491,,8,0.17000882584907998,0.9964301241213678,0.25560442453254645,0.9947148748845965,0.1673171909969824,
alpha_tuning,ridge,13,0.5623413251903491,,9,0.18053495943617914,0.9963074397241427,0.21712062057558945,0.9949523283141379,0.16403768999953172,
alpha_tuning,ridge,13,0.5623413251903491,,10,0.17313371127630986,0.9961982860302664,0.24253972310662783,0.9957275600973541,0.11523289300021133,
alpha_tuning,ridge,13,0.5623413251903491,,11,0.16395843365291968,0.9963340105035988,0.3000636582219381,0.9950092166255935,0.1649284910017741,
alpha_tuning,ridge,13,0.5623413251903491,,12,0.17148556015952907,0.9964360344174338,0.2529569197888155,0.9945550426635259,0.16027278999899863,
alpha_tuning,ridge,13,0.5623413251903491,,13,0.17359260888946543,0.9965417768543937,0.24814975609548312,0.9934500421876176,0.17133249000107753,
alpha_tuning,ridge,13,0.5623413251903491,,14,0.17326158962161986,0.9961839598650104,0.25971586614574127,0.9954601905128424,0.12214439300078084,
alpha_tuning,ridge,13,0.5623413251903491,,15,0.1802701618226972,0.9964330056187193,0.20845858337148887,0.994298168248549,0.1539221909988555,
alpha_tuning,ridge,13,0.7498942093324559,,1,0.17816524486702293,0.9963025582061356,0.2610714926385027,0.9943223839169504,0.19030488899807096,
alpha_tuning,ridge,13,0.7498942093324559,,2,0.17708112892047068,0.9963712535523075,0.25101800865002616,0.9942504375313087,0.16013689100145712,
alpha_tuning,ridge,13,0.7498942093324559,,3,0.18042912308616046,0.9962180111447935,0.24870151255503473,0.9947984046239028,0.2397782849984651,
alpha_tuning,ridge,13,0.7498942093324559,,4,0.18666232139811093,0.9960664626741137,0.20186297333411296,0.9958978508999542,0.17872878899652278,
alpha_tuning,ridge,13,0.7498942093324559,,5,0.17393877244116707,0.9962845363325125,0.2593778750816948,0.9949428354280999,0.17486588999963715,
alpha_tuning,ridge,13,0.7498942093324559,,6,0.1804217805608199,0.9964211877908095,0.23313809426068877,0.9937571493020152,0.15541658999791252,
alpha_tuning,ridge,13,0.7498942093324559,,7,0.17154649793841328,0.9963119799975749,0.2742317926190053,0.9948077331166071,0.060219795999728376,
alpha_tuning,ridge,13,0.7498942093324559,,8,0.17607068423563074,0.9963028361295487,0.260158930895063,0.9946207014914371,0.17235478899965528,
alpha_tuning,ridge,13,0.7498942093324559,,9,0.18622156423802486,0.996191129115597,0.22516311474338693,0.9947653545021302,0.17175379000036628,
alpha_tuning,ridge,13,0.7498942093324559,,10,0.1793304179110477,0.9960622171733929,0.24534862344514324,0.9956780801287324,0.15639768999972148,
alpha_tuning,ridge,13,0.7498942093324559,,11,0.16975933162133125,0.9962043067088742,0.3052726716379307,0.9949225781512523,0.27659528300137026,
alpha_tuning,ridge,13,0.7498942093324559,,12,0.17749318655264962,0.9963111785772215,0.25807774934967115,0.9944448155999236,0.09165769399987767,
alpha_tuning,ridge,13,0.7498942093324559,,13,0.17951857618248546,0.996423722765663,0.2541405050382667,0.9932919152828918,0.1683334899971669,
alpha_tuning,ridge,13,0.7498942093324559,,14,0.17931339591091416,0.9960506704513581,0.2627994872952122,0.9954062890983585,0.1662506900029257,
alpha_tuning,ridge,13,0.7498942093324559,,15,0.18647220258903321,0.996310286227211,0.21216741508500955,0.994196722992216,0.08036249500219128,
alpha_tuning,ridge,13,1.0,,1,0.18529895235752553,0.9961545132367574,0.267503900291824,0.9941824960234996,0.1504393909999635,
alpha_tuning,ridge,13,1.0,,2,0.184509465618572,0.9962190320786258,0.25672875013762547,0.994119633111729,0.16999038999711047,
alpha_tuning,ridge,13,1.0,,3,0.1874151829935956,0.9960715758007658,0.2573164909472505,0.9946182222385616,0.17370428900176194,
alpha_tuning,ridge,13,1.0,,4,0.19421020371982592,0.9959074060598946,0.20596787241101897,0.9958144333827346,0.15436339000007138,
alpha_tuning,ridge,13,1.0,,5,0.18130120122207694,0.9961272692881611,0.2638691225114361,0.9948552682931692,0.13482939100140356,
alpha_tuning,ridge,13,1.0,,6,0.18793989612093973,0.9962720598769123,0.238148028074241,0.9936229958986258,0.1667873900005361,
alpha_tuning,ridge,13,1.0,,7,0.1790115184315865,0.9961514920527424,0.27645058479143464,0.9947657228120832,0.1240896920025989,
alpha_tuning,ridge,13,1.0,,8,0.1833602648558859,0.9961497682056241,0.26649613807956946,0.9944896672461825,0.16889588900085073,
alpha_tuning,ridge,13,1.0,,9,0.19304715322315347,0.9960515223667185,0.2352718489162099,0.9945303442523953,0.16881078900041757,
alpha_tuning,ridge,13,1.0,,10,0.18683465770278912,0.9958974371716348,0.24995785687723612,0.9955968865304894,0.21046818700051517,
alpha_tuning,ridge,13,1.0,,11,0.1768278144745128,0.9960462606522126,0.3124704925964928,0.9948028610039482,0.1842444890025945,
alpha_tuning,ridge,13,1.0,,12,0.18476947761292523,0.9961599562184209,0.26535941963212434,0.9942880759303414,0.16942308899888303,
alpha_tuning,ridge,13,1.0,,13,0.1866469993860697,0.9962817139654496,0.2622590278786278,0.9930776254002825,0.18618678799975896,
alpha_tuning,ridge,13,1.0,,14,0.18661133376288597,0.9958899353235863,0.26752137078474725,0.995323751008633,0.040034998000919586,
alpha_tuning,ridge,13,1.0,,15,0.19391934989539217,0.996162929990717,0.2173401485845964,0.9940552365845434,0.15152989000125672,
alpha_tuning,ridge,13,1.333521432163324,,1,0.19400377465003327,0.9959738631117765,0.27597780778832076,0.9939982108953068,0.15616989000045578,
alpha_tuning,ridge,13,1.333521432163324,,2,0.193540102641933,0.9960339762670963,0.264657759845476,0.9939380193029218,0.1336267910010065,
alpha_tuning,ridge,13,1.333521432163324,,3,0.19608095051886296,0.9958899319749699,0.2687412764620775,0.9943792727006343,0.05209799699878204,
alpha_tuning,ridge,13,1.333521432163324,,4,0.2034769728188997,0.9957121273241082,0.21222188326915492,0.9956873427895978,0.21872488599910866,
alpha_tuning,ridge,13,1.333521432163324,,5,0.19032894386788296,0.9959344298807697,0.2702135373147055,0.9947315694242412,0.20658618699962972,
alpha_tuning,ridge,13,1.333521432163324,,6,0.1970762507804301,0.9960908328792557,0.24565400314430388,0.9934220047999648,0.15789108999888413,
alpha_tuning,ridge,13,1.333521432163324,,7,0.1882764638677714,0.9959523081317609,0.28175834468689337,0.9946652264193528,0.16611718900094274,
alpha_tuning,ridge,13,1.333521432163324,,8,0.19229553412138625,0.9959621438157685,0.2750139237441017,0.9943135452442823,0.0956316939991666,
alpha_tuning,ridge,13,1.333521432163324,,9,0.20138352198682796,0.9958810149800175,0.2477237243664235,0.9942408600984752,0.15392708999934257,
alpha_tuning,ridge,13,1.333521432163324,,10,0.19605234208312097,0.9956950329187659,0.2568925643061075,0.9954747287232948,0.21099368599971058,
alpha_tuning,ridge,13,1.333521432163324,,11,0.18557526483221382,0.9958506741220344,0.3222800439381258,0.9946397044723099,0.16039539000121295,
alpha_tuning,ridge,13,1.333521432163324,,12,0.19371703688467676,0.9959740000757414,0.27530037992621326,0.9940740944162951,0.2257713849976426,
alpha_tuning,ridge,13,1.333521432163324,,13,0.19535978501889295,0.9961081423074689,0.27293727413795493,0.9927957711538415,0.16675468999892473,
alpha_tuning,ridge,13,1.333521432163324,,14,0.19554953725059934,0.9956930737842323,0.27448869616185795,0.9952019628009409,0.106617492998339,
alpha_tuning,ridge,13,1.333521432163324,,15,0.20301259488702578,0.9959830025226057,0.22411936005431174,0.9938698092321041,0.14954248999856645,
alpha_tuning,ridge,13,1.7782794100389228,,1,0.20478581319800193,0.9957501047688961,0.28703114089282683,0.993757830066396,0.165894888999901,
alpha_tuning,ridge,13,1.7782794100389228,,2,0.20462311341254286,0.9958068632132732,0.27512725644183805,0.9936982156927335,0.15630749000047217,
alpha_tuning,ridge,13,1.7782794100389228,,3,0.20693863508241833,0.9956623432059821,0.28380492142883684,0.9940642163698493,0.18584828700113576,
alpha_tuning,ridge,13,1.7782794100389228,,4,0.2149552259383595,0.995470245959175,0.22127124966611625,0.9955034465078373,0.18168028800209868,
alpha_tuning,ridge,13,1.7782794100389228,,5,0.2015794482015278,0.9956941106034407,0.27904696262004,0.9945593416060876,0.08810879399970872,
alpha_tuning,ridge,13,1.7782794100389228,,6,0.20831783317840685,0.995867846983587,0.25615580610887273,0.9931407929792395,0.1645164889996522,
alpha_tuning,ridge,13,1.7782794100389228,,7,0.1998473960843471,0.9957035485827508,0.29115701752793177,0.9944872732459651,0.1744723880001402,
alpha_tuning,ridge,13,1.7782794100389228,,8,0.20339470064719048,0.9957290815223523,0.2862521121380342,0.9940811735557208,0.11233879300198168,
alpha_tuning,ridge,13,1.7782794100389228,,9,0.21170966948647135,0.9956698097808754,0.2628930890888707,0.9938881991093945,0.14701188999970327,
alpha_tuning,ridge,13,1.7782794100389228,,10,0.20748733980779785,0.9954439403367765,0.26679638700563,0.9953002686936214,0.1689493890007725,
alpha_tuning,ridge,13,1.7782794100389228,,11,0.19650658267559826,0.9956062579276196,0.3354852415729408,0.9944200701413746,0.15059668899993994,
alpha_tuning,ridge,13,1.7782794100389228,,12,0.20484269233494237,0.9957427767991499,0.2885409882224915,0.993789087201065,0.1725481880021107,
alpha_tuning,ridge,13,1.7782794100389228,,13,0.20612980066740963,0.9958935875655792,0.28664618546746395,0.9924339219532828,0.18922298699908424,
alpha_tuning,ridge,13,1.7782794100389228,,14,0.2066269785503696,0.9954490961046715,0.2844920140636354,0.995027105722752,0.21371588499823702,
alpha_tuning,ridge,13,1.7782794100389228,,15,0.2142623483284627,0.9957604043571042,0.23268780226502328,0.9936354422174801,0.056641396000486566,
alpha_tuning,ridge,13,2.371373705661655,,1,0.21828999589580703,0.9954698540974697,0.30151449156592885,0.9934428554060567,0.15037208899957477,
alpha_tuning,ridge,13,2.371373705661655,,2,0.21833733422704094,0.9955258314039163,0.2884847766596293,0.9933922619592463,0.18513418699876638,
alpha_tuning,ridge,13,2.371373705661655,,3,0.220617069392763,0.9953756284825852,0.30354123485767576,0.993651431117287,0.18885788699844852,
alpha_tuning,ridge,13,2.371373705661655,,4,0.22922998499309563,0.9951694337913027,0.23384216051348794,0.9952479873229874,0.1748915880016284,
alpha_tuning,ridge,13,2.371373705661655,,5,0.21574594187485785,0.9953915035894885,0.2912991360685567,0.99432045747816,0.07150939500206732,
alpha_tuning,ridge,13,2.371373705661655,,6,0.22227402336967547,0.9955910146427519,0.2702148050980419,0.9927643284124735,0.17544568800076377,
alpha_tuning,ridge,13,2.371373705661655,,7,0.21433105547622372,0.9953921692996556,0.30582687487824517,0.994209516193157,0.17940198799988138,
alpha_tuning,ridge,13,2.371373705661655,,8,0.21729603104609727,0.9954371788883325,0.30092504614412996,0.9937777817338691,0.1632505890011089,
alpha_tuning,ridge,13,2.371373705661655,,9,0.22464257357844347,0.9954052874520664,0.28131928692066943,0.9934598224917011,0.208496084997023,
alpha_tuning,ridge,13,2.371373705661655,,10,0.2217631316697079,0.9951304688761907,0.2804644033730818,0.9950595007989016,0.1645377879976877,
alpha_tuning,ridge,13,2.371373705661655,,11,0.21023492054647236,0.9952993024309342,0.35305375288323204,0.9941278633653856,0.37586447299690917,
alpha_tuning,ridge,13,2.371373705661655,,12,0.2187736764189446,0.9954532506853448,0.3059093137442519,0.9934152298993911,0.15172968999831937,
alpha_tuning,ridge,13,2.371373705661655,,13,0.21954945243940224,0.9956262481283717,0.3039118833475569,0.9919781907267229,0.12264849100029096,
alpha_tuning,ridge,13,2.371373705661655,,14,0.22046615166369857,0.9951442920211416,0.29849945929689,0.9947822568665596,0.1673672879987862,
alpha_tuning,ridge,13,2.371373705661655,,15,0.2283178605405396,0.9954822888188499,0.24333609316998778,0.9933441864572295,0.10446739300095942,
alpha_tuning,ridge,13,3.1622776601683795,,1,0.2353179100964954,0.9951164758520383,0.32060576145564484,0.9930276706615401,0.16769018799823243,
alpha_tuning,ridge,13,3.1622776601683795,,2,0.23543977280029244,0.9951753682371299,0.3051728474108287,0.9930100220323902,0.17770048699821928,
alpha_tuning,ridge,13,3.1622776601683795,,3,0.2378791904810887,0.9950137958224436,0.3292034050700299,0.9931147064928735,0.05513639599666931,
alpha_tuning,ridge,13,3.1622776601683795,,4,0.24699954004529034,0.9947949757456798,0.2507019322355059,0.9949053722497319,0.20739238500027568,
alpha_tuning,ridge,13,3.1622776601683795,,5,0.2336779060014386,0.9950084632801661,0.30828329937764937,0.9939893123913129,0.19703048600058537,
alpha_tuning,ridge,13,3.1622776601683795,,6,0.23970173912202256,0.9952453217795125,0.2884737677397771,0.9922753994022494,0.16109698799846228,
alpha_tuning,ridge,13,3.1622776601683795,,7,0.2324599295331961,0.9950024227822561,0.32715528652366765,0.9938056869930331,0.15936458799842512,
alpha_tuning,ridge,13,3.1622776601683795,,8,0.2347836466989803,0.9950699707920337,0.3199562081032351,0.9933842749617179,0.14941078899937565,
alpha_tuning,ridge,13,3.1622776601683795,,9,0.2409733713062871,0.99507126652254,0.3037887627479248,0.9929374467881464,0.1713711880001938,
alpha_tuning,ridge,13,3.1622776601683795,,10,0.2396525597886251,0.9947376482736121,0.2988890041447712,0.9947349436561828,0.06716479500028072,
alpha_tuning,ridge,13,3.1622776601683795,,11,0.22750421309068006,0.9949131738026786,0.37616224421875627,0.9937435133409663,0.13809299099739292,
alpha_tuning,ridge,13,3.1622776601683795,,12,0.23627695747283653,0.9950894819155428,0.32845911954705914,0.9929298400130635,0.2401155830011703,
alpha_tuning,ridge,13,3.1622776601683795,,13,0.23636951911267334,0.995291167365128,0.3253615363544082,0.9914120232458609,0.19580128699817578,
alpha_tuning,ridge,13,3.1622776601683795,,14,0.23783414119127053,0.9947617667006362,0.3176275089718816,0.9944479003150173,0.17796068799725617,
alpha_tuning,ridge,13,3.1622776601683795,,15,0.24600153180467366,0.9951323831250745,0.25656040903720084,0.9929824703653164,0.13741128999754437,
alpha_tuning,ridge,13,4.216965034285822,,1,0.25684560142304774,0.9946697142757521,0.34575188170736854,0.9924808088984093,0.18575118700027815,
alpha_tuning,ridge,13,4.216965034285822,,2,0.2569243928481696,0.9947351054087076,0.3258538272833544,0.9925363246019536,0.1959297860012157,
alpha_tuning,ridge,13,4.216965034285822,,3,0.25964196149438235,0.9945576246898522,0.36225071415083865,0.992423521592785,0.32578727699728915,
alpha_tuning,ridge,13,4.216965034285822,,4,0.26911547782592055,0.9943289263249637,0.27262596081198487,0.9944598441144382,0.10878299300020444,
alpha_tuning,ridge,13,4.216965034285822,,5,0.2564066209201917,0.9945229607478433,0.3317854430234883,0.9935310843787194,0.1660597879999841,
alpha_tuning,ridge,13,4.216965034285822,,6,0.2615409446906583,0.9948121234412348,0.3116907984376903,0.9916537058229258,0.1906379870015371,
alpha_tuning,ridge,13,4.216965034285822,,7,0.25512894748613557,0.9945150692504121,0.356786434924758,0.9932446549219863,0.19272438599728048,
alpha_tuning,ridge,13,4.216965034285822,,8,0.25681860140667895,0.9946072768530285,0.3445158235495127,0.9928764565205577,0.17481678699914482,
alpha_tuning,ridge,13,4.216965034285822,,9,0.2617075667505814,0.9946471809787285,0.3314255175765237,0.9922949409567444,0.30776107799829333,
alpha_tuning,ridge,13,4.216965034285822,,10,0.2621180416002731,0.9942443455227467,0.32332837779836326,0.9943044337427721,0.16442988799826708,
alpha_tuning,ridge,13,4.216965034285822,,11,0.24922385770560346,0.9944275385886192,0.4062291355430156,0.9932434283182402,0.18963528699896415,
alpha_tuning,ridge,13,4.216965034285822,,12,0.2582861486692058,0.9946320673096074,0.3574959023452605,0.9923048164175174,0.1657411880005384,
alpha_tuning,ridge,13,4.216965034285822,,13,0.25754663324297633,0.9948692877314785,0.35180246304329943,0.9907141101910284,0.1582204879996425,
alpha_tuning,ridge,13,4.216965034285822,,14,0.25967116404541685,0.9942808121173261,0.343103922112438,0.9940025749531491,0.15404698900238145,
alpha_tuning,ridge,13,4.216965034285822,,15,0.26834666606584856,0.9946902413554511,0.2731864286419058,0.9925277096884033,0.25495448099900386,
alpha_tuning,ridge,13,5.623413251903491,,1,0.2840590901268206,0.9941049560336759,0.3785626432098252,0.9917672614125435,0.2036512849990686,
alpha_tuning,ridge,13,5.623413251903491,,2,0.28409221820386593,0.9941783823385983,0.3515966509611486,0.9919466857403756,0.21489718399971025,
alpha_tuning,ridge,13,5.623413251903491,,3,0.28701439345849583,0.9939838690186088,0.4043160147008734,0.9915437252835978,0.20311848500205087,
alpha_tuning,ridge,13,5.623413251903491,,4,0.29665829931451776,0.9937485161191217,0.3004081977139441,0.9938952686689155,0.2355163829997764,
alpha_tuning,ridge,13,5.623413251903491,,5,0.28518694956152085,0.9939081911717192,0.36415897364693783,0.9928998883983966,0.29531597799723386,
alpha_tuning,ridge,13,5.623413251903491,,6,0.2889733217643003,0.9942679800141325,0.3408062190269227,0.9908740682252007,0.39108547100113356,
alpha_tuning,ridge,13,5.623413251903491,,7,0.2834560535958904,0.9939060743994586,0.39671645087763097,0.9924886255152374,0.18085158599933493,
alpha_tuning,ridge,13,5.623413251903491,,8,0.2845852360813639,0.994024228067997,0.3760724094304099,0.9922239619289616,0.19815098500112072,
alpha_tuning,ridge,13,5.623413251903491,,9,0.28811685125085756,0.9941070203629448,0.3657853193624729,0.9914961361350422,0.22870218299794942,
alpha_tuning,ridge,13,5.623413251903491,,10,0.2903718149443957,0.9936239419974702,0.3554180964285373,0.993739159763796,0.22671328299838933,
alpha_tuning,ridge,13,5.623413251903491,,11,0.2765281747137538,0.993817034224018,0.4449695242595527,0.9925990820849435,0.1913136850016599,
alpha_tuning,ridge,13,5.623413251903491,,12,0.28595018193218547,0.9940571287414125,0.3946054151339969,0.9915060254056697,0.27196537900090334,
alpha_tuning,ridge,13,5.623413251903491,,13,0.2843047606550004,0.9943362260064355,0.38433931350110895,0.9898552941228617,0.2660495810014254,
alpha_tuning,ridge,13,5.623413251903491,,14,0.2871435620046126,0.9936757399057319,0.376265697425753,0.9934229101663474,0.2430508830002509,
alpha_tuning,ridge,13,5.623413251903491,,15,0.29664786772766116,0.9941302472538733,0.29452324041006955,0.9919440977840778,0.2092985849994875,
alpha_tuning,ridge,13,7.498942093324558,,1,0.31843965444170363,0.9933914603376472,0.4207154615668086,0.9908505488407082,0.2193933839989768,
alpha_tuning,ridge,13,7.498942093324558,,2,0.3186468370751825,0.993470289097692,0.38412968523027047,0.9912015172409824,0.31061567699725856,
alpha_tuning,ridge,13,7.498942093324558,,3,0.32138470417624354,0.993263430267585,0.4571882481812905,0.9904379018313386,0.21977008400062914,
alpha_tuning,ridge,13,7.498942093324558,,4,0.3310719704928013,0.9930233164157931,0.33496535452617365,0.9931930170009844,0.25346418100161827,
alpha_tuning,ridge,13,7.498942093324558,,5,0.32157734068182364,0.9931308649082555,0.40844244761957826,0.9920364808482169,0.24633108200214338,
alpha_tuning,ridge,13,7.498942093324558,,6,0.32352672181838593,0.9935825853262061,0.37706894259025,0.989903043863755,0.36394037299760384,
alpha_tuning,ridge,13,7.498942093324558,,7,0.31889002945700484,0.9931442913650527,0.44946505133153764,0.991489890800103,0.3242347760024131,
alpha_tuning,ridge,13,7.498942093324558,,8,0.31957757783484375,0.9932894525871434,0.4164794376706269,0.9913884670028399,0.21073758399870712,
alpha_tuning,ridge,13,7.498942093324558,,9,0.3218245209305619,0.9934175826914837,0.40895439709340264,0.9904925311767037,0.2267364830004226,
alpha_tuning,ridge,13,7.498942093324558,,10,0.3259742807394024,0.9928421740184205,0.3973490791783139,0.9930005277510162,0.22087398399889935,
alpha_tuning,ridge,13,7.498942093324558,,11,0.3108842666726288,0.9930488573791157,0.49449613268298237,0.9917753349661652,0.21681598400027724,
alpha_tuning,ridge,13,7.498942093324558,,12,0.32072869820620686,0.9933343306533517,0.4417175399828583,0.9904919258109763,0.21362168400082737,
alpha_tuning,ridge,13,7.498942093324558,,13,0.3182272238563629,0.9936604400490182,0.4245333358665067,0.988794365613619,0.25402758099880884,
alpha_tuning,ridge,13,7.498942093324558,,14,0.321749522856996,0.9929135528808352,0.41865414442950366,0.9926819640058017,0.4966541629983112,
alpha_tuning,ridge,13,7.498942093324558,,15,0.3325471603074348,0.9934199102040295,0.32255771613444717,0.9911772890432946,0.2654275799977768,
alpha_tuning,ridge,13,10.0,,1,0.36192861001183607,0.992488939298729,0.4739316522064969,0.9896932371143264,0.2227576829973259,
alpha_tuning,ridge,13,10.0,,2,0.3628317256570915,0.9925648523723857,0.42614509693198593,0.9902391550761084,0.21912398300264613,
alpha_tuning,ridge,13,10.0,,3,0.36458686948755425,0.9923578663268339,0.5228494130818988,0.9890645977117645,0.22914388299977873,
alpha_tuning,ridge,13,10.0,,4,0.37437357718897957,0.992110821141254,0.3775726892280113,0.9923271740144491,0.2023546839991468,
alpha_tuning,ridge,13,10.0,,5,0.3675786136413473,0.9921482429434082,0.4685103178239101,0.9908653204128438,0.20969938299822388,
alpha_tuning,ridge,13,10.0,,6,0.367244962995434,0.9927153985885383,0.422236228606028,0.9886935777577381,0.2947153770001023,
alpha_tuning,ridge,13,10.0,,7,0.3633865883245825,0.992187674930938,0.5183374771193563,0.9901858698031872,0.2884746769996127,
alpha_tuning,ridge,13,10.0,,8,0.36375134066471226,0.9923618839764716,0.46811117365263527,0.9903208791272019,0.23737668100147857,
alpha_tuning,ridge,13,10.0,,9,0.36495045965257444,0.9925355090549909,0.4636554441617568,0.9892208282599473,0.18842068600133643,
alpha_tuning,ridge,13,10.0,,10,0.3709859769602255,0.991853795769825,0.4521136590824177,0.9920358264912104,0.26593087899891543,
alpha_tuning,ridge,13,10.0,,11,0.35427061817367794,0.9920787705995194,0.5574852672113038,0.9907276735224735,0.20842609100145637,
alpha_tuning,ridge,13,10.0,,12,0.3645562045011452,0.99242346839848,0.5012352197624186,0.9892107937216222,0.16146699200180592,
alpha_tuning,ridge,13,10.0,,13,0.36139878453435587,0.992800398303441,0.4745957090306665,0.9874729601954858,0.24545648800267372,
alpha_tuning,ridge,13,10.0,,14,0.36550181343717364,0.9919499203918554,0.47226142410833716,0.9917449136804661,0.16377419299897156,
alpha_tuning,ridge,13,10.0,,15,0.37817873240012034,0.9925170011500969,0.3601867739956922,0.9901480459513559,0.2030900899990229,
alpha_tuning,ridge,14,0.001,,1,0.11050292102986577,0.997706746235132,0.6764204166967209,0.9852896407879423,0.1605922919989098,
alpha_tuning,ridge,14,0.001,,2,0.10717656819187978,0.9978037377925413,0.41495586725835293,0.9904954441580395,0.2662146879993088,
alpha_tuning,ridge,14,0.001,,3,0.11221072891774353,0.9976479422005567,0.27102293307780895,0.9943315518227824,0.1732339910013252,
alpha_tuning,ridge,14,0.001,,4,0.11378591603924622,0.9976021880337278,0.2908579424784166,0.9940893437401015,0.31041168599767843,
alpha_tuning,ridge,14,0.001,,5,0.10014119201098941,0.9978609084374125,0.35707554532220387,0.9930379960251946,0.16314449200217496,
alpha_tuning,ridge,14,0.001,,6,0.11000850585180838,0.9978178921489773,0.39805233417059827,0.9893411615116287,0.16714069199952064,
alpha_tuning,ridge,14,0.001,,7,0.10308538790004647,0.9977838021929797,0.3939541000838574,0.9925409274836191,0.23080478900010348,
alpha_tuning,ridge,14,0.001,,8,0.10653415395228326,0.9977629766893258,0.34876500698569,0.9927885962805029,0.2852987869991921,
alpha_tuning,ridge,14,0.001,,9,0.11616944509732051,0.9976239356655663,0.27078879977417897,0.9937046377546032,0.14928729299936094,
alpha_tuning,ridge,14,0.001,,10,0.10910649942853237,0.9976042117967182,0.2930247975172633,0.9948382441385607,0.15682459299932816,
alpha_tuning,ridge,14,0.001,,11,0.10189085814939541,0.997721795656174,0.3585142381306495,0.9940370423071125,0.17013419100112515,
alpha_tuning,ridge,14,0.001,,12,0.11101565325394631,0.9976927738583057,0.35718428661125423,0.9923115240196595,0.17149949200029369,
alpha_tuning,ridge,14,0.001,,13,0.10753538368887681,0.997857735100454,0.344314250558307,0.9909117629175053,0.14082149299792945,
alpha_tuning,ridge,14,0.001,,14,0.11043121581524992,0.997567782030472,0.368187468019792,0.9935641168744352,0.15303809200122487,
alpha_tuning,ridge,14,0.001,,15,0.11242767345712683,0.9977754006793622,0.38215746655636257,0.9895470959188952,0.1639588920006645,
alpha_tuning,ridge,14,0.001333521432163324,,1,0.11258532077241756,0.9976635304449515,0.6459347353377545,0.9859526239158094,0.19147379000060027,
alpha_tuning,ridge,14,0.001333521432163324,,2,0.10945152121103555,0.9977571194558655,0.3911310158648268,0.9910411519027987,0.15383889299846487,
alpha_tuning,ridge,14,0.001333521432163324,,3,0.1147114348331219,0.9975955247097419,0.26268028020270096,0.9945060385163844,0.17315899100140086,
alpha_tuning,ridge,14,0.001333521432163324,,4,0.11619740005909567,0.9975513708022061,0.2818321792916517,0.994272760370315,0.2023811899998691,
alpha_tuning,ridge,14,0.001333521432163324,,5,0.10251311493474763,0.9978102423707178,0.34981670809674736,0.9931795236494694,0.15174879200276337,
alpha_tuning,ridge,14,0.001333521432163324,,6,0.11217716636748555,0.9977748750104314,0.3836170503097236,0.9897277020390883,0.33319708300041384,
alpha_tuning,ridge,14,0.001333521432163324,,7,0.10538766976027138,0.9977343062157737,0.3590489390387954,0.9932018169815978,0.16502289200070663,
alpha_tuning,ridge,14,0.001333521432163324,,8,0.10864154562674226,0.9977187253002117,0.34089605627992836,0.9929513023411782,0.24005808799847728,
alpha_tuning,ridge,14,0.001333521432163324,,9,0.11863408883061782,0.9975735252321957,0.2622955954683624,0.9939020897828033,0.2038253890023043,
alpha_tuning,ridge,14,0.001333521432163324,,10,0.11174816615216043,0.9975462054084039,0.28503983966519847,0.9949789025515874,0.26370968600167544,
alpha_tuning,ridge,14,0.001333521432163324,,11,0.10408107073894617,0.9976728241201006,0.35007460909839977,0.994177413721998,0.1629642910011171,
alpha_tuning,ridge,14,0.001333521432163324,,12,0.11309539666695448,0.9976495507791284,0.33851710589110184,0.9927133394857015,0.2282984880002914,
alpha_tuning,ridge,14,0.001333521432163324,,13,0.109991443687853,0.9978088067296564,0.3296950039914776,0.991297640581736,0.18163158999959705,
alpha_tuning,ridge,14,0.001333521432163324,,14,0.11263473572874944,0.997519250094187,0.3588712908132088,0.9937269627963812,0.07109219600170036,
alpha_tuning,ridge,14,0.001333521432163324,,15,0.11487738601198787,0.9977269283707417,0.36479155367551513,0.9900220944143061,0.16000469199934741,
alpha_tuning,ridge,14,0.0017782794100389228,,1,0.11465143528960596,0.9976206526200846,0.6131213648500468,0.9866662281402202,0.17049309000140056,
alpha_tuning,ridge,14,0.0017782794100389228,,2,0.11178781947353332,0.9977092440324793,0.3703956580081085,0.991516094859876,0.16226629100128775,
alpha_tuning,ridge,14,0.0017782794100389228,,3,0.11720142046465483,0.9975433319276288,0.2572646472731847,0.9946193065496802,0.25197488499907195,
alpha_tuning,ridge,14,0.0017782794100389228,,4,0.11864169264896632,0.997499862195297,0.2734402425805542,0.9944432967250435,0.17459318900000653,
alpha_tuning,ridge,14,0.0017782794100389228,,5,0.10488082800948259,0.9977596662295806,0.34277770941029706,0.9933167650189099,0.16188639100073487,
alpha_tuning,ridge,14,0.0017782794100389228,,6,0.11436008154243815,0.9977315751191684,0.36936082717389085,0.9901094477715324,0.15889539099953254,
alpha_tuning,ridge,14,0.0017782794100389228,,7,0.10768518598494622,0.9976849126933508,0.3360337749769865,0.9936375829189923,0.17821579000155907,
alpha_tuning,ridge,14,0.0017782794100389228,,8,0.11072956856179317,0.9976748806193685,0.33379366788069226,0.9930981582157462,0.21739328799958457,
alpha_tuning,ridge,14,0.0017782794100389228,,9,0.12108663788585217,0.9975233621765514,0.25571053779675,0.9940551807654592,0.2026107880010386,
alpha_tuning,ridge,14,0.0017782794100389228,,10,0.1143853053390517,0.9974882984368901,0.27891168683263445,0.99508685255811,0.16832868999699713,
alpha_tuning,ridge,14,0.0017782794100389228,,11,0.10632224782190437,0.9976227130555908,0.34183382182479777,0.9943144779181783,0.173452188999363,
alpha_tuning,ridge,14,0.0017782794100389228,,12,0.11519119686246075,0.9976059939936022,0.32271117831096147,0.9930535658033255,0.1613147910029511,
alpha_tuning,ridge,14,0.0017782794100389228,,13,0.11245725842150485,0.9977596840300251,0.3170559677865741,0.9916312502343663,0.17633438899792964,
alpha_tuning,ridge,14,0.0017782794100389228,,14,0.11481171730534732,0.9974713026576687,0.35172178271719007,0.9938519355412677,0.16015349100052845,
alpha_tuning,ridge,14,0.0017782794100389228,,15,0.11730636119544442,0.9976788663911881,0.34895586047082733,0.9904552378083578,0.18260058899977594,
alpha_tuning,ridge,14,0.0023713737056616554,,1,0.1167064774257026,0.9975780045790044,0.5788816241636908,0.9874108521527296,0.20357068800149136,
alpha_tuning,ridge,14,0.0023713737056616554,,2,0.1141626119669949,0.9976605797853221,0.3522269046832202,0.9919322497914742,0.21569868699953076,
alpha_tuning,ridge,14,0.0023713737056616554,,3,0.11966291566201452,0.9974917363357181,0.25418264887804937,0.9946837665862782,0.21964038599980995,
alpha_tuning,ridge,14,0.0023713737056616554,,4,0.12110461533081619,0.9974479609962373,0.2655797537061417,0.9946030332870762,0.16631109000081779,
alpha_tuning,ridge,14,0.0023713737056616554,,5,0.1072357196452928,0.9977093639640712,0.3358383464448049,0.9934520637622186,0.1502342910025618,
alpha_tuning,ridge,14,0.0023713737056616554,,6,0.1165582479972562,0.9976879727064116,0.3553280019329847,0.9904852114712731,0.12592679199951817,
alpha_tuning,ridge,14,0.0023713737056616554,,7,0.1099690741505044,0.9976358121559507,0.3221599530639696,0.9939002679467823,0.16909979000047315,
alpha_tuning,ridge,14,0.0023713737056616554,,8,0.11281097434577284,0.9976311748866528,0.32721209402675044,0.9932342452233869,0.1704895889997715,
alpha_tuning,ridge,14,0.0023713737056616554,,9,0.12351494406678455,0.99747369497099,0.25068856484353935,0.9941719327838344,0.17421228899911512,
alpha_tuning,ridge,14,0.0023713737056616554,,10,0.11698487454032741,0.997431216436655,0.2742119475726687,0.995169640454827,0.19039748800059897,
alpha_tuning,ridge,14,0.0023713737056616554,,11,0.10860030214202514,0.9975717774432912,0.3339456228677718,0.9944456777190539,0.16751238999859197,
alpha_tuning,ridge,14,0.0023713737056616554,,12,0.11730687461558667,0.9975620240949767,0.309408491277295,0.9933399092780139,0.19817298800262506,
alpha_tuning,ridge,14,0.0023713737056616554,,13,0.11492477593382713,0.9977105274085083,0.3060791682457974,0.9919209848488117,0.15084018999914406,
alpha_tuning,ridge,14,0.0023713737056616554,,14,0.11696555718886273,0.9974238649107463,0.3452732277691029,0.993964655689506,0.2301938849996077,
alpha_tuning,ridge,14,0.0023713737056616554,,15,0.11971109318685944,0.9976312841101542,0.3344951566276319,0.9908507720146635,0.11489829299898702,
alpha_tuning,ridge,14,0.0031622776601683794,,1,0.1187586696904258,0.9975354156809604,0.5442306833736807,0.9881644186824716,0.24189038400072604,
alpha_tuning,ridge,14,0.0031622776601683794,,2,0.11655607039592975,0.9976115330358201,0.3362348592083373,0.9922985472732944,0.17355508800028474,
alpha_tuning,ridge,14,0.0031622776601683794,,3,0.12207934836083167,0.9974410853023374,0.25270507120226215,0.9947146701426227,0.17167388899906655,
alpha_tuning,ridge,14,0.0031622776601683794,,4,0.12356962531807927,0.9973960158113657,0.25819060200575894,0.9947531915924711,0.0869685940015188,
alpha_tuning,ridge,14,0.0031622776601683794,,5,0.10957370945474797,0.9976594227343495,0.3289306755088539,0.9935867445969684,0.29053668200140237,
alpha_tuning,ridge,14,0.0031622776601683794,,6,0.11877190937789318,0.9976440629392459,0.3415763042155422,0.9908534472843264,0.15469468999799574,
alpha_tuning,ridge,14,0.0031622776601683794,,7,0.11223409762984658,0.9975871171840441,0.31487386816476365,0.994038221671879,0.2237806859993725,
alpha_tuning,ridge,14,0.0031622776601683794,,8,0.11489759375164094,0.9975873596773677,0.32099126977407555,0.993362873022207,0.19434498700138647,
alpha_tuning,ridge,14,0.0031622776601683794,,9,0.12591106306465735,0.997424686103924,0.24688385951889363,0.9942603854756576,0.20873499299705145,
alpha_tuning,ridge,14,0.0031622776601683794,,10,0.11951838894387037,0.9973755848844318,0.2705749776084984,0.995233707220471,0.16632459399988875,
alpha_tuning,ridge,14,0.0031622776601683794,,11,0.1108999393697695,0.9975203592531157,0.32655500114102426,0.994568601608801,0.16405429400037974,
alpha_tuning,ridge,14,0.0031622776601683794,,12,0.11944369109507931,0.9975176148725203,0.29833859736198076,0.9935781913544184,0.1663925940010813,
alpha_tuning,ridge,14,0.0031622776601683794,,13,0.11738683188264848,0.9976614795894654,0.29647104892443155,0.9921745929006651,0.16701469399777125,
alpha_tuning,ridge,14,0.0031622776601683794,,14,0.11910639012560892,0.997376713638345,0.33863829477422996,0.9940806337088847,0.1468774940003641,
alpha_tuning,ridge,14,0.0031622776601683794,,15,0.12209308014499434,0.9975841518836668,0.3211699675283668,0.9912152472263408,0.18320059300094726,
alpha_tuning,ridge,14,0.004216965034285823,,1,0.12081804173081118,0.9974926777818998,0.5100929791392717,0.9889068236713918,0.16991669300114154,
alpha_tuning,ridge,14,0.004216965034285823,,2,0.11895299171098692,0.9975624153248566,0.32216355060607493,0.9926208503154547,0.16494319400226232,
alpha_tuning,ridge,14,0.004216965034285823,,3,0.1244382164600333,0.9973916408849979,0.25207325349091625,0.9947278846182892,0.2130909919978876,
alpha_tuning,ridge,14,0.004216965034285823,,4,0.12602179809992478,0.9973443411450771,0.2512395278771205,0.9948944475247017,0.16979789399920264,
alpha_tuning,ridge,14,0.004216965034285823,,5,0.11189488686801763,0.9976098406301196,0.32204352051352686,0.9937210254265595,0.2099672920012381,
alpha_tuning,ridge,14,0.004216965034285823,,6,0.12100012079804873,0.9975998645602568,0.32819481140712753,0.9912117699427664,0.2424944910017075,
alpha_tuning,ridge,14,0.004216965034285823,,7,0.1144778404233114,0.9975388797183888,0.3120486517860694,0.9940917139285624,0.19007649299965124,
alpha_tuning,ridge,14,0.004216965034285823,,8,0.11699881238003147,0.9975432379109843,0.31502050567963585,0.9934863303345418,0.26334818999748677,
alpha_tuning,ridge,14,0.004216965034285823,,9,0.12827263595773256,0.9973763838234087,0.24394727708453254,0.9943286558406181,0.286462087999098,
alpha_tuning,ridge,14,0.004216965034285823,,10,0.12196633345911927,0.9973218322975315,0.2677058024662566,0.9952842489552779,0.27911648900044383,
alpha_tuning,ridge,14,0.004216965034285823,,11,0.11320683539721525,0.9974687787615394,0.3197667234032354,0.9946815070631815,0.28391788900262327,
alpha_tuning,ridge,14,0.004216965034285823,,12,0.12160098012148714,0.9974727801713676,0.28927433463647817,0.9937733017466075,0.3545057849987643,
alpha_tuning,ridge,14,0.004216965034285823,,13,0.1198381827791429,0.9976126450309983,0.2879805827542512,0.9923987002949144,0.24561408999943524,
alpha_tuning,ridge,14,0.004216965034285823,,14,0.12124783788706782,0.997329548824594,0.33141894086037366,0.9942068273522521,0.3195294869983627,
alpha_tuning,ridge,14,0.004216965034285823,,15,0.12445921290615061,0.9975373333631802,0.3087080601233429,0.9915561096565483,0.24930408900036127,
alpha_tuning,ridge,14,0.005623413251903491,,1,0.12289462759565457,0.9974495826464206,0.4771827706725874,0.9896225338663218,0.2824026890011737,
alpha_tuning,ridge,14,0.005623413251903491,,2,0.12134210681136107,0.9975134575788422,0.3098434754025606,0.992903041391635,0.3146456870017573,
alpha_tuning,ridge,14,0.005623413251903491,,3,0.12673361448340628,0.9973435268688448,0.25160469409715425,0.9947376845441158,0.2507691890023125,
alpha_tuning,ridge,14,0.005623413251903491,,4,0.12845090693719938,0.9972931525055676,0.24470593841876415,0.995027219561465,0.40085998300128267,
alpha_tuning,ridge,14,0.005623413251903491,,5,0.11420211418463377,0.9975605565104998,0.3152131261379676,0.9938541995781224,0.2597201890021097,
alpha_tuning,ridge,14,0.005623413251903491,,6,0.12324098078632918,0.9975554152866701,0.3153083518062008,0.9915568368593048,0.2353186899999855,
alpha_tuning,ridge,14,0.005623413251903491,,7,0.11669902947520412,0.9974911271279775,0.3120294724784838,0.9940920770669232,0.3276110860024346,
alpha_tuning,ridge,14,0.005623413251903491,,8,0.11912049329887338,0.9974986864737486,0.30920937085990674,0.9936064869970914,0.2364827840028738,
alpha_tuning,ridge,14,0.005623413251903491,,9,0.13060319085599764,0.9973287159674714,0.2415289372492944,0.9943848779787124,0.31850167300217436,
alpha_tuning,ridge,14,0.005623413251903491,,10,0.124320281984199,0.9972701436984374,0.2653805201405905,0.9953252097878618,0.45190506300059496,
alpha_tuning,ridge,14,0.005623413251903491,,11,0.1155093780315672,0.9974172956086177,0.3136397724640733,0.9947834130556105,0.1903917849995196,
alpha_tuning,ridge,14,0.005623413251903491,,12,0.12377648104559676,0.997427566974343,0.28199539810993096,0.9939299825714494,0.27110147699931986,
alpha_tuning,ridge,14,0.005623413251903491,,13,0.12227607072014762,0.997564078674643,0.28040252970698787,0.9925987243793244,0.2726463779981714,
alpha_tuning,ridge,14,0.005623413251903491,,14,0.12340334059587238,0.9972820744543898,0.3235880246152268,0.9943437110490029,0.26748447800127906,
alpha_tuning,ridge,14,0.005623413251903491,,15,0.12682031642321254,0.997490614356031,0.29686753488479206,0.9918799758253916,0.1857870849999017,
alpha_tuning,ridge,14,0.007498942093324558,,1,0.12499720146196443,0.9974059481850879,0.44599348517599763,0.9903008185276022,0.3196355729996867,
alpha_tuning,ridge,14,0.007498942093324558,,2,0.12371489132935559,0.9974648344791178,0.29913303511341993,0.9931483638122883,0.2768868769999244,
alpha_tuning,ridge,14,0.007498942093324558,,3,0.12896766459962905,0.9972966987709356,0.2507792917776195,0.9947549478443853,0.2921738750010263,
alpha_tuning,ridge,14,0.007498942093324558,,4,0.13085317936436847,0.9972425293900483,0.23857491320976912,0.9951518109074065,0.30209697400277946,
alpha_tuning,ridge,14,0.007498942093324558,,5,0.1164999556485787,0.9975114728797881,0.30850332292549326,0.9939850225293084,0.24298697899939725,
alpha_tuning,ridge,14,0.007498942093324558,,6,0.1254927105921025,0.997510750401446,0.30306516392973537,0.991884678579992,0.3909481659975427,
alpha_tuning,ridge,14,0.007498942093324558,,7,0.11889662364904739,0.9974438817958504,0.31358141667780254,0.9940626927698143,0.326951671999268,
alpha_tuning,ridge,14,0.007498942093324558,,8,0.12126523222967737,0.9974536508602339,0.3034749875714255,0.9937250566705027,0.2970119749988953,
alpha_tuning,ridge,14,0.007498942093324558,,9,0.13291136621525976,0.9972815058500075,0.2392938953798047,0.9944368387622227,0.33293967099962174,
alpha_tuning,ridge,14,0.007498942093324558,,10,0.12658275167587593,0.9972204638147826,0.2634386641446897,0.9953594164033217,0.263367676998314,
alpha_tuning,ridge,14,0.007498942093324558,,11,0.11779998571091035,0.9973660793124763,0.30820012693561366,0.9948738874990235,0.27193917600015993,
alpha_tuning,ridge,14,0.007498942093324558,,12,0.12596629228523673,0.9973820563676008,0.276264387014627,0.9940533439364393,0.230025780001597,
alpha_tuning,ridge,14,0.007498942093324558,,13,0.12470035255772367,0.9975157833721194,0.27356919105988226,0.9927790915920935,0.28095057500104303,
alpha_tuning,ridge,14,0.007498942093324558,,14,0.12558358823919302,0.9972340550836262,0.31536016649470844,0.9944875332532788,0.20296198199866922,
alpha_tuning,ridge,14,0.007498942093324558,,15,0.12918880384024814,0.9974437492441164,0.2854917835436309,0.992191129336773,0.2394216789980419,
alpha_tuning,ridge,14,0.01,,1,0.1271330337160935,0.9973616235164524,0.4168602362893116,0.9909343898178218,0.27281027600110974,
alpha_tuning,ridge,14,0.01,,2,0.12606529453631413,0.9974166700172133,0.28987940694666553,0.9933603179804092,0.32409137200011173,
alpha_tuning,ridge,14,0.01,,3,0.1311508228777908,0.9972509374207947,0.24929292823501498,0.9947860351572488,0.30012340300163487,
alpha_tuning,ridge,14,0.01,,4,0.13323190886723515,0.9971924023948538,0.23283716138793473,0.9952684103663536,0.4119438550005725,
alpha_tuning,ridge,14,0.01,,5,0.11879492263929774,0.9974624506499976,0.3019838082504684,0.994112135370487,0.4313883579998219,
alpha_tuning,ridge,14,0.01,,6,0.12775524591193935,0.9974658711800948,0.2916160529673013,0.9921912569218533,0.37336805000086315,
alpha_tuning,ridge,14,0.01,,7,0.1210706469838406,0.9973971432052011,0.3158118053831863,0.9940204628981373,0.24900883399823215,
alpha_tuning,ridge,14,0.01,,8,0.12343420055315078,0.9974081064735774,0.2977463894672998,0.9938435067238285,0.27784213699851534,
alpha_tuning,ridge,14,0.01,,9,0.13520942501496028,0.9972345026509493,0.23694943436261465,0.9944913433480317,0.43684685900007025,
alpha_tuning,ridge,14,0.01,,10,0.1287656043717115,0.9971725321813274,0.2617690359944879,0.995388827610031,0.5919873790007841,
alpha_tuning,ridge,14,0.01,,11,0.12007604662372237,0.9973151882712921,0.3034573097343081,0.9949527720043194,0.20059682699866244,
alpha_tuning,ridge,14,0.01,,12,0.12816496066698047,0.9973363616838459,0.2718212955468137,0.9941489825278029,0.20051942599820904,
alpha_tuning,ridge,14,0.01,,13,0.12711340448025,0.9974677117862183,0.2673397896635556,0.9929435177716084,0.30411124099919107,
alpha_tuning,ridge,14,0.01,,14,0.1277959535623776,0.9971853283295604,0.3070694869203986,0.9946324535707973,0.19231102599951555,
alpha_tuning,ridge,14,0.01,,15,0.13157677379679997,0.9973964986324146,0.27453747050242117,0.9924907555210419,0.23371443100040779,
alpha_tuning,ridge,14,0.01333521432163324,,1,0.12930820484931524,0.9973164824528135,0.39003631327632193,0.9915177393638402,0.3022034399982658,
alpha_tuning,ridge,14,0.01333521432163324,,2,0.12839071625215895,0.9973690174760182,0.28190857890148946,0.9935428896373968,0.23649143100192305,
alpha_tuning,ridge,14,0.01333521432163324,,3,0.13330132797515457,0.9972058605165114,0.24707113132533948,0.9948325040685685,0.25651543400090304,
alpha_tuning,ridge,14,0.01333521432163324,,4,0.13559728950461736,0.997142556700461,0.22749101542301567,0.9953770518249455,0.2281792290013982,
alpha_tuning,ridge,14,0.01333521432163324,,5,0.12109699805575538,0.9974132765788597,0.2957144405199897,0.9942343710251851,0.19455912500052364,
alpha_tuning,ridge,14,0.01333521432163324,,6,0.13003170007021608,0.9974207158673051,0.2810957747819684,0.9924729634624363,0.24736133300029906,
alpha_tuning,ridge,14,0.01333521432163324,,7,0.12322434183835713,0.9973508416496577,0.3180990198389747,0.9939771570955511,0.1723581229998672,
alpha_tuning,ridge,14,0.01333521432163324,,8,0.1256300128074118,0.9973619984132379,0.29197831174690636,0.9939627730960104,0.2070100269993418,
alpha_tuning,ridge,14,0.01333521432163324,,9,0.13751170157019765,0.9971874131842972,0.23427589686754288,0.994553498381852,0.20554068999990704,
alpha_tuning,ridge,14,0.01333521432163324,,10,0.13088804601041648,0.9971259270691957,0.26029263404251773,0.9954148350554554,0.30863876700095716,
alpha_tuning,ridge,14,0.01333521432163324,,11,0.12234048465622471,0.9972645571091282,0.29941304048796114,0.9950200379699344,0.18510027999946033,
alpha_tuning,ridge,14,0.01333521432163324,,12,0.13036628217978424,0.9972906118603594,0.26839699302292325,0.9942226914469553,0.18598127999939607,
alpha_tuning,ridge,14,0.01333521432163324,,13,0.12952023298759838,0.9974197641800104,0.26159644250729913,0.993095114461314,0.18834158000026946,
alpha_tuning,ridge,14,0.01333521432163324,,14,0.13004562374656026,0.9971357799459165,0.2990692866100603,0.9947722963374601,0.2128984830014815,
alpha_tuning,ridge,14,0.01333521432163324,,15,0.13399539240841715,0.9973486415776982,0.26406741131098443,0.9927771362254091,0.3383126930020808,
alpha_tuning,ridge,14,0.01778279410038923,,1,0.13152776167269076,0.9972704202583113,0.3657375405751583,0.992046173553618,0.18468619600025704,
alpha_tuning,ridge,14,0.01778279410038923,,2,0.13069372073813612,0.9973218243086918,0.2750359325035005,0.993700307465715,0.1834399960025621,
alpha_tuning,ridge,14,0.01778279410038923,,3,0.13544385337783468,0.9971609508752277,0.24424305086750075,0.994891653408199,0.19474279600035516,
alpha_tuning,ridge,14,0.01778279410038923,,4,0.13796574028030406,0.9970926463090071,0.2225417390213218,0.995477628317017,0.190645996000967,
alpha_tuning,ridge,14,0.01778279410038923,,5,0.12342152813315027,0.9973636228591897,0.2897393756130424,0.9943508685736082,0.2814215940015856,
alpha_tuning,ridge,14,0.01778279410038923,,6,0.13232918161719906,0.9973751434592223,0.2716118054620167,0.9927269202629175,0.26012089399955585,
alpha_tuning,ridge,14,0.01778279410038923,,7,0.12536626722073782,0.9973047931220057,0.32002974761669406,0.993940600962488,0.18910569600120652,
alpha_tuning,ridge,14,0.01778279410038923,,8,0.12785966962239392,0.99731517967873,0.2861643440414021,0.9940829883340553,0.17037489600261324,
alpha_tuning,ridge,14,0.01778279410038923,,9,0.13983356772699385,0.9971399230429793,0.2311515187210456,0.9946261346660713,0.22107329500067863,
alpha_tuning,ridge,14,0.01778279410038923,,10,0.13297498699990895,0.9970801014893287,0.25894696164979614,0.9954385396443488,0.18704109499958577,
alpha_tuning,ridge,14,0.01778279410038923,,11,0.12460186458721477,0.9972139943238559,0.2960588488517781,0.9950758262781609,0.17034709599829512,
alpha_tuning,ridge,14,0.01778279410038923,,12,0.13256493994476723,0.9972449173972515,0.26573703468549176,0.9942799476772898,0.232272594999813,
alpha_tuning,ridge,14,0.01778279410038923,,13,0.13192920336345437,0.997371773904594,0.25625025231422655,0.9932362281209548,0.1773601949971635,
alpha_tuning,ridge,14,0.01778279410038923,,14,0.13233724620469026,0.9970853075746681,0.29166232214029186,0.9949017693961142,0.16438539500086335,
alpha_tuning,ridge,14,0.01778279410038923,,15,0.1364554782202505,0.9972999640140927,0.25421475747299754,0.9930466294435866,0.18552349600213347,
alpha_tuning,ridge,14,0.023713737056616554,,1,0.133795670547881,0.9972233546195214,0.34414061643271127,0.9925158496665337,0.18201549500008696,
alpha_tuning,ridge,14,0.023713737056616554,,2,0.13298368533370514,0.9972748983547961,0.2690825653775604,0.9938366692206893,0.1631190959997184,
alpha_tuning,ridge,14,0.023713737056616554,,3,0.13760717976664663,0.9971156052228589,0.2410834966949929,0.9949577355248914,0.19238119500005268,
alpha_tuning,ridge,14,0.023713737056616554,,4,0.1403588320536229,0.997042216657516,0.21799740210736127,0.9955699758499698,0.3298363919966505,
alpha_tuning,ridge,14,0.023713737056616554,,5,0.12579034644059692,0.9973130231094463,0.2840903570845136,0.9944610091025932,0.17103229599888436,
alpha_tuning,ridge,14,0.023713737056616554,,6,0.1346588163033874,0.9973289332675704,0.2632383108366614,0.9929511413492751,0.18708009500187472,
alpha_tuning,ridge,14,0.023713737056616554,,7,0.1275111895113942,0.9972586801648387,0.3213382223428497,0.9939158264827551,0.17040479600109393,
alpha_tuning,ridge,14,0.023713737056616554,,8,0.13013670331631733,0.9972673661160035,0.2803432059319759,0.9942033518343296,0.1668056960006652,
alpha_tuning,ridge,14,0.023713737056616554,,9,0.14219105881514366,0.9970917042494005,0.2275636439886687,0.9947095464288557,0.3771788899975945,
alpha_tuning,ridge,14,0.023713737056616554,,10,0.13505599720762126,0.9970344061390731,0.2576752820695124,0.9954609408185259,0.16746439600319718,
alpha_tuning,ridge,14,0.023713737056616554,,11,0.1268739076032398,0.9971631931198767,0.2933672936704901,0.9951205933416889,0.18500679499993566,
alpha_tuning,ridge,14,0.023713737056616554,,12,0.13475868215989384,0.997199325093477,0.2636218672046299,0.9943254771559947,0.2032424950011773,
alpha_tuning,ridge,14,0.023713737056616554,,13,0.13435328512157174,0.997323482587951,0.25125363878691265,0.9933681146411096,0.2606860930027324,
alpha_tuning,ridge,14,0.023713737056616554,,14,0.13467604642203887,0.9970337961259008,0.2850623619675881,0.9950171360937733,0.19487199400100508,
alpha_tuning,ridge,14,0.023713737056616554,,15,0.13896849855128482,0.9972502390384772,0.2451349296169667,0.9932949840564305,0.17890659399927245,
alpha_tuning,ridge,14,0.03162277660168379,,1,0.13611534606633272,0.9971752146738405,0.325351727494281,0.9929244584232438,0.2436471930013795,
alpha_tuning,ridge,14,0.03162277660168379,,2,0.13527768597317336,0.9972278896942899,0.2638871639471597,0.9939556697865636,0.23573413899794105,
alpha_tuning,ridge,14,0.03162277660168379,,3,0.13982090213408974,0.99706920321647,0.2379366729140731,0.9950235513852779,0.2253717420026078,
alpha_tuning,ridge,14,0.03162277660168379,,4,0.1428018260270746,0.9969907354163661,0.2138642119140785,0.9956539682838057,0.2910067410011834,
alpha_tuning,ridge,14,0.03162277660168379,,5,0.12823133546307885,0.9972608817386726,0.2787950801223743,0.9945642526311435,0.3195253850026347,
alpha_tuning,ridge,14,0.03162277660168379,,6,0.13703514312064596,0.9972817968996652,0.256010326998396,0.9931446885432368,0.32406259100025636,
alpha_tuning,ridge,14,0.03162277660168379,,7,0.12967965196185396,0.9972120611257564,0.321848096810236,0.9939061725900157,0.18612078200021642,
alpha_tuning,ridge,14,0.03162277660168379,,8,0.13248186459256242,0.9972181219980599,0.2745972846921142,0.9943221600776199,0.16888595599812106,
alpha_tuning,ridge,14,0.03162277660168379,,9,0.14460078820356573,0.9970424170030797,0.22360282521820524,0.9948016284830958,0.17733696900177165,
alpha_tuning,ridge,14,0.03162277660168379,,10,0.1371646475918977,0.9969881038588061,0.25642283075793126,0.9954830032786095,0.30667250100304955,
alpha_tuning,ridge,14,0.03162277660168379,,11,0.12917442989001052,0.9971117551404349,0.2912847249407597,0.9951552314896539,0.20504327999879024,
alpha_tuning,ridge,14,0.03162277660168379,,12,0.1369506924153119,0.9971537687848311,0.2618736141728699,0.9943631087146777,0.19186978200013982,
alpha_tuning,ridge,14,0.03162277660168379,,13,0.1368110109824418,0.9972745210307051,0.2466101041599077,0.9934906815796622,0.16993518399976892,
alpha_tuning,ridge,14,0.03162277660168379,,14,0.1370683030108393,0.9969811073148609,0.2793823821321556,0.9951164216196305,0.19397198099977686,
alpha_tuning,ridge,14,0.03162277660168379,,15,0.14154714516926822,0.9971992155196394,0.2369627531344021,0.9935185122728902,0.19757818099969882,
alpha_tuning,ridge,14,0.042169650342858224,,1,0.13849157011920066,0.9971259011832593,0.309375072566221,0.9932719085107894,0.17075938299967675,
alpha_tuning,ridge,14,0.042169650342858224,,2,0.13760032714101847,0.9971802941320836,0.2593115971308647,0.9940604730529964,0.17170348400031799,
alpha_tuning,ridge,14,0.042169650342858224,,3,0.14211187407451717,0.9970211819757852,0.2351388900642467,0.9950820670500419,0.18727048200162244,
alpha_tuning,ridge,14,0.042169650342858224,,4,0.1453218460097824,0.9969376310052043,0.2101444714985601,0.9957295588170566,0.15235088500048732,
alpha_tuning,ridge,14,0.042169650342858224,,5,0.13077624249316416,0.9972065206007003,0.2738851327511207,0.9946599832785165,0.22221427900149138,
alpha_tuning,ridge,14,0.042169650342858224,,6,0.13947528511764973,0.9972333947059617,0.24991647864679328,0.9933078664466843,0.16257388400117634,
alpha_tuning,ridge,14,0.042169650342858224,,7,0.13189697374821246,0.9971643916763758,0.32142685991386316,0.9939141482312286,0.23899727599928156,
alpha_tuning,ridge,14,0.042169650342858224,,8,0.13492199837961205,0.9971668836302663,0.26904530607346894,0.9944369581750756,0.07944469300127821,
alpha_tuning,ridge,14,0.042169650342858224,,9,0.14707967817900502,0.9969917151851043,0.2194420496906365,0.9948983591794528,0.16325088400117238,
alpha_tuning,ridge,14,0.042169650342858224,,10,0.13933786669656056,0.9969403837621906,0.25513986673331324,0.9955056032330508,0.2744939730000624,
alpha_tuning,ridge,14,0.042169650342858224,,11,0.13152402528974064,0.997059219922427,0.2897320777335504,0.9951810557627897,0.1415074860015011,
alpha_tuning,ridge,14,0.042169650342858224,,12,0.1391519389755765,0.9971080205190749,0.26035038432068497,0.9943958965963681,0.11818278799910331,
alpha_tuning,ridge,14,0.042169650342858224,,13,0.13932617550216636,0.9972244152098826,0.24237325847004315,0.9936025138899689,0.15997448399866698,
alpha_tuning,ridge,14,0.042169650342858224,,14,0.13952189200418164,0.9969270676740276,0.274643265102875,0.995199260950048,0.1716437830000359,
alpha_tuning,ridge,14,0.042169650342858224,,15,0.1442052513774004,0.9971466197388769,0.22978594716672393,0.9937148147684683,0.1598714840001776,
alpha_tuning,ridge,14,0.05623413251903491,,1,0.1409337591594942,0.9970752187292664,0.2961046528836573,0.9935605051226104,0.2814531719996012,
alpha_tuning,ridge,14,0.05623413251903491,,2,0.1399828346142243,0.9971314717895636,0.2552441977067449,0.9941536367554727,0.14741888500066125,
alpha_tuning,ridge,14,0.05623413251903491,,3,0.14450175934540593,0.996971087405102,0.23295773821556867,0.9951276858693812,0.18442538100134698,
alpha_tuning,ridge,14,0.05623413251903491,,4,0.14794594832468877,0.9968823332658141,0.20683789148108864,0.9957967533303389,0.25903297400145675,
alpha_tuning,ridge,14,0.05623413251903491,,5,0.13345732828030202,0.9971492505815336,0.26939923795418635,0.9947474460516353,0.16777668299982906,
alpha_tuning,ridge,14,0.05623413251903491,,6,0.14199851652114476,0.997183344366555,0.24489428270798697,0.9934423481988897,0.18450378099805675,
alpha_tuning,ridge,14,0.05623413251903491,,7,0.13419248036524556,0.9971150413578262,0.3199650257632813,0.9939418263971209,0.15454798899736488,
alpha_tuning,ridge,14,0.05623413251903491,,8,0.1374873768615924,0.9971130153518599,0.2638311399285929,0.9945447713340166,0.15332969200244406,
alpha_tuning,ridge,14,0.05623413251903491,,9,0.14964448423153043,0.9969392560881272,0.21530830320438477,0.9949944614982462,0.18249489099980565,
alpha_tuning,ridge,14,0.05623413251903491,,10,0.14161507369660126,0.9968903802729787,0.2537893128733934,0.9955293938110555,0.2023231899984239,
alpha_tuning,ridge,14,0.05623413251903491,,11,0.13394509806199026,0.997005086523154,0.2886159106813542,0.9951996203167253,0.1953893899990362,
alpha_tuning,ridge,14,0.05623413251903491,,12,0.14138329187574006,0.9970616465565597,0.2589379410909499,0.9944262997698907,0.17997959000058472,
alpha_tuning,ridge,14,0.05623413251903491,,13,0.14192605198732275,0.9971726218006228,0.23863271489636667,0.9937012462159178,0.14729649200307904,
alpha_tuning,ridge,14,0.05623413251903491,,14,0.14204771073164774,0.9968714371926337,0.2707969509936677,0.9952664941674201,0.16959119099919917,
alpha_tuning,ridge,14,0.05623413251903491,,15,0.1469575491916065,0.9970921601947148,0.2236378118450773,0.9938829807063838,0.1554517910008144,
alpha_tuning,ridge,14,0.07498942093324558,,1,0.14345960149946366,0.9970228002284556,0.2853455923239077,0.9937944863001613,0.1855146900015825,
alpha_tuning,ridge,14,0.07498942093324558,,2,0.14246219995829087,0.9970806646355791,0.2516051479773517,0.9942369891167568,0.16487179099931382,
alpha_tuning,ridge,14,0.07498942093324558,,3,0.14700704859790864,0.9969185738426019,0.23156013940835612,0.9951569166666471,0.16229649199885898,
alpha_tuning,ridge,14,0.07498942093324558,,4,0.15069978280776256,0.9968243016788964,0.20394459038281318,0.9958555494151305,0.1683511909977824,
alpha_tuning,ridge,14,0.07498942093324558,,5,0.13630424591228407,0.9970884382688013,0.2653811599387345,0.9948257876672434,0.2892558839994308,
alpha_tuning,ridge,14,0.07498942093324558,,6,0.14462693888610834,0.9971312074791936,0.240834835815635,0.9935510499575865,0.2958868839996285,
alpha_tuning,ridge,14,0.07498942093324558,,7,0.13659927155436846,0.9970632985699884,0.31738593201176957,0.9939906586019768,0.1635459909994097,
alpha_tuning,ridge,14,0.07498942093324558,,8,0.14020856701173293,0.9970558753120434,0.25911057348384575,0.9946423783465779,0.1631000910019793,
alpha_tuning,ridge,14,0.07498942093324558,,9,0.15231174887192034,0.9968847013609593,0.21145476866566107,0.9950840493832203,0.26622378500178456,
alpha_tuning,ridge,14,0.07498942093324558,,10,0.1440372078254154,0.9968371944370938,0.25235571626860825,0.9955546472221675,0.2754000850000011,
alpha_tuning,ridge,14,0.07498942093324558,,11,0.1364618988887841,0.9969488127152748,0.28784728462394504,0.9952124044245082,0.1944808890002605,
alpha_tuning,ridge,14,0.07498942093324558,,12,0.14367710939442865,0.9970139743987309,0.2575493457033149,0.9944561896129896,0.20025138900018646,
alpha_tuning,ridge,14,0.07498942093324558,,13,0.14463911048906758,0.9971185736371316,0.235491758017411,0.9937841523423286,0.19834348899894394,
alpha_tuning,ridge,14,0.07498942093324558,,14,0.1446622402409163,0.9968138528800156,0.26775762024498745,0.9953196213897659,0.3128303829980723,
alpha_tuning,ridge,14,0.07498942093324558,,15,0.14982012794393693,0.9970355185285494,0.21850593348495131,0.9940233496300572,0.23215738699946087,
alpha_tuning,ridge,14,0.1,,1,0.146097926923643,0.9969680473797928,0.27685579553064893,0.9939791169786322,0.10986339400187717,
alpha_tuning,ridge,14,0.1,,2,0.14508119050527363,0.9970269962819728,0.2483546763050382,0.9943114411054137,0.15191739200236043,
alpha_tuning,ridge,14,0.1,,3,0.1496421199875265,0.996863339906651,0.2310122346718458,0.9951683761013513,0.19259418900037417,
alpha_tuning,ridge,14,0.1,,4,0.15360785670300492,0.9967630198030057,0.2014676557918841,0.9959058843271514,0.1960803889996896,
alpha_tuning,ridge,14,0.1,,5,0.13934303035737725,0.9970235275359003,0.2618758354062661,0.9948941319816265,0.18204288899869425,
alpha_tuning,ridge,14,0.1,,6,0.1473877222754087,0.9970764451036653,0.23760102579936263,0.9936376432411992,0.17211138999846298,
alpha_tuning,ridge,14,0.1,,7,0.13915454494281468,0.9970083636136851,0.31368023116078897,0.9940608218300421,0.17078018999745836,
alpha_tuning,ridge,14,0.1,,8,0.14311441356612836,0.9969948578238647,0.2550384315657239,0.9947265779044075,0.28321198399862624,
alpha_tuning,ridge,14,0.1,,9,0.15509919388432802,0.9968276885322191,0.20813888843032202,0.9951611377534232,0.19088068899873178,
alpha_tuning,ridge,14,0.1,,10,0.14664625001793608,0.9967799044265129,0.2508531357757849,0.9955811158136717,0.19340178899801685,
alpha_tuning,ridge,14,0.1,,11,0.1391019831428946,0.9968897823810032,0.2873630561747167,0.9952204583131669,0.18567720399732934,
alpha_tuning,ridge,14,0.1,,12,0.14607810423791667,0.9969640747863194,0.25613652195009434,0.9944866009773701,0.17739265099953627,
alpha_tuning,ridge,14,0.1,,13,0.1474939412772183,0.9970617011586803,0.23304625008752936,0.9938487019676139,0.1683506480003416,
alpha_tuning,ridge,14,0.1,,14,0.1473908274160962,0.9967537564778353,0.2654339247373985,0.9953602393738236,0.1603232460001891,
alpha_tuning,ridge,14,0.1,,15,0.15281234925847306,0.9969763116331399,0.214351090028025,0.9941369943548839,0.1700607479979226,
alpha_tuning,ridge,14,0.1333521432163324,,1,0.14889035512004156,0.9969100964549228,0.2703920065339085,0.9941196873334972,0.09992412900101044,
alpha_tuning,ridge,14,0.1333521432163324,,2,0.147889762250993,0.9969694430304914,0.24550104008812645,0.9943768035858999,0.16306244600127684,
alpha_tuning,ridge,14,0.1333521432163324,,3,0.15242502764277213,0.9968050071632603,0.23130481316196452,0.9951622568184177,0.1606462460003968,
alpha_tuning,ridge,14,0.1333521432163324,,4,0.15669635966215492,0.9966979357432987,0.1994145163918551,0.9959476071047515,0.1543829430011101,
alpha_tuning,ridge,14,0.1333521432163324,,5,0.14259867655587968,0.9969539844720108,0.25892913462301953,0.9949515846490922,0.1817123510008969,
alpha_tuning,ridge,14,0.1333521432163324,,6,0.1503168293825847,0.9970183438908039,0.23505743520347638,0.9937057541879635,0.21962016299949028,
alpha_tuning,ridge,14,0.1333521432163324,,7,0.14190078139406154,0.9969493232072337,0.30894768876232376,0.9941504271341359,0.209908558997995,
alpha_tuning,ridge,14,0.1333521432163324,,8,0.14623262100547713,0.9969293811436587,0.2517588484758193,0.9947943897468208,0.15945814500082633,
alpha_tuning,ridge,14,0.1333521432163324,,9,0.15802938044353165,0.9967677561483576,0.2056074246939876,0.995219989822802,0.1778555500022776,
alpha_tuning,ridge,14,0.1333521432163324,,10,0.14948622740101736,0.9967175434824114,0.24933168494198552,0.9956079168142211,0.19184545399912167,
alpha_tuning,ridge,14,0.1333521432163324,,11,0.14189919547927388,0.996827238778848,0.28714366671678954,0.9952241072897394,0.1950862550002057,
alpha_tuning,ridge,14,0.1333521432163324,,12,0.14864369574287886,0.996910754379551,0.25470924763398384,0.9945173233935236,0.12520503599807853,
alpha_tuning,ridge,14,0.1333521432163324,,13,0.15052084704708066,0.9970014006904757,0.2313740079875824,0.9938928411010916,0.2075951590013574,
alpha_tuning,ridge,14,0.1333521432163324,,14,0.15027094872680935,0.9966903225768805,0.2637556778553193,0.9953895749751871,0.370512105000671,
alpha_tuning,ridge,14,0.1333521432163324,,15,0.15596065712045679,0.9969140162630094,0.2111303294227133,0.9942250897203334,0.16921044699847698,
alpha_tuning,ridge,14,0.1778279410038923,,1,0.15189219039362947,0.9968477997302887,0.2657456536184193,0.9942207332492112,0.16709544699915568,
alpha_tuning,ridge,14,0.1778279410038923,,2,0.1509481897613444,0.9969067697347463,0.2431052195257687,0.9944316798079731,0.17170414900101605,
alpha_tuning,ridge,14,0.1778279410038923,,3,0.15538532295107632,0.9967429561835036,0.2323933418507303,0.9951394902267068,0.16686424699946656,
alpha_tuning,ridge,14,0.1778279410038923,,4,0.15999912751861303,0.9966283364768543,0.19779852985187724,0.9959804463006732,0.18998095299684792,
alpha_tuning,ridge,14,0.1778279410038923,,5,0.14610144082329093,0.9968791627793617,0.25659431864199184,0.9949971072236659,0.19062165299692424,
alpha_tuning,ridge,14,0.1778279410038923,,6,0.15346371205278264,0.9969559229231914,0.23310499435619483,0.9937580356340517,0.20873395899980096,
alpha_tuning,ridge,14,0.1778279410038923,,7,0.14488863078735137,0.9968850884460517,0.3034241924605071,0.9942550082501858,0.18217345100129023,
alpha_tuning,ridge,14,0.1778279410038923,,8,0.14959385972490835,0.9968588012489569,0.2494008133206431,0.9948431467698825,0.19379155400019954,
alpha_tuning,ridge,14,0.1778279410038923,,9,0.16113581192121365,0.9967042189502991,0.20408759312878658,0.9952553232275179,0.1728373920013837,
alpha_tuning,ridge,14,0.1778279410038923,,10,0.15260668581818865,0.9966490236645834,0.24788393016952234,0.9956334196274507,0.19849789200088708,
alpha_tuning,ridge,14,0.1778279410038923,,11,0.14489814229833184,0.9967601845426372,0.2872235409858929,0.9952227787877254,0.1749677919979149,
alpha_tuning,ridge,14,0.1778279410038923,,12,0.1514445432744197,0.996852544672593,0.25335252348178466,0.9945465272007659,0.17849129200112657,
alpha_tuning,ridge,14,0.1778279410038923,,13,0.15375668816926652,0.9969369379190718,0.2305396138405601,0.9939148650859138,0.17830269299884094,
alpha_tuning,ridge,14,0.1778279410038923,,14,0.1533549486954191,0.9966223983030572,0.2626901548733899,0.9954082002190505,0.17669189299704158,
alpha_tuning,ridge,14,0.1778279410038923,,15,0.1593043748651052,0.9968478543297912,0.20881909096495593,0.9942883075193344,0.21658159099752083,
alpha_tuning,ridge,14,0.23713737056616552,,1,0.15517365734769178,0.9967796998431856,0.2627594428661283,0.9942856754534452,0.16940709299888113,
alpha_tuning,ridge,14,0.23713737056616552,,2,0.15433207585652903,0.9968374271417656,0.24128249857452516,0.9944734291949135,0.24049138999907882,
alpha_tuning,ridge,14,0.23713737056616552,,3,0.15857326946717326,0.9966761333891085,0.23424199674050059,0.9951008255855961,0.2041464919966529,
alpha_tuning,ridge,14,0.23713737056616552,,4,0.16356679091818904,0.9965531550634693,0.1966439086692487,0.9960039098817697,0.1736828159992001,
alpha_tuning,ridge,14,0.23713737056616552,,5,0.14989558214078735,0.996798117052658,0.2549431967989363,0.9950292996182021,0.17672214999765856,
alpha_tuning,ridge,14,0.23713737056616552,,6,0.15689649342788187,0.9968878309231096,0.2317119259147472,0.9937953384966303,0.19204195400016033,
alpha_tuning,ridge,14,0.23713737056616552,,7,0.14818254977704634,0.9968142735983786,0.29747855328384526,0.9943675821611199,0.24114216800080612,
alpha_tuning,ridge,14,0.23713737056616552,,8,0.15323957261055202,0.996782247914588,0.24807943578752756,0.9948704688539973,0.19170335500166402,
alpha_tuning,ridge,14,0.23713737056616552,,9,0.1644708537928128,0.9966360058841326,0.20378349957768832,0.9952623928665215,0.16963524799939478,
alpha_tuning,ridge,14,0.23713737056616552,,10,0.1560690451259219,0.9965729963002335,0.24665185377269125,0.9956551231747851,0.21454406100019696,
alpha_tuning,ridge,14,0.23713737056616552,,11,0.14816016672829924,0.9966872480853239,0.28769384877942555,0.9952149564331932,0.2755207779991906,
alpha_tuning,ridge,14,0.23713737056616552,,12,0.1545662848107919,0.9967876658607387,0.2522347070750535,0.994570588462461,0.18723605199920712,
alpha_tuning,ridge,14,0.23713737056616552,,13,0.1572526729320333,0.9968672926991478,0.23061365166449999,0.9939129108441246,0.1768918499983556,
alpha_tuning,ridge,14,0.23713737056616552,,14,0.15671245560849814,0.9965484501119908,0.2622462142456883,0.9954159602604499,0.1074102300008235,
alpha_tuning,ridge,14,0.23713737056616552,,15,0.1629031861957126,0.9967766448757929,0.20742839378149114,0.994326346352896,0.3224640910011658,
alpha_tuning,ridge,14,0.31622776601683794,,1,0.1588228467864358,0.9967039686558005,0.2613231407091381,0.9943169112354305,0.17716084999847226,
alpha_tuning,ridge,14,0.31622776601683794,,2,0.15813904967972028,0.9967594146351728,0.24020365808931834,0.9944981400146544,0.14669804100049078,
alpha_tuning,ridge,14,0.31622776601683794,,3,0.16206981876991094,0.9966028419477467,0.23686384714675118,0.9950459895501822,0.19110075400021742,
alpha_tuning,ridge,14,0.31622776601683794,,4,0.16747853420639078,0.9964707228504861,0.19599727921465168,0.9960170503324003,0.17386494899983518,
alpha_tuning,ridge,14,0.31622776601683794,,5,0.15404897714431592,0.9967093973956443,0.2540765736809134,0.9950461964168525,0.1761899490011274,
alpha_tuning,ridge,14,0.31622776601683794,,6,0.1607076213902877,0.9968122341119029,0.2309346392978882,0.9938161522736065,0.17386174899729667,
alpha_tuning,ridge,14,0.31622776601683794,,7,0.15186981863096924,0.9967350022553257,0.291579795909291,0.9944792684184883,0.25452387100085616,
alpha_tuning,ridge,14,0.31622776601683794,,8,0.15723293811560057,0.9966983945080379,0.24790188205511604,0.9948741401272635,0.1724750489993312,
alpha_tuning,ridge,14,0.31622776601683794,,9,0.16811433569343628,0.996561484159509,0.20487763853054095,0.9952369560646274,0.17301854799734429,
alpha_tuning,ridge,14,0.31622776601683794,,10,0.1599554408677344,0.9964876578362531,0.24583345293954836,0.995669539651934,0.22316166299788165,
alpha_tuning,ridge,14,0.31622776601683794,,11,0.15177090794620324,0.996606514578153,0.28870087037054104,0.9951982072318926,0.18503185199733707,
alpha_tuning,ridge,14,0.31622776601683794,,12,0.15811348086671678,0.9967139448742828,0.25160411472479327,0.994584162111471,0.06468631800089497,
alpha_tuning,ridge,14,0.31622776601683794,,13,0.1610842107207533,0.9967909627635072,0.23170011467008828,0.9938842334560696,0.18345705100000487,
alpha_tuning,ridge,14,0.31622776601683794,,14,0.160433592363662,0.9964664930709841,0.2624688424367148,0.9954120687401176,0.25120616999993217,
alpha_tuning,ridge,14,0.31622776601683794,,15,0.1668456164298359,0.9966986362561105,0.20701435412852176,0.9943376713096402,0.24499354100044002,
alpha_tuning,ridge,14,0.4216965034285822,,1,0.1629517979386524,0.9966182810315591,0.26135569846800555,0.9943162031900844,0.16811219999726745,
alpha_tuning,ridge,14,0.4216965034285822,,2,0.16249638389112867,0.9966701241436481,0.24009722364565192,0.9945005778934582,0.17814530000032391,
alpha_tuning,ridge,14,0.4216965034285822,,3,0.16599652490848754,0.9965205339555571,0.2403522381891488,0.9949730298060707,0.1679987000024994,
alpha_tuning,ridge,14,0.4216965034285822,,4,0.1718552108700974,0.9963784930909338,0.1959473460480287,0.9960180650469422,0.15593889999945532,
alpha_tuning,ridge,14,0.4216965034285822,,5,0.1586631528345044,0.9966108351148389,0.25413027232490853,0.9950451494390412,0.25311900000087917,
alpha_tuning,ridge,14,0.4216965034285822,,6,0.16502054745564312,0.9967266837287282,0.23092634567733897,0.9938163743558663,0.20609669999976177,
alpha_tuning,ridge,14,0.4216965034285822,,7,0.15607251962398289,0.9966446498114536,0.2862515118299247,0.994580153413282,0.16915180000069086,
alpha_tuning,ridge,14,0.4216965034285822,,8,0.16167196545444917,0.9966051830142086,0.24897688762835096,0.9948519122688659,0.21821749999799067,
alpha_tuning,ridge,14,0.4216965034285822,,9,0.17218181256827422,0.9964782902807283,0.20753696995001383,0.9951751312970222,0.2814056999995955,
alpha_tuning,ridge,14,0.4216965034285822,,10,0.16437916814211084,0.9963905205101177,0.24568729931873567,0.9956721142098394,0.1558770999981789,
alpha_tuning,ridge,14,0.4216965034285822,,11,0.15584949191493294,0.9965153204525662,0.2904448358704719,0.9951692008734612,0.28951159799908055,
alpha_tuning,ridge,14,0.4216965034285822,,12,0.16221630891612202,0.9966286762490664,0.2517769295760924,0.9945804422310535,0.16603679899708368,
alpha_tuning,ridge,14,0.4216965034285822,,13,0.1653616703900321,0.9967057494002924,0.23396289164788603,0.9938245070474017,0.1678079989978869,
alpha_tuning,ridge,14,0.4216965034285822,,14,0.16463471570818203,0.9963739644538235,0.2634315598302264,0.9953952405284978,0.26043669800128555,
alpha_tuning,ridge,14,0.4216965034285822,,15,0.17125766804608886,0.9966113352676055,0.2076787848010739,0.9943194975705496,0.20966229899931932,
alpha_tuning,ridge,14,0.5623413251903491,,1,0.1677069546495843,0.9965195978390403,0.2627895595777694,0.9942850204944351,0.22395569899890688,
alpha_tuning,ridge,14,0.5623413251903491,,2,0.1675684193076753,0.996566187995214,0.2412502309173628,0.9944741682849556,0.19452169900250738,
alpha_tuning,ridge,14,0.5623413251903491,,3,0.17052456807241623,0.9964256212912989,0.24490106730818786,0.9948778909857668,0.1990220980005688,
alpha_tuning,ridge,14,0.5623413251903491,,4,0.1768720015157702,0.9962727742018024,0.1966509709986925,0.9960037663649677,0.1885349980002502,
alpha_tuning,ridge,14,0.5623413251903491,,5,0.16388459618622186,0.9964993011377223,0.2552787203473353,0.9950227578196718,0.14846669899998233,
alpha_tuning,ridge,14,0.5623413251903491,,6,0.1699981544506414,0.9966279488607379,0.23193526587064006,0.9937893580153883,0.1426231990008091,
alpha_tuning,ridge,14,0.5623413251903491,,7,0.16096082261876377,0.9965395578425745,0.2820351813835439,0.9946599848315764,0.17125579900312005,
alpha_tuning,ridge,14,0.5623413251903491,,8,0.1667035594395803,0.9964995286994466,0.2514283626445908,0.9948012231925645,0.13254549900011625,
alpha_tuning,ridge,14,0.5623413251903491,,9,0.1768322072704328,0.996383173729353,0.21192286502580363,0.9950731669680122,0.16949219900197932,
alpha_tuning,ridge,14,0.5623413251903491,,10,0.16949586026797153,0.9962781668859141,0.2465345020695099,0.9956571903747179,0.1514305989985587,
alpha_tuning,ridge,14,0.5623413251903491,,11,0.1605592600140277,0.9964100135159416,0.2931834590946789,0.9951236509546969,0.1705368990005809,
alpha_tuning,ridge,14,0.5623413251903491,,12,0.16703988567644332,0.9965284283824666,0.2531218493468092,0.9945514925159057,0.2085703979973914,
alpha_tuning,ridge,14,0.5623413251903491,,13,0.17024087261672485,0.9966085484296958,0.23764269197559806,0.9937273780504453,0.17878169899995555,
alpha_tuning,ridge,14,0.5623413251903491,,14,0.16946817661403266,0.9962675087711307,0.26523708359193005,0.9953636801389678,0.17825059900133056,
alpha_tuning,ridge,14,0.5623413251903491,,15,0.17631097452797648,0.9965113458093083,0.2095614437470862,0.9942680024275724,0.05347010000332375,
alpha_tuning,ridge,14,0.7498942093324559,,1,0.17328471903445922,0.9964038431688836,0.2655786593644634,0.9942243649335919,0.29050609700061614,
alpha_tuning,ridge,14,0.7498942093324559,,2,0.17356319989939933,0.9964433429528906,0.24400239696415607,0.994411129976687,0.16858699899967178,
alpha_tuning,ridge,14,0.7498942093324559,,3,0.17588278523790926,0.9963133072853498,0.2508149705333794,0.9947542016227436,0.1762629989971174,
alpha_tuning,ridge,14,0.7498942093324559,,4,0.18276873407559807,0.9961485122862154,0.19836085291803893,0.9959690190784258,0.17016319899994414,
alpha_tuning,ridge,14,0.7498942093324559,,5,0.16991838467049475,0.9963704148544861,0.25774315383147217,0.9949747080555896,0.19181229800233268,
alpha_tuning,ridge,14,0.7498942093324559,,6,0.17585326149626057,0.9965118080682247,0.23429682311919933,0.9937261214629739,0.37618339600157924,
alpha_tuning,ridge,14,0.7498942093324559,,7,0.16676542903244176,0.9964147665771327,0.2794774778516679,0.994708412036968,0.23387599700072315,
alpha_tuning,ridge,14,0.7498942093324559,,8,0.172537585115206,0.9963770247798369,0.255415672323009,0.9947187777084425,0.19999009800085332,
alpha_tuning,ridge,14,0.7498942093324559,,9,0.18227567872100509,0.9962718360332973,0.21820544649159074,0.9949271080239335,0.48350169400146115,
alpha_tuning,ridge,14,0.7498942093324559,,10,0.17551489404078827,0.9961459994148322,0.24875978405728852,0.9956179910904215,0.39440149499932886,
alpha_tuning,ridge,14,0.7498942093324559,,11,0.1661197178716383,0.9962856857845341,0.29724252352324704,0.995056138909467,0.43347879399880185,
alpha_tuning,ridge,14,0.7498942093324559,,12,0.17279577458103204,0.9964088043748596,0.25604790667587374,0.99448850844204,0.2282651999994414,
alpha_tuning,ridge,14,0.7498942093324559,,13,0.17593265027074131,0.9964951597471438,0.24305985426777668,0.9935843910693783,0.20204150100107654,
alpha_tuning,ridge,14,0.7498942093324559,,14,0.1751364986578101,0.9961426654953398,0.26803554962871945,0.9953147632096642,0.19296899999972084,
alpha_tuning,ridge,14,0.7498942093324559,,15,0.18223058066740122,0.9963942149340419,0.21282683682395173,0.9941786862592213,0.3244016999997257,
alpha_tuning,ridge,14,1.0,,1,0.1799522120388388,0.9962654734923898,0.26975037249041844,0.9941336411808818,0.21886590100257308,
alpha_tuning,ridge,14,1.0,,2,0.1807394873267033,0.9962962864728003,0.24873068216356967,0.9943028286987429,0.2181601000011142,
alpha_tuning,ridge,14,1.0,,3,0.18236632375951742,0.9961774053310999,0.25851508258482037,0.994593153678842,0.18391390000033425,
alpha_tuning,ridge,14,1.0,,4,0.18985698512851434,0.9959991414872075,0.201448302234052,0.9959062776195841,0.27506150100089144,
alpha_tuning,ridge,14,1.0,,5,0.17704448352142868,0.9962181959960914,0.2618125749019365,0.994895365389762,0.1678909999973257,
alpha_tuning,ridge,14,1.0,,6,0.18286125849044466,0.9963727987694205,0.23842480740385563,0.9936155844456132,0.2303113999987545,
alpha_tuning,ridge,14,1.0,,7,0.17378826544689596,0.9962637849979018,0.27914526647857657,0.9947147020812197,0.20001369999954477,
alpha_tuning,ridge,14,1.0,,8,0.17946067396221047,0.9962316525160317,0.26116410246538296,0.9945999175886494,0.2098045999991882,
alpha_tuning,ridge,14,1.0,,9,0.18878381253693483,0.9961387223334702,0.22658560642352513,0.9947322840781503,0.22137370000200463,
alpha_tuning,ridge,14,1.0,,10,0.18271134986656193,0.9959879778115076,0.25281570535786174,0.9955465443196221,0.1822451000007277,
alpha_tuning,ridge,14,1.0,,11,0.17281936923204236,0.9961358865276763,0.30303432408242403,0.9949598072773396,0.16092520000165678,
alpha_tuning,ridge,14,1.0,,12,0.1797557994417428,0.996264154941786,0.261003188439086,0.994381844833812,0.1763506999996025,
alpha_tuning,ridge,14,1.0,,13,0.18271226252906067,0.9963600997801327,0.2506056677174502,0.9933852179549931,0.1657932999987679,
alpha_tuning,ridge,14,1.0,,14,0.1819103286693937,0.995993473702466,0.2720642765957643,0.9952443414322903,0.2181587990016851,
alpha_tuning,ridge,14,1.0,,15,0.1893040414009702,0.9962542528103174,0.21765198458934867,0.9940467071375694,0.17045510000025388,
alpha_tuning,ridge,14,1.333521432163324,,1,0.18807296927088443,0.9960969443990192,0.27551021982715007,0.9940083796996514,0.18495229999825824,
alpha_tuning,ridge,14,1.333521432163324,,2,0.18941811606761824,0.9961184440149031,0.2558279487476718,0.9941402659495532,0.1722728000022471,
alpha_tuning,ridge,14,1.333521432163324,,3,0.19034967175630624,0.9960100657540146,0.26855072761139626,0.9943832580323295,0.20308339999974123,
alpha_tuning,ridge,14,1.333521432163324,,4,0.1985255509962907,0.9958164686952513,0.20641529908767253,0.9958053410221661,0.269953199000156,
alpha_tuning,ridge,14,1.333521432163324,,5,0.18563705245792725,0.9960346522280983,0.267883311433913,0.9947770025043186,0.2334962999993877,
alpha_tuning,ridge,14,1.333521432163324,,6,0.19137585948269134,0.996203904759547,0.24480630751767382,0.9934447039528045,0.191218199001014,
alpha_tuning,ridge,14,1.333521432163324,,7,0.1824134570399839,0.9960783549279071,0.2816651118447805,0.9946669916771077,0.27832069999931264,
alpha_tuning,ridge,14,1.333521432163324,,8,0.18785102153744926,0.9960554704897598,0.26900778190634206,0.9944377340611679,0.2411478989997704,
alpha_tuning,ridge,14,1.333521432163324,,9,0.19670538641291863,0.9959766989275434,0.2373303496486506,0.9944824877391129,0.17301389999920502,
alpha_tuning,ridge,14,1.333521432163324,,10,0.1914404576112284,0.9957963018483946,0.2592355309979746,0.9954334563731136,0.1812980989998323,
alpha_tuning,ridge,14,1.333521432163324,,11,0.18102996210353312,0.995952303734431,0.31108435672250573,0.9948259157914409,0.270623798998713,
alpha_tuning,ridge,14,1.333521432163324,,12,0.18826964087487247,0.996087212709362,0.2684930079007511,0.9942206247040734,0.15898079999897163,
alpha_tuning,ridge,14,1.333521432163324,,13,0.19093170816729554,0.9961963561891352,0.26073246470204353,0.9931179193121602,0.2124411990007502,
alpha_tuning,ridge,14,1.333521432163324,,14,0.19014952825087794,0.9958120075370465,0.2777050107668317,0.9951457419170417,0.16366499899959308,
alpha_tuning,ridge,14,1.333521432163324,,15,0.19789582886736384,0.9960842476507951,0.22422617916320278,0.9938668874786465,0.16767390000313753,
alpha_tuning,ridge,14,1.7782794100389228,,1,0.19813666111508915,0.9958880938184634,0.28338558950405884,0.99383711118969,0.1722321990018827,
alpha_tuning,ridge,14,1.7782794100389228,,2,0.20000399922562942,0.9959015180999877,0.26568723791484417,0.9939144391283287,0.17009019999750308,
alpha_tuning,ridge,14,1.7782794100389228,,3,0.20030855052891616,0.9958013169229827,0.281628267830704,0.9941097411082198,0.26377929899899755,
alpha_tuning,ridge,14,1.7782794100389228,,4,0.20924899295560942,0.9955904934749015,0.21389293633658268,0.995653384561779,0.25294489900261397,
alpha_tuning,ridge,14,1.7782794100389228,,5,0.1961883212457561,0.9958092691506114,0.2765196868381887,0.9946086166244112,0.2183785990018805,
alpha_tuning,ridge,14,1.7782794100389228,,6,0.2018508277467026,0.9959961252763959,0.2540052167930714,0.9931983803420161,0.39249589899918647,
alpha_tuning,ridge,14,1.7782794100389228,,7,0.1931233140989295,0.9958481073417939,0.2877829863479367,0.9945511566862917,0.25029569899925264,
alpha_tuning,ridge,14,1.7782794100389228,,8,0.19819708438606604,0.9958382220027027,0.2794434778940708,0.9942219554843207,0.23627599899919005,
alpha_tuning,ridge,14,1.7782794100389228,,9,0.20649128851702034,0.9957765436031348,0.2508264660472901,0.9941687268239409,0.17937109900231007,
alpha_tuning,ridge,14,1.7782794100389228,,10,0.20215809325177914,0.9955609612850992,0.2686593849021153,0.9952674511969675,0.23344279899902176,
alpha_tuning,ridge,14,1.7782794100389228,,11,0.1912244704936806,0.9957243620552713,0.3220669088190691,0.9946432494241211,0.24069769899870153,
alpha_tuning,ridge,14,1.7782794100389228,,12,0.1987886682172702,0.9958685969181811,0.279122786136059,0.9939918162214441,0.3130330979984137,
alpha_tuning,ridge,14,1.7782794100389228,,13,0.2010395786129912,0.9959949923652275,0.2739560174070104,0.9927688812405128,0.44479379800031893,
alpha_tuning,ridge,14,1.7782794100389228,,14,0.2003275192292295,0.9955878400100616,0.28554547253429147,0.9950086913654376,0.22098129900041386,
alpha_tuning,ridge,14,1.7782794100389228,,15,0.20847242863476206,0.995874969134806,0.23277677687033232,0.9936330085530974,0.30911499799913145,
alpha_tuning,ridge,14,2.371373705661655,,1,0.21078972261159393,0.9956255063624619,0.2943653680991059,0.9935983299772737,0.28457529799925396,
alpha_tuning,ridge,14,2.371373705661655,,2,0.21302439585704533,0.9956347041356097,0.2787071262582191,0.9936162188461736,0.40106129799823975,
alpha_tuning,ridge,14,2.371373705661655,,3,0.2128521070544633,0.9955383904609302,0.2986608911460648,0.9937535035696147,0.21927019800205017,
alpha_tuning,ridge,14,2.371373705661655,,4,0.22260512419447717,0.9953090395619532,0.2246266128040355,0.9954352606506234,0.24969669799975236,
alpha_tuning,ridge,14,2.371373705661655,,5,0.20933895868269733,0.9955283615937999,0.2885345057089274,0.9943743602665328,0.42721439699744224,
alpha_tuning,ridge,14,2.371373705661655,,6,0.21487062739723092,0.9957378670006728,0.2666779850326659,0.9928590355416701,0.2722259980000672,
alpha_tuning,ridge,14,2.371373705661655,,7,0.20652346728555365,0.995560021991281,0.29843896540625403,0.9943493978506504,0.15282429899889394,
alpha_tuning,ridge,14,2.371373705661655,,8,0.21112282695989593,0.9955668049371634,0.2931875394297451,0.993937769931028,0.16480469900125172,
alpha_tuning,ridge,14,2.371373705661655,,9,0.21873024766053134,0.99552621483306,0.2676525049276437,0.9937775510810914,0.1759313980001025,
alpha_tuning,ridge,14,2.371373705661655,,10,0.2154505005287368,0.9952690832327911,0.2818740300563282,0.9950346696281053,0.17842369899881305,
alpha_tuning,ridge,14,2.371373705661655,,11,0.20400202351476338,0.9954386654056914,0.3368494179688027,0.9943973805930415,0.18564019900077255,
alpha_tuning,ridge,14,2.371373705661655,,12,0.21189722193528432,0.995596163284441,0.29366109098942145,0.9936788757818732,0.14104119799958426,
alpha_tuning,ridge,14,2.371373705661655,,13,0.2136117250141841,0.9957445364964397,0.29087895751422865,0.9923221971675246,0.17947299899969948,
alpha_tuning,ridge,14,2.371373705661655,,14,0.2130588155031518,0.9953074366173775,0.2964240741607365,0.9948185344081302,0.15143819799777702,
alpha_tuning,ridge,14,2.371373705661655,,15,0.22164117325232294,0.995614400011306,0.24363182755502943,0.9933360974273641,0.19012179800120066,
alpha_tuning,ridge,14,3.1622776601683795,,1,0.22686049204932374,0.9952919916266167,0.309969637867582,0.9932589782843471,0.22982129600131884,
alpha_tuning,ridge,14,3.1622776601683795,,2,0.2291838872647984,0.9953035638418931,0.29533181316133905,0.9932354307250902,0.15690169699882972,
alpha_tuning,ridge,14,3.1622776601683795,,3,0.22875997708671458,0.9952049443623017,0.32082739099405955,0.9932898909364263,0.1288741980024497,
alpha_tuning,ridge,14,3.1622776601683795,,4,0.2393044003510775,0.9949571355162664,0.23945010283153842,0.9951340257818829,0.18391469700145535,
alpha_tuning,ridge,14,3.1622776601683795,,5,0.22591388562362774,0.9951743086246085,0.3050831189659327,0.9940517072235504,0.16064809700037586,
alpha_tuning,ridge,14,3.1622776601683795,,6,0.2311889782873643,0.9954141792883693,0.28360100191851273,0.9924058797924441,0.2093329960007395,
alpha_tuning,ridge,14,3.1622776601683795,,7,0.22337635111257767,0.9951977075552562,0.31484734570756,0.9940387238444204,0.1872124959991197,
alpha_tuning,ridge,14,3.1622776601683795,,8,0.22741856671457053,0.9952246240651755,0.3112224825867556,0.9935648619455411,0.17243259699898772,
alpha_tuning,ridge,14,3.1622776601683795,,9,0.23419232994568284,0.9952099621194221,0.2886609416213557,0.9932891419618565,0.08739869900091435,
alpha_tuning,ridge,14,3.1622776601683795,,10,0.23207278766707173,0.9949040868334367,0.29986113908610096,0.9947178190876342,0.21876039700146066,
alpha_tuning,ridge,14,3.1622776601683795,,11,0.22012058703433063,0.995078266228636,0.35654233811163666,0.9940698397671222,0.19755149699994945,
alpha_tuning,ridge,14,3.1622776601683795,,12,0.22834866627242387,0.9952542547217228,0.31310584734421293,0.9932603228169716,0.19257979699978023,
alpha_tuning,ridge,14,3.1622776601683795,,13,0.2293910567471416,0.9954301887222446,0.3122329839063285,0.9917585537685001,0.17690239700095844,
alpha_tuning,ridge,14,3.1622776601683795,,14,0.229128019159221,0.9949535167080497,0.31143546214914414,0.9945561367247828,0.15904569699705462,
alpha_tuning,ridge,14,3.1622776601683795,,15,0.23819890927378654,0.9952867731275326,0.2573194146676075,0.9929617097790504,0.1712713970009645,
alpha_tuning,ridge,14,4.216965034285822,,1,0.2473729907218461,0.9948662982207845,0.3321887156833745,0.9927757719706951,0.17999649700141163,
alpha_tuning,ridge,14,4.216965034285822,,2,0.2494298216992752,0.9948886841587377,0.3161364869315267,0.9927589000884011,0.18519369699788513,
alpha_tuning,ridge,14,4.216965034285822,,3,0.24901361110545253,0.9947804063674031,0.349613553782568,0.9926878279665713,0.16821219700068468,
alpha_tuning,ridge,14,4.216965034285822,,4,0.26022987653899354,0.9945161727068971,0.25925313411534284,0.9947315993952242,0.21680359600213706,
alpha_tuning,ridge,14,4.216965034285822,,5,0.24695789250467437,0.9947247927295177,0.32776052624740976,0.9936095593315981,0.17541549699672032,
alpha_tuning,ridge,14,4.216965034285822,,6,0.2517692934813119,0.9950059520607244,0.3057044165929145,0.991814006044117,0.17411409699707292,
alpha_tuning,ridge,14,4.216965034285822,,7,0.244637328195567,0.9947406250167288,0.33857046473562064,0.9935895535854806,0.25377349500195123,
alpha_tuning,ridge,14,4.216965034285822,,8,0.24807239481900417,0.9947909312707973,0.3348201749187962,0.993076933160123,0.31160269400061225,
alpha_tuning,ridge,14,4.216965034285822,,9,0.25387285401788817,0.9948074277758023,0.3150559339955312,0.992675504918528,0.2530054949966143,
alpha_tuning,ridge,14,4.216965034285822,,10,0.2529915377178524,0.9944447476111029,0.3238486150629778,0.9942952695431115,0.219142196001485,
alpha_tuning,ridge,14,4.216965034285822,,11,0.24053392313785835,0.9946218391082083,0.38254784621400423,0.9936373053567595,0.21517689499887638,
alpha_tuning,ridge,14,4.216965034285822,,12,0.24910047222310086,0.9948229722153968,0.3387322240130007,0.9927087090174106,0.18099699600134045,
alpha_tuning,ridge,14,4.216965034285822,,13,0.24933007230848112,0.995032973854884,0.33892922330714365,0.9910539016883372,0.18005379600072047,
alpha_tuning,ridge,14,4.216965034285822,,14,0.2495185587635312,0.9945044205311413,0.33188912974767115,0.9941986084936857,0.29201049400217016,
alpha_tuning,ridge,14,4.216965034285822,,15,0.2591797248319951,0.9948716270464832,0.2746915226552873,0.9924865418329204,0.22317239599942695,
alpha_tuning,ridge,14,5.623413251903491,,1,0.2735540070813808,0.9943229667524848,0.3632780712288757,0.9920996605221686,0.18203709699810133,
alpha_tuning,ridge,14,5.623413251903491,,2,0.27502043454306097,0.9943642813270115,0.3419698497535439,0.9921671874295351,0.15355839699986973,
alpha_tuning,ridge,14,5.623413251903491,,3,0.2748169048847269,0.9942395415234597,0.3868121923072005,0.9919098179570663,0.28191819399944507,
alpha_tuning,ridge,14,5.623413251903491,,4,0.2864884566821159,0.9939628253342505,0.28495730829982013,0.9942092532053474,0.27976929499709513,
alpha_tuning,ridge,14,5.623413251903491,,5,0.2737662536419904,0.9941521458699782,0.3586922401846992,0.993006474863339,0.2313642949993664,
alpha_tuning,ridge,14,5.623413251903491,,6,0.27782337049462286,0.9944891483321248,0.33411067788553167,0.9910533579454005,0.18654639700253028,
alpha_tuning,ridge,14,5.623413251903491,,7,0.27149115880323266,0.994163303616333,0.37158511584372433,0.9929644587415231,0.2526569939982437,
alpha_tuning,ridge,14,5.623413251903491,,8,0.2742998575836639,0.9942402022941477,0.36554095790117186,0.9924417204403043,0.17673479699806194,
alpha_tuning,ridge,14,5.623413251903491,,9,0.279032406790677,0.9942928284681819,0.348453715250903,0.9918990653783016,0.18582159600191517,
alpha_tuning,ridge,14,5.623413251903491,,10,0.2794280483882787,0.9938642480007966,0.3553687955594799,0.9937400282194763,0.11147379699832527,
alpha_tuning,ridge,14,5.623413251903491,,11,0.2664301400183053,0.9940428188226083,0.4166023656551239,0.9930708964472059,0.14775269600067986,
alpha_tuning,ridge,14,5.623413251903491,,12,0.27534692165556285,0.9942774951364239,0.3721139928890661,0.9919901585721492,0.07674419899922214,
alpha_tuning,ridge,14,5.623413251903491,,13,0.27463243908058016,0.9945289130485532,0.372109884956145,0.9901780921070282,0.23790919499879237,
alpha_tuning,ridge,14,5.623413251903491,,14,0.2754461633097828,0.9939333719809768,0.35924813417994395,0.9937203756089411,0.16641489700123202,
alpha_tuning,ridge,14,5.623413251903491,,15,0.2858929483857373,0.9943430541680953,0.29705711249701544,0.9918747904325368,0.20424289600123302,
alpha_tuning,ridge,14,7.498942093324558,,1,0.3068568914767891,0.9936318360175779,0.4054697727496449,0.9911821023441211,0.17615509600000223,
alpha_tuning,ridge,14,7.498942093324558,,2,0.3075951026065369,0.9936967612375435,0.37416721957835186,0.9914297073175269,0.16114689700043527,
alpha_tuning,ridge,14,7.498942093324558,,3,0.3076205041592581,0.9935519427326166,0.43448283930326786,0.9909127857539131,0.2276121949980734,
alpha_tuning,ridge,14,7.498942093324558,,4,0.319486566353244,0.9932674557754512,0.3175356303387883,0.9935472143369712,0.19611629599967273,
alpha_tuning,ridge,14,7.498942093324558,,5,0.3079167603022318,0.993422665231811,0.4006177055150114,0.9921890420816799,0.1778504959984275,
alpha_tuning,ridge,14,7.498942093324558,,6,0.31085878252134425,0.9938338641667132,0.37019070061303666,0.9900872258519647,0.1835955960013962,
alpha_tuning,ridge,14,7.498942093324558,,7,0.30540141250972747,0.9934342785679653,0.4163643106103461,0.9921166156529037,0.16605169700051192,
alpha_tuning,ridge,14,7.498942093324558,,8,0.30758278355459145,0.993541321433107,0.405229267324928,0.9916210864418632,0.18913459599934868,
alpha_tuning,ridge,14,7.498942093324558,,9,0.311242569622468,0.9936340199575033,0.39092501554649334,0.9909116825152854,0.20149339499766938,
alpha_tuning,ridge,14,7.498942093324558,,10,0.3129082114489875,0.9931290820837805,0.39633993033006854,0.9930183043352051,0.17090149599971483,
alpha_tuning,ridge,14,7.498942093324558,,11,0.29928044194926046,0.9933083103307339,0.46081675462853666,0.9923355043683864,0.2731347929984622,
alpha_tuning,ridge,14,7.498942093324558,,12,0.30856216604179715,0.9935871863564955,0.4151384867900043,0.9910640461973244,0.24181339500137256,
alpha_tuning,ridge,14,7.498942093324558,,13,0.30680310313989295,0.9938880255374364,0.4132105423324657,0.9890932328022604,0.19003899499875843,
alpha_tuning,ridge,14,7.498942093324558,,14,0.30841512428099294,0.9932072394402919,0.395116613859859,0.993093397878403,0.20911059499849216,
alpha_tuning,ridge,14,7.498942093324558,,15,0.3199572209987674,0.9936690265431986,0.3263156168079134,0.9910745016356848,0.1534814959995856,
alpha_tuning,ridge,14,10.0,,1,0.3490377330072312,0.9927564621112279,0.46071486125086464,0.9899806674428454,0.16477649599983124,
alpha_tuning,ridge,14,10.0,,2,0.3492554160250168,0.9928430581058283,0.4148324842310506,0.9904982702438127,0.14990029699765728,
alpha_tuning,ridge,14,10.0,,3,0.34918389101455916,0.9926807293542955,0.4949012319826515,0.9896491342836681,0.2535722930006159,
alpha_tuning,ridge,14,10.0,,4,0.36105521679922975,0.9923914791086482,0.3581275874704255,0.9927223267527532,0.22908349399949657,
alpha_tuning,ridge,14,10.0,,5,0.35132360075301733,0.9924954623065985,0.45696971158337446,0.9910903309115207,0.059289497999998275,
alpha_tuning,ridge,14,10.0,,6,0.3527604639770855,0.9930027103630356,0.4156624118922053,0.9888696080044915,0.22201469400170026,
alpha_tuning,ridge,14,10.0,,7,0.34820015387870934,0.992514162936668,0.47601428355920233,0.9909872113041966,0.23206249400027446,
alpha_tuning,ridge,14,10.0,,8,0.34974186331320894,0.9926560574996379,0.45603845459726344,0.9905705063815322,0.18539229499947396,
alpha_tuning,ridge,14,10.0,,9,0.3524621210175431,0.9927909384925868,0.44503281917189347,0.9896537714628019,0.16224029600198264,
alpha_tuning,ridge,14,10.0,,10,0.3553355993724715,0.9921974507326186,0.449186001923765,0.992087398411495,0.198421295001026,
alpha_tuning,ridge,14,10.0,,11,0.34092125038715837,0.9923772526049804,0.5177265356422164,0.9913889572569927,0.16920089600171195,
alpha_tuning,ridge,14,10.0,,12,0.35057989546572377,0.9927139364957775,0.4700572779493119,0.9898819062697715,0.17458099500072422,
alpha_tuning,ridge,14,10.0,,13,0.3477303489925413,0.993072693883635,0.4640563524596162,0.9877511484234182,0.1668344950012397,
alpha_tuning,ridge,14,10.0,,14,0.3503231587963067,0.992284226197494,0.44136179372487905,0.9922850363816559,0.20694149500195635,
alpha_tuning,ridge,14,10.0,,15,0.3633534385731286,0.992810348308867,0.365084186350645,0.99001409022349,0.1599341959990852,
alpha_tuning,ridge,15,0.001,,1,0.10600033472685691,0.9978001878645006,0.8452866381658493,0.9816172460534298,0.18850539500272134,
alpha_tuning,ridge,15,0.001,,2,0.10384779102975206,0.9978719510932802,0.4605916681115225,0.989450157052046,0.1470811959989078,
alpha_tuning,ridge,15,0.001,,3,0.10826016006301373,0.9977307503809921,0.2894511976534214,0.9939461244290315,0.15942149500187952,
alpha_tuning,ridge,15,0.001,,4,0.10966181009895408,0.9976890953674122,0.3222418920278761,0.9934515762571708,0.16428769499907503,
alpha_tuning,ridge,15,0.001,,5,0.09584252188404464,0.9979527312808822,0.3648216599755594,0.992886967813623,0.1720303949987283,
alpha_tuning,ridge,15,0.001,,6,0.10636866394900985,0.9978900913624025,0.4505215283999264,0.9879361687031561,0.1995846950012492,
alpha_tuning,ridge,15,0.001,,7,0.09894426727102111,0.9978728307414831,0.42964061825985217,0.9918652438776476,0.2128522940001858,
alpha_tuning,ridge,15,0.001,,8,0.10230649394426666,0.9978517498539559,0.38961704430798805,0.9919438999147716,0.18296429499969236,
alpha_tuning,ridge,15,0.001,,9,0.11119409844564736,0.9977256986009111,0.29459067640347275,0.9931512860811713,0.18412129499847651,
alpha_tuning,ridge,15,0.001,,10,0.1050786014991237,0.997692657401644,0.2983212013900749,0.9947449457420883,0.1870593950006878,
alpha_tuning,ridge,15,0.001,,11,0.09745713650575037,0.9978209303979096,0.4034620948150714,0.9932894508887279,0.1673125950001122,
alpha_tuning,ridge,15,0.001,,12,0.10756245760405722,0.9977645412446361,0.38692274768715934,0.9916713966337557,0.2897058919988922,
alpha_tuning,ridge,15,0.001,,13,0.10361958926432877,0.9979357435536884,0.37798315268223576,0.9900230661403217,0.31822599099905347,
alpha_tuning,ridge,15,0.001,,14,0.10598105557518787,0.9976657956185979,0.36639998980626937,0.9935953618294404,0.1803297950027627,
alpha_tuning,ridge,15,0.001,,15,0.10822645025561706,0.9978585300192528,0.4273222811184674,0.9883117321859484,0.1857592950000253,
alpha_tuning,ridge,15,0.001333521432163324,,1,0.10823056469675224,0.9977539041714786,0.7870520633651467,0.9828836943934477,0.163759895000112,
alpha_tuning,ridge,15,0.001333521432163324,,2,0.10606408857702218,0.997826534724519,0.43081127984927675,0.9901322762496944,0.1815451939983177,
alpha_tuning,ridge,15,0.001333521432163324,,3,0.11081041202528441,0.9976772943516422,0.27589236310351856,0.9942297076303377,0.2575337929993111,
alpha_tuning,ridge,15,0.001333521432163324,,4,0.11204539555280299,0.9976388660427047,0.3118752107735808,0.9936622422920329,0.19322759400165523,
alpha_tuning,ridge,15,0.001333521432163324,,5,0.09838334116641619,0.9978984574602912,0.36001262443845994,0.9929807309541205,0.177726795001945,
alpha_tuning,ridge,15,0.001333521432163324,,6,0.10861393994753014,0.9978455544936745,0.436558363828885,0.9883100670656902,0.22362919400256942,
alpha_tuning,ridge,15,0.001333521432163324,,7,0.10125789076561956,0.9978230909343248,0.3861062254511836,0.9926895180579325,0.1993545939985779,
alpha_tuning,ridge,15,0.001333521432163324,,8,0.10455590509219283,0.9978045163144146,0.3778705887002647,0.9921867810294585,0.19269319399973028,
alpha_tuning,ridge,15,0.001333521432163324,,9,0.11372387589142278,0.9976739559593075,0.27925905115734934,0.9935077193413929,0.3225305899977684,
alpha_tuning,ridge,15,0.001333521432163324,,10,0.10775715637108817,0.9976338410140071,0.288395863699397,0.9949197847674394,0.2027066940026998,
alpha_tuning,ridge,15,0.001333521432163324,,11,0.09954149897817756,0.997774325592287,0.39212777008181016,0.9934779680846259,0.17087459399772342,
alpha_tuning,ridge,15,0.001333521432163324,,12,0.10971444646772525,0.9977198166961841,0.36499517191653014,0.9921433928719415,0.17917249400125002,
alpha_tuning,ridge,15,0.001333521432163324,,13,0.10614918772454011,0.9978853501872879,0.35962219777517457,0.9905077068747257,0.1861527949986339,
alpha_tuning,ridge,15,0.001333521432163324,,14,0.10829099914670735,0.997614919729731,0.361779476642287,0.9936761279751852,0.19075659399823053,
alpha_tuning,ridge,15,0.001333521432163324,,15,0.11077246864207706,0.997808152113185,0.40530454842457253,0.988913968876511,0.2776772910001455,
alpha_tuning,ridge,15,0.0017782794100389228,,1,0.1104605684676668,0.9977076251727367,0.7313061627121903,0.9840960206375451,0.1868013940002129,
alpha_tuning,ridge,15,0.0017782794100389228,,2,0.10836718805910704,0.9977793396105323,0.40445947741964217,0.990735863757406,0.19319129599898588,
alpha_tuning,ridge,15,0.0017782794100389228,,3,0.11337948688116713,0.9976234437741581,0.26534231831870886,0.9944503619544972,0.1812039980031841,
alpha_tuning,ridge,15,0.0017782794100389228,,4,0.11444972113289413,0.9975881996610695,0.3023459493337976,0.9938558907387672,0.21838079699955415,
alpha_tuning,ridge,15,0.0017782794100389228,,5,0.10093075529598936,0.9978440427687785,0.3554237136933992,0.9930702022586264,0.15533589799815672,
alpha_tuning,ridge,15,0.0017782794100389228,,6,0.11085052754339558,0.9978011899664532,0.4213715473633235,0.9887167317425757,0.16127189799954067,
alpha_tuning,ridge,15,0.0017782794100389228,,7,0.10360443610565669,0.9977726433515722,0.3534057197955201,0.9933086649152847,0.16082719800033374,
alpha_tuning,ridge,15,0.0017782794100389228,,8,0.10675362187503797,0.9977583682624417,0.3677676725176278,0.9923956787281322,0.2593909969982633,
alpha_tuning,ridge,15,0.0017782794100389228,,9,0.11628428686322877,0.9976215867568334,0.26701488875461593,0.9937923745331179,0.15306209799746284,
alpha_tuning,ridge,15,0.0017782794100389228,,10,0.11046278539951356,0.9975744301251718,0.2807884842899907,0.9950537919763492,0.17225169700031984,
alpha_tuning,ridge,15,0.0017782794100389228,,11,0.10169651294861026,0.9977261410713435,0.38061628927633756,0.9936694318138865,0.17699069799709832,
alpha_tuning,ridge,15,0.0017782794100389228,,12,0.1118526319594445,0.9976753790216969,0.3464128909842797,0.9925433808500326,0.1966276969978935,
alpha_tuning,ridge,15,0.0017782794100389228,,13,0.10867746739239609,0.997834983093194,0.34404957392202945,0.9909187491053171,0.1628775979988859,
alpha_tuning,ridge,15,0.0017782794100389228,,14,0.11060338273409044,0.9975639901001679,0.3589928927491421,0.9937248372057094,0.20281439700193005,
alpha_tuning,ridge,15,0.0017782794100389228,,15,0.11330243415486742,0.9977580918443212,0.3852439792940923,0.9894626725478609,0.18071309700098936,
alpha_tuning,ridge,15,0.0023713737056616554,,1,0.112689847258178,0.9976613612194254,0.6785891181718883,0.9852424772533476,0.15168889800042962,
alpha_tuning,ridge,15,0.0023713737056616554,,2,0.11074574877096527,0.9977305981450447,0.3812227491637115,0.9912681005534589,0.17968609699892113,
alpha_tuning,ridge,15,0.0023713737056616554,,3,0.11594168530055692,0.9975697373341931,0.2579056039040997,0.9946059009333919,0.15956359800111386,
alpha_tuning,ridge,15,0.0023713737056616554,,4,0.11687392423730572,0.9975371144001272,0.2933104878744528,0.9940395044519795,0.1959233969973866,
alpha_tuning,ridge,15,0.0023713737056616554,,5,0.10346084677453085,0.9977899981021869,0.35046938665568106,0.9931667981890421,0.2886027960012143,
alpha_tuning,ridge,15,0.0023713737056616554,,6,0.11307911191499839,0.99775698418967,0.4054290534235653,0.9891436315580479,0.22226489600143395,
alpha_tuning,ridge,15,0.0023713737056616554,,7,0.10596989628263287,0.9977217891251527,0.3303510853168327,0.9937451781801004,0.28790379500060226,
alpha_tuning,ridge,15,0.0023713737056616554,,8,0.10891204920202341,0.9977130452175238,0.35880163705754503,0.9925810691777784,0.2120980959989538,
alpha_tuning,ridge,15,0.0023713737056616554,,9,0.11885880247433196,0.9975689290660192,0.2573302467448567,0.9940175253876556,0.1962229960008699,
alpha_tuning,ridge,15,0.0023713737056616554,,10,0.1131678282447163,0.9975150321078965,0.27492762535656523,0.9951570334876787,0.17578619699997944,
alpha_tuning,ridge,15,0.0023713737056616554,,11,0.10392615498551112,0.9976762879219452,0.3690656370507317,0.993861547058474,0.17563649700241513,
alpha_tuning,ridge,15,0.0023713737056616554,,12,0.11398524253654237,0.9976310572100486,0.3306427184265634,0.9928828375323692,0.1824725970000145,
alpha_tuning,ridge,15,0.0023713737056616554,,13,0.11119623603224837,0.9977848054729341,0.3306069164889253,0.9912735704859968,0.2537715959988418,
alpha_tuning,ridge,15,0.0023713737056616554,,14,0.11290391705273359,0.9975133214475772,0.3565571053168178,0.9937674145463165,0.19966129699969315,
alpha_tuning,ridge,15,0.0023713737056616554,,15,0.11580906629580959,0.9977084932714222,0.36684155534391083,0.9899660220549226,0.19703459599986672,
alpha_tuning,ridge,15,0.0031622776601683794,,1,0.11491628230170342,0.9976151562820517,0.6294467319715618,0.9863111944826038,0.32510969400027534,
alpha_tuning,ridge,15,0.0031622776601683794,,2,0.11317965304589048,0.9976807225792772,0.3607859085161563,0.9917362059798295,0.22479609699803405,
alpha_tuning,ridge,15,0.0031622776601683794,,3,0.11847198339814465,0.9975166995593497,0.2532931384176998,0.9947023707091484,0.19728409600065788,
alpha_tuning,ridge,15,0.0031622776601683794,,4,0.11931221234440667,0.997485732325755,0.28453247746803173,0.9942178863854968,0.18232639599955291,
alpha_tuning,ridge,15,0.0031622776601683794,,5,0.10595372694767587,0.9977367482972083,0.34479966488602043,0.9932773423750372,0.2440526950013009,
alpha_tuning,ridge,15,0.0031622776601683794,,6,0.11530303408822291,0.9977128708913693,0.3891932061991215,0.9895783866352862,0.3122147979993315,
alpha_tuning,ridge,15,0.0031622776601683794,,7,0.10833718833725307,0.9976708955158168,0.31533245044505015,0.9940295389383255,0.2260502080025617,
alpha_tuning,ridge,15,0.0031622776601683794,,8,0.11104510209639348,0.9976682549895023,0.35059038258338476,0.9927508530433344,0.17267830599666922,
alpha_tuning,ridge,15,0.0031622776601683794,,9,0.12143049465188457,0.9975163291241231,0.24970697898687105,0.994194752924652,0.18547380699965288,
alpha_tuning,ridge,15,0.0031622776601683794,,10,0.11584052616990637,0.9974563443285832,0.27032236733229387,0.9952381570574299,0.1719655060005607,
alpha_tuning,ridge,15,0.0031622776601683794,,11,0.10622582339228742,0.9976248690346295,0.3577118047065818,0.9940503887130573,0.1677023049996933,
alpha_tuning,ridge,15,0.0031622776601683794,,12,0.11611906871405203,0.9975867101347103,0.31726358079336775,0.9931708266242366,0.1529474049966666,
alpha_tuning,ridge,15,0.0031622776601683794,,13,0.11369817619655745,0.9977349631009548,0.3188160656269872,0.991584792132687,0.1656028060024255,
alpha_tuning,ridge,15,0.0031622776601683794,,14,0.11518313410583976,0.9974631223020539,0.35336273170762034,0.9938232519036246,0.259839608999755,
alpha_tuning,ridge,15,0.0031622776601683794,,15,0.11828889831665755,0.997659424990818,0.3498063023097058,0.9904319762270822,0.14307160500175087,
alpha_tuning,ridge,15,0.004216965034285823,,1,0.117138029203539,0.9975690486371158,0.5842106397814028,0.9872949601245645,0.1855984059984621,
alpha_tuning,ridge,15,0.004216965034285823,,2,0.11564548306220367,0.9976301927912256,0.3428669023670431,0.9921466404573607,0.13814560500031803,
alpha_tuning,ridge,15,0.004216965034285823,,3,0.12095046130421638,0.9974647479915634,0.25088221192779,0.9947527952681033,0.16828400599843008,
alpha_tuning,ridge,15,0.004216965034285823,,4,0.12175659451067698,0.9974342218312013,0.27589530674351415,0.9943934062519156,0.1772633059990767,
alpha_tuning,ridge,15,0.004216965034285823,,5,0.10839734101344244,0.9976845508535256,0.33830358894418766,0.9934039982245351,0.18955310599994846,
alpha_tuning,ridge,15,0.004216965034285823,,6,0.11752712916981607,0.9976687541632909,0.37304655579661206,0.9900107532463931,0.1663526060001459,
alpha_tuning,ridge,15,0.004216965034285823,,7,0.11069056442390941,0.9976203010811584,0.30664396616078127,0.9941940454996736,0.1630191049989662,
alpha_tuning,ridge,15,0.004216965034285823,,8,0.11316643573810117,0.9976237108444542,0.34286213537567223,0.9929106497819482,0.14691890500034788,
alpha_tuning,ridge,15,0.004216965034285823,,9,0.12398567091067286,0.9974640669895178,0.24370156396240258,0.9943343682375619,0.15480910499900347,
alpha_tuning,ridge,15,0.004216965034285823,,10,0.1184510231693966,0.9973990223729816,0.26659720343602344,0.9953037773965251,0.30287760899955174,
alpha_tuning,ridge,15,0.004216965034285823,,11,0.1085839628091877,0.9975721427787072,0.34682500843450514,0.9942314624297386,0.2875681089972204,
alpha_tuning,ridge,15,0.004216965034285823,,12,0.11825915811250684,0.9975422328915383,0.30592712988878434,0.9934148464026796,0.2943028090012376,
alpha_tuning,ridge,15,0.004216965034285823,,13,0.11617859497316417,0.9976855494670511,0.30835208581119355,0.9918609907774952,0.15010630499818944,
alpha_tuning,ridge,15,0.004216965034285823,,14,0.11743871490043055,0.9974134437387978,0.34878100969041215,0.9939033399836865,0.1797947060003935,
alpha_tuning,ridge,15,0.004216965034285823,,15,0.12074469755914503,0.9976108322452913,0.33388312361636885,0.9908675125546793,0.2155472069971438,
alpha_tuning,ridge,15,0.005623413251903491,,1,0.11935581774304346,0.9975230231395951,0.5428947008354953,0.9881934727774584,0.19126820599922212,
alpha_tuning,ridge,15,0.005623413251903491,,2,0.11812137567543449,0.9975794568004404,0.3272327635519561,0.9925047400942949,0.178443706001417,
alpha_tuning,ridge,15,0.005623413251903491,,3,0.12336611911135208,0.9974141132007475,0.2498600882589709,0.9947741729979567,0.1724399060003634,
alpha_tuning,ridge,15,0.005623413251903491,,4,0.12420007079825826,0.99738273042624,0.2673898680289317,0.9945662491323719,0.3104286099987803,
alpha_tuning,ridge,15,0.005623413251903491,,5,0.11078996087884,0.9976334426845117,0.3310727737616632,0.993544979495029,0.19493950600008247,
alpha_tuning,ridge,15,0.005623413251903491,,6,0.11975668471777651,0.9976245291224377,0.3572727728004632,0.9904331354079169,0.18987250599820982,
alpha_tuning,ridge,15,0.005623413251903491,,7,0.1130197240004087,0.9975702272690422,0.3027093583063098,0.9942685428213255,0.18822330499824602,
alpha_tuning,ridge,15,0.005623413251903491,,8,0.11528839170867929,0.9975791536316327,0.33542851647576183,0.9930643544997679,0.17043050500069512,
alpha_tuning,ridge,15,0.005623413251903491,,9,0.1265165503437998,0.9974123018084863,0.23893951715906211,0.9944450774311533,0.1889696059988637,
alpha_tuning,ridge,15,0.005623413251903491,,10,0.12097766561530385,0.9973435417169482,0.2635007192410677,0.9953583232765277,0.20039760600047885,
alpha_tuning,ridge,15,0.005623413251903491,,11,0.11098531510908088,0.997518450314633,0.33665428999886204,0.9944006260424705,0.18303920499965898,
alpha_tuning,ridge,15,0.005623413251903491,,12,0.12040947743849446,0.9974975430409047,0.2963425003748517,0.9936211578126732,0.16919849699843326,
alpha_tuning,ridge,15,0.005623413251903491,,13,0.11863692087356684,0.9976365759561245,0.2990002082352607,0.9921078352820103,0.2584281960007502,
alpha_tuning,ridge,15,0.005623413251903491,,14,0.11967659355762311,0.9973641550603797,0.3426481802867818,0.9940105412784049,0.22606829699725495,
alpha_tuning,ridge,15,0.005623413251903491,,15,0.12318561089096719,0.997562534046345,0.3188782473806682,0.9912779311537294,0.24288739699841244,
alpha_tuning,ridge,15,0.007498942093324558,,1,0.12157472068764133,0.9974769745149601,0.505232130518915,0.9890125343027032,0.1493705979992228,
alpha_tuning,ridge,15,0.007498942093324558,,2,0.120590064369891,0.9975288684323569,0.3136855758136348,0.9928150381585472,0.18031609700119589,
alpha_tuning,ridge,15,0.007498942093324558,,3,0.1257186775380575,0.9973648010409428,0.24940102461050614,0.9947837743201468,0.16409289700095542,
alpha_tuning,ridge,15,0.007498942093324558,,4,0.12663899801807088,0.9973313348838382,0.2590837457354793,0.9947350416133711,0.20731269600219093,
alpha_tuning,ridge,15,0.007498942093324558,,5,0.11314058823494083,0.9975832315072405,0.32333696632934783,0.9936958067437657,0.17768699700172874,
alpha_tuning,ridge,15,0.007498942093324558,,6,0.12199702930355225,0.9975800900722773,0.34207302863542777,0.9908401462560187,0.3102000950020738,
alpha_tuning,ridge,15,0.007498942093324558,,7,0.11532201341560039,0.9975207311294145,0.302178459965552,0.9942785947771794,0.20213039699956425,
alpha_tuning,ridge,15,0.007498942093324558,,8,0.11742169368430921,0.9975343581733581,0.32815571336526905,0.9932147340342731,0.19665359699865803,
alpha_tuning,ridge,15,0.007498942093324558,,9,0.1290222392744854,0.9973610518597893,0.23511169404958132,0.9945340675707217,0.20552739699996891,
alpha_tuning,ridge,15,0.007498942093324558,,10,0.12341119071162619,0.997290105755308,0.2608849182622256,0.9954044017181795,0.18035509699984686,
alpha_tuning,ridge,15,0.007498942093324558,,11,0.11341453928346194,0.9974641346560281,0.3273921119507,0.9945546784341779,0.17006909700285178,
alpha_tuning,ridge,15,0.007498942093324558,,12,0.1225738916567812,0.9974525602576708,0.2882661430567271,0.9937950033080565,0.17450489699695027,
alpha_tuning,ridge,15,0.007498942093324558,,13,0.12107729036559267,0.9975879601635793,0.29060863159608524,0.9923293324691557,0.1754533960011031,
alpha_tuning,ridge,15,0.007498942093324558,,14,0.1219102624973526,0.9973149590998618,0.3351606038650675,0.9941414234265754,0.20509229600065737,
alpha_tuning,ridge,15,0.007498942093324558,,15,0.1256249366718895,0.9975142672601687,0.30467613675459715,0.991666392228326,0.16584719699676498,
alpha_tuning,ridge,15,0.01,,1,0.12380466277623996,0.9974306967963038,0.4708175102533879,0.9897609614846098,0.17897189700306626,
alpha_tuning,ridge,15,0.01,,2,0.12304010011841016,0.9974786623004367,0.30203236857687416,0.9930819546372839,0.18677659700188087,
alpha_tuning,ridge,15,0.01,,3,0.12801786980451932,0.9973166074933658,0.24882318155291638,0.9947958599152265,0.19331029699969804,
alpha_tuning,ridge,15,0.01,,4,0.1290741064515211,0.9972800198147669,0.25108343462929295,0.9948976195664364,0.340247193002142,
alpha_tuning,ridge,15,0.01,,5,0.11546725964108355,0.9975335320471697,0.3153914781881697,0.9938507221972188,0.16817849699873477,
alpha_tuning,ridge,15,0.01,,6,0.12425382908635255,0.9975353246199506,0.3275956103546477,0.9912278150370722,0.17982619600297767,
alpha_tuning,ridge,15,0.01,,7,0.11760233311671132,0.9974717073092217,0.3039306026542271,0.9942454199495254,0.14435209699877305,
alpha_tuning,ridge,15,0.01,,8,0.11957594631213318,0.9974891227895236,0.3209455003637162,0.9933638193949494,0.1695005969995691,
alpha_tuning,ridge,15,0.01,,9,0.13150804468213662,0.9973102085974623,0.2319580513919525,0.994607384203237,0.20403339599943138,
alpha_tuning,ridge,15,0.01,,10,0.1257556518653689,0.9972386254823213,0.25866650846617756,0.9954434799459091,0.18234959600158618,
alpha_tuning,ridge,15,0.01,,11,0.11585916628726924,0.997409474601532,0.31916194252908553,0.9946915660298346,0.17712149600265548,
alpha_tuning,ridge,15,0.01,,12,0.12475677271945625,0.9974071936800362,0.2814885411204688,0.9939408927876459,0.20143969600030687,
alpha_tuning,ridge,15,0.01,,13,0.12350798044649214,0.9975395371993107,0.2830490613584391,0.9925288686964542,0.17302709599971422,
alpha_tuning,ridge,15,0.01,,14,0.12415834697212888,0.997265445641043,0.3267303683602751,0.9942887831689415,0.3834025920004933,
alpha_tuning,ridge,15,0.01,,15,0.12807692269756155,0.9974657499665238,0.2912426094032882,0.9920338307455934,0.19063709599868162,
alpha_tuning,ridge,15,0.01333521432163324,,1,0.12605940737712645,0.9973839043541076,0.4392794006823304,0.9904468321490778,0.16684529699705308,
alpha_tuning,ridge,15,0.01333521432163324,,2,0.12546607848688351,0.9974289491523421,0.292060659037351,0.9933103564448891,0.1704217009973945,
alpha_tuning,ridge,15,0.01333521432163324,,3,0.13028093505774627,0.9972691712069176,0.24768897595230274,0.994819581840144,0.22815629999968223,
alpha_tuning,ridge,15,0.01333521432163324,,4,0.13151063339331728,0.9972286748534522,0.2435005557776197,0.9950517146891991,0.18184049999763374,
alpha_tuning,ridge,15,0.01333521432163324,,5,0.11779399203870894,0.9974838312842746,0.3075331541460936,0.9940039381873166,0.19534580099934828,
alpha_tuning,ridge,15,0.01333521432163324,,6,0.12653385366824435,0.9974900984849155,0.31396392574363946,0.9915928372015469,0.18538139999873238,
alpha_tuning,ridge,15,0.01333521432163324,,7,0.11987159890663676,0.9974229211333182,0.30704531416483183,0.9941864464320007,0.23521279999840772,
alpha_tuning,ridge,15,0.01333521432163324,,8,0.12176092271894927,0.9974432422622561,0.31373185602283526,0.9935129757053275,0.2369782009991468,
alpha_tuning,ridge,15,0.01333521432163324,,9,0.1339838100328593,0.9972595706887992,0.22925092478596262,0.9946703201246749,0.18010249999861117,
alpha_tuning,ridge,15,0.01333521432163324,,10,0.12802661305865615,0.9971887591401192,0.25678748969482984,0.9954765796570563,0.19537830099943676,
alpha_tuning,ridge,15,0.01333521432163324,,11,0.11831156323283155,0.9973546408168761,0.3120235910783877,0.9948102940555873,0.18724780000047758,
alpha_tuning,ridge,15,0.01333521432163324,,12,0.12696297411782656,0.9973613424384232,0.27582031512056,0.994062902688655,0.18107840099764871,
alpha_tuning,ridge,15,0.01333521432163324,,13,0.12594008448127034,0.9974910860669761,0.2761936922145241,0.9927098174081815,0.18616760000077193,
alpha_tuning,ridge,15,0.01333521432163324,,14,0.1264411711962628,0.9972151670485434,0.31784656966402214,0.9944440711542378,0.1822982999983651,
alpha_tuning,ridge,15,0.01333521432163324,,15,0.13055455652484727,0.9974167251814378,0.27861201739679237,0.9923793070957512,0.1851924010006769,
alpha_tuning,ridge,15,0.01778279410038923,,1,0.12835430325068065,0.9973362786574024,0.4104071006608945,0.9910747284900365,0.19391840000025695,
alpha_tuning,ridge,15,0.01778279410038923,,2,0.1278688327653529,0.9973797119122939,0.2835333734619651,0.9935056737504789,0.1710942999998224,
alpha_tuning,ridge,15,0.01778279410038923,,3,0.13252974239130377,0.9972220337818305,0.24583639359163376,0.9948583286243597,0.16551620000245748,
alpha_tuning,ridge,15,0.01778279410038923,,4,0.13395850452407257,0.9971770908359083,0.23642858949382145,0.9951954273257836,0.21696970099947066,
alpha_tuning,ridge,15,0.01778279410038923,,5,0.12014753452625042,0.9974335578375921,0.3000137809948992,0.994150545555008,0.17995320000045467,
alpha_tuning,ridge,15,0.01778279410038923,,6,0.1288458416588968,0.9974442383297684,0.3012956842756448,0.9919320607863562,0.19636399999944842,
alpha_tuning,ridge,15,0.01778279410038923,,7,0.1221449217937441,0.9973740477352577,0.31078186003942687,0.9941156991885187,0.20125220000045374,
alpha_tuning,ridge,15,0.01778279410038923,,8,0.12398835247632277,0.9973964702919041,0.30648947171301166,0.9936627262711921,0.1969662999981665,
alpha_tuning,ridge,15,0.01778279410038923,,9,0.13646218029809143,0.9972088795006835,0.2267876234728255,0.9947275875378719,0.17079430000012508,
alpha_tuning,ridge,15,0.01778279410038923,,10,0.1302481866773214,0.997139977262814,0.2551879184181574,0.9955047567822795,0.15601239999887184,
alpha_tuning,ridge,15,0.01778279410038923,,11,0.1207701081464888,0.9972996695681937,0.30598598151348333,0.9949107140851777,0.19463899999755085,
alpha_tuning,ridge,15,0.01778279410038923,,12,0.12919747919398689,0.99731490296458,0.27108411107916763,0.9941648505972702,0.308719700002257,
alpha_tuning,ridge,15,0.01778279410038923,,13,0.1283863530056334,0.9974423527569266,0.2699123908346912,0.9928756134971729,0.3576926000023377,
alpha_tuning,ridge,15,0.01778279410038923,,14,0.1287774111571621,0.9971637119887392,0.30897036948186996,0.9945992263182054,0.16182000000117114,
alpha_tuning,ridge,15,0.01778279410038923,,15,0.13306955180817373,0.9973669611275651,0.2668620995972353,0.9927006949383763,0.20474629999807803,
alpha_tuning,ridge,15,0.023713737056616554,,1,0.13070358775252194,0.9972875242400677,0.38418427235340114,0.9916450058123017,0.19357679999666288,
alpha_tuning,ridge,15,0.023713737056616554,,2,0.13025608825811896,0.9973307922733582,0.276203938333207,0.9936735543155414,0.17765659999713534,
alpha_tuning,ridge,15,0.023713737056616554,,3,0.13478873116346846,0.9971746829428183,0.24334933482783014,0.9949103454908154,0.1712102000019513,
alpha_tuning,ridge,15,0.023713737056616554,,4,0.1364330527681174,0.9971249446512378,0.22993172833221262,0.9953274529901589,0.1595210000014049,
alpha_tuning,ridge,15,0.023713737056616554,,5,0.1225550442812234,0.9973821316092809,0.2930140279432524,0.9942870217410886,0.1331915000009758,
alpha_tuning,ridge,15,0.023713737056616554,,6,0.13120114007361797,0.9973975190772663,0.28970973649530257,0.9922423032733967,0.16118510000160313,
alpha_tuning,ridge,15,0.023713737056616554,,7,0.12444011740952057,0.9973247041028188,0.31457205507837116,0.9940439361591691,0.1787032909996924,
alpha_tuning,ridge,15,0.023713737056616554,,8,0.1262736559563994,0.9973484830787219,0.29924376921531104,0.9938125454471292,0.18180978999953368,
alpha_tuning,ridge,15,0.023713737056616554,,9,0.13895751688758412,0.9971578412929367,0.22439588948834643,0.9947831911368371,0.1559360920000472,
alpha_tuning,ridge,15,0.023713737056616554,,10,0.13245046753259693,0.9970916190209034,0.2537947299591719,0.9955292983867962,0.16019319200131577,
alpha_tuning,ridge,15,0.023713737056616554,,11,0.12323980373399428,0.9972444489986787,0.3010179665229122,0.9949933441736252,0.17688799100142205,
alpha_tuning,ridge,15,0.023713737056616554,,12,0.1314653815375688,0.9972677693989922,0.2671153771034651,0.99425027853178,0.23583058700023685,
alpha_tuning,ridge,15,0.023713737056616554,,13,0.13086109079649202,0.9973930522967146,0.2640882095993039,0.9930293438170559,0.17541729100048542,
alpha_tuning,ridge,15,0.023713737056616554,,14,0.13118186629122713,0.9971107545080049,0.3004738483368745,0.9947477447274744,0.16296309099925566,
alpha_tuning,ridge,15,0.023713737056616554,,15,0.1356341492535162,0.9973162155988248,0.2560850909086055,0.9929954714322614,0.3224876820022473,
alpha_tuning,ridge,15,0.03162277660168379,,1,0.13311846439128158,0.9972374085970429,0.3607286097549408,0.992155104582036,0.26579498600040097,
alpha_tuning,ridge,15,0.03162277660168379,,2,0.1326434032623726,0.9972818714149132,0.26984311753208723,0.993819248788798,0.1728406910006015,
alpha_tuning,ridge,15,0.03162277660168379,,3,0.13708390232225157,0.9971265736819914,0.24048747857225636,0.9949702012516956,0.13297029300156282,
alpha_tuning,ridge,15,0.03162277660168379,,4,0.13895583533692638,0.9970717820240661,0.22404409326911143,0.9954470982944789,0.17429388999880757,
alpha_tuning,ridge,15,0.03162277660168379,,5,0.12504331379368083,0.9973289802915,0.2866381523149931,0.9944113340107142,0.17861188999813749,
alpha_tuning,ridge,15,0.03162277660168379,,6,0.13361400246461297,0.9973496579966521,0.27931917769663356,0.9925205362556745,0.1835195899984683,
alpha_tuning,ridge,15,0.03162277660168379,,7,0.12677657462741784,0.9972744734011841,0.3180078731481501,0.9939788828544056,0.2107077879991266,
alpha_tuning,ridge,15,0.03162277660168379,,8,0.12863709753443905,0.9972988551077159,0.2920727305478657,0.9939608208012595,0.17397399000037694,
alpha_tuning,ridge,15,0.03162277660168379,,9,0.14148573768379397,0.9971061304901657,0.22194987983318917,0.9948400565494679,0.17785269000160042,
alpha_tuning,ridge,15,0.03162277660168379,,10,0.134668121485254,0.9970429232126191,0.2525238943105832,0.9955516846947592,0.1567793909998727,
alpha_tuning,ridge,15,0.03162277660168379,,11,0.12573234729201702,0.9971887175654157,0.2970541282921107,0.9950592723771883,0.16743199000120512,
alpha_tuning,ridge,15,0.03162277660168379,,12,0.13377276057020404,0.9972198153937069,0.26376934837406213,0.994322302589052,0.2707199849974131,
alpha_tuning,ridge,15,0.03162277660168379,,13,0.13338129391578024,0.9973428460994893,0.2586435301374646,0.9931730571188061,0.1960176889988361,
alpha_tuning,ridge,15,0.03162277660168379,,14,0.13366496946399967,0.9970560648252697,0.2926199449829714,0.9948850302367751,0.172542889999022,
alpha_tuning,ridge,15,0.03162277660168379,,15,0.13826314819507335,0.9972641957617198,0.2463637012466969,0.9932613742669925,0.11947189299826277,
alpha_tuning,ridge,15,0.042169650342858224,,1,0.13560724944033925,0.9971857591417117,0.340180163151136,0.9926019790750739,0.18355998900005943,
alpha_tuning,ridge,15,0.042169650342858224,,2,0.13505480615960277,0.9972324569473715,0.2642663198785294,0.9939469852275373,0.2884284840001783,
alpha_tuning,ridge,15,0.042169650342858224,,3,0.13944226746682406,0.9970771398071229,0.2375995724016586,0.995030601846888,0.260365884998464,
alpha_tuning,ridge,15,0.042169650342858224,,4,0.14155459983520957,0.997017018228788,0.2187761368932859,0.9955541508269431,0.25422938499832526,
alpha_tuning,ridge,15,0.042169650342858224,,5,0.1276394455869433,0.997273524953863,0.2809272046915887,0.994522681988964,0.18664798900135793,
alpha_tuning,ridge,15,0.042169650342858224,,6,0.13610174465436,0.9973003116145561,0.27021337728921524,0.9927643666455961,0.2518155850011681,
alpha_tuning,ridge,15,0.042169650342858224,,7,0.12917454879188306,0.9972229201675704,0.3208101475980368,0.9939258249770335,0.17237949000264052,
alpha_tuning,ridge,15,0.042169650342858224,,8,0.13110414273972246,0.9972470516491257,0.2850978101851522,0.9941050410230117,0.11110919400016428,
alpha_tuning,ridge,15,0.042169650342858224,,9,0.14406484117742663,0.9970533789613889,0.21939003053000938,0.9948995685332375,0.19060468899988336,
alpha_tuning,ridge,15,0.042169650342858224,,10,0.13693993534405602,0.9969930381473712,0.25129100463205534,0.9955734025683951,0.16908659000182524,
alpha_tuning,ridge,15,0.042169650342858224,,11,0.12826564286595402,0.9971320749471715,0.2939993196640201,0.9951100812228959,0.17671548900034395,
alpha_tuning,ridge,15,0.042169650342858224,,12,0.13612856717704042,0.9971708549234601,0.2609283054528726,0.994383456707745,0.19371528899864643,
alpha_tuning,ridge,15,0.042169650342858224,,13,0.13596827862470884,0.9972913095136002,0.2535644187063535,0.993307121186092,0.18505688900040695,
alpha_tuning,ridge,15,0.042169650342858224,,14,0.13623415835436314,0.9969994791276467,0.2855731196120388,0.9950082080970578,0.17328739000004134,
alpha_tuning,ridge,15,0.042169650342858224,,15,0.1409747341291247,0.9972105417809759,0.23775622665035265,0.9934968089090181,0.2624968849995639,
alpha_tuning,ridge,15,0.05623413251903491,,1,0.13817822463366602,0.99713240400425,0.32259928842772095,0.9929843167101597,0.2022609880004893,
alpha_tuning,ridge,15,0.05623413251903491,,2,0.13752263286276623,0.9971818862432134,0.2593523019923687,0.9940595407089575,0.15879589100222802,
alpha_tuning,ridge,15,0.05623413251903491,,3,0.14189113644495566,0.9970258088743735,0.23504063721118393,0.995084122009744,0.18038368999987142,
alpha_tuning,ridge,15,0.05623413251903491,,4,0.14426185869520644,0.996959968130531,0.21412474050275257,0.9956486739641099,0.2517484859999968,
alpha_tuning,ridge,15,0.05623413251903491,,5,0.13037220489637724,0.9972151511491978,0.275884647808858,0.9946209981618878,0.20735228800185723,
alpha_tuning,ridge,15,0.05623413251903491,,6,0.13868516447825732,0.9972490673890613,0.26243708237931324,0.9929725962284104,0.2338046859986207,
alpha_tuning,ridge,15,0.05623413251903491,,7,0.1316553022361877,0.9971695872902827,0.32278427094157125,0.9938884471983213,0.2648452850007743,
alpha_tuning,ridge,15,0.05623413251903491,,8,0.13370512412587326,0.9971924357745391,0.2784685066386189,0.9942421149360924,0.4162576769995212,
alpha_tuning,ridge,15,0.05623413251903491,,9,0.14671558050824307,0.9969991622335862,0.21673790657401143,0.9949612257400223,0.28047398399939993,
alpha_tuning,ridge,15,0.05623413251903491,,10,0.13930856975849432,0.9969410270717917,0.2500254537273527,0.9955956957833573,0.20290958800251246,
alpha_tuning,ridge,15,0.05623413251903491,,11,0.1308629804438598,0.9970740003970122,0.2917376694840533,0.9951476979279104,0.3015664830018068,
alpha_tuning,ridge,15,0.05623413251903491,,12,0.13854718585619602,0.9971205890368056,0.25850453970546444,0.9944356288368935,0.2606371850015421,
alpha_tuning,ridge,15,0.05623413251903491,,13,0.1386486235693324,0.997237913052858,0.24891032808844787,0.9934299667519387,0.22935048699946492,
alpha_tuning,ridge,15,0.05623413251903491,,14,0.13889684821780407,0.9969408340961189,0.2794258794189522,0.9951156612910523,0.19315948900111835,
alpha_tuning,ridge,15,0.05623413251903491,,15,0.14378996806501015,0.997154836923723,0.23029073410952994,0.9937010076602569,0.17874908999874606,
alpha_tuning,ridge,15,0.07498942093324558,,1,0.1408444888482938,0.9970770713452456,0.30791871600059834,0.9933035804232455,0.18410378900080104,
alpha_tuning,ridge,15,0.07498942093324558,,2,0.1400865341850432,0.9971293467779854,0.2550487710787166,0.9941581129984799,0.1556767910005874,
alpha_tuning,ridge,15,0.07498942093324558,,3,0.1444573152074945,0.9969720190021268,0.23310716100276735,0.9951245606898397,0.19144988799962448,
alpha_tuning,ridge,15,0.07498942093324558,,4,0.14711246025912755,0.996899897369764,0.2100832492496027,0.9957308029421644,0.18552378900130861,
alpha_tuning,ridge,15,0.07498942093324558,,5,0.13327301124083904,0.9971531877328301,0.2715047047575331,0.9947063951635369,0.1592294910005876,
alpha_tuning,ridge,15,0.07498942093324558,,6,0.1413894819878341,0.9971954250600104,0.25597736575138014,0.9931455711623755,0.16236449099960737,
alpha_tuning,ridge,15,0.07498942093324558,,7,0.1342424258377285,0.9971139675970456,0.32378200660601814,0.9938695562090621,0.1939435880012752,
alpha_tuning,ridge,15,0.07498942093324558,,8,0.13647440384678344,0.9971342859412732,0.2723474953930329,0.9943686789043213,0.2054632869985653,
alpha_tuning,ridge,15,0.07498942093324558,,9,0.14946191953645824,0.9969429901634713,0.21409809695416396,0.9950225966601995,0.14929169099923456,
alpha_tuning,ridge,15,0.07498942093324558,,10,0.14181983706114384,0.9968858840270556,0.2486837204636684,0.995619330982825,0.22287018700080807,
alpha_tuning,ridge,15,0.07498942093324558,,11,0.13355234048022435,0.9970138682926386,0.2901480892089271,0.9951741364871693,0.22056878700095695,
alpha_tuning,ridge,15,0.07498942093324558,,12,0.14105113809896241,0.9970685496720608,0.2564389943230215,0.9944800901882309,0.19525998800236266,
alpha_tuning,ridge,15,0.07498942093324558,,13,0.14145367965210764,0.9971820321606228,0.24480247270322508,0.9935383943397629,0.19675878799898783,
alpha_tuning,ridge,15,0.07498942093324558,,14,0.14166446028269647,0.9968798781811883,0.2742258434809352,0.9952065574416622,0.1827596889997949,
alpha_tuning,ridge,15,0.07498942093324558,,15,0.146732020550001,0.9970966227157959,0.22396668981602272,0.993873985121617,0.18003778899947065,
alpha_tuning,ridge,15,0.1,,1,0.14362890187892455,0.9970192867581421,0.2959566092277842,0.9935637246814871,0.20850748799784924,
alpha_tuning,ridge,15,0.1,,2,0.14279208335432078,0.9970739046651136,0.2513650203846423,0.9942424892344662,0.18709618899811176,
alpha_tuning,ridge,15,0.1,,3,0.14716698151693866,0.996915221476271,0.23199816701577666,0.9951477553135297,0.18777128900183016,
alpha_tuning,ridge,15,0.1,,4,0.15014121215078233,0.9968360724450152,0.20664762267671996,0.9958006198690691,0.2897870829983731,
alpha_tuning,ridge,15,0.1,,5,0.13637587536341272,0.9970869082095773,0.26779362331012097,0.9947787511793049,0.15925249100109795,
alpha_tuning,ridge,15,0.1,,6,0.1442455972805885,0.9971387716989317,0.2507658825737369,0.9932851215498668,0.18898528900172096,
alpha_tuning,ridge,15,0.1,,7,0.1369639997682749,0.9970554574017658,0.3236861362141844,0.993871371405819,0.2800223839985847,
alpha_tuning,ridge,15,0.1,,8,0.1394490919883904,0.9970718229050741,0.2669002696436234,0.9944813110298024,0.18575948900252115,
alpha_tuning,ridge,15,0.1,,9,0.15233139303633325,0.9968842995702957,0.2116438253717978,0.9950796541480738,0.17761908900138224,
alpha_tuning,ridge,15,0.1,,10,0.14452144434527708,0.9968265614487021,0.24725845064339347,0.9956444377141025,0.182309889998578,
alpha_tuning,ridge,15,0.1,,11,0.13636622264631268,0.9969509519654015,0.28912297057526837,0.9951911866859972,0.17576099000143586,
alpha_tuning,ridge,15,0.1,,12,0.14367335465849082,0.9970140524329959,0.2546995026040612,0.9945175331575903,0.23905368600026122,
alpha_tuning,ridge,15,0.1,,13,0.14441788467375744,0.9971229807846468,0.24139470206530997,0.9936283430637263,0.18970158899901435,
alpha_tuning,ridge,15,0.1,,14,0.14455669926970482,0.9968161773916567,0.26999335805500424,0.9952805408981835,0.2979462820003391,
alpha_tuning,ridge,15,0.1,,15,0.1498263349324796,0.9970353957112567,0.21876250116543453,0.9940163319015315,0.18307478899805574,
alpha_tuning,ridge,15,0.1333521432163324,,1,0.14656717254729199,0.9969583091820777,0.2864661814966214,0.9937701164425212,0.16570848999981536,
alpha_tuning,ridge,15,0.1333521432163324,,2,0.14568966546123469,0.9970145274133339,0.24835545817047755,0.9943114231968015,0.21198848799758707,
alpha_tuning,ridge,15,0.1333521432163324,,3,0.1500471142731568,0.9968548507899914,0.2318051450679185,0.9951517923700846,0.11795389300095849,
alpha_tuning,ridge,15,0.1333521432163324,,4,0.15338171904790465,0.9967677852045097,0.20381636596498204,0.995858155121722,0.15762259099938092,
alpha_tuning,ridge,15,0.1333521432163324,,5,0.13971646227761877,0.9970155507477899,0.26477877578403786,0.994837532523295,0.1809753890011052,
alpha_tuning,ridge,15,0.1333521432163324,,6,0.14729118338813496,0.9970783600307177,0.2466967581666806,0.9933940824480217,0.15345909100142308,
alpha_tuning,ridge,15,0.1333521432163324,,7,0.13985476434142183,0.996993309834219,0.3224220878150341,0.9938953047236129,0.2634738839988131,
alpha_tuning,ridge,15,0.1333521432163324,,8,0.14266736189786935,0.9970042450951375,0.2622887715339884,0.994576662839629,0.18281318800291047,
alpha_tuning,ridge,15,0.1333521432163324,,9,0.15535590360940504,0.9968224379362337,0.2095896889954092,0.9951274091977715,0.24716668499968364,
alpha_tuning,ridge,15,0.1333521432163324,,10,0.14746189077622754,0.9967619943797507,0.24578266511818,0.9956704343009086,0.164446990002034,
alpha_tuning,ridge,15,0.1333521432163324,,11,0.1393421039441151,0.9968844134572125,0.28858435541784755,0.9952001451569722,0.17618688899892732,
alpha_tuning,ridge,15,0.1333521432163324,,12,0.14645846795600462,0.9969561697288973,0.253282743061037,0.9945480292407741,0.3144714810005098,
alpha_tuning,ridge,15,0.1333521432163324,,13,0.14757700236349636,0.997060046458213,0.23883920484120455,0.9936957958763784,0.1769357890007086,
alpha_tuning,ridge,15,0.1333521432163324,,14,0.14760515078350725,0.9967490360630353,0.2667287811977467,0.99533760540182,0.1876643880023039,
alpha_tuning,ridge,15,0.1333521432163324,,15,0.15310212119270902,0.9969705779340584,0.21464737447885973,0.9941288902794273,0.1873935879993951,
alpha_tuning,ridge,15,0.1778279410038923,,1,0.14970849691857147,0.9968931176570577,0.2791900238157027,0.9939283536726933,0.18251568900086568,
alpha_tuning,ridge,15,0.1778279410038923,,2,0.14883447549682838,0.996950083966904,0.2461006839072442,0.9943630687562136,0.2798517819974222,
alpha_tuning,ridge,15,0.1778279410038923,,3,0.1531289679165301,0.9967902518165371,0.23252960603735012,0.9951366402594679,0.29689518099985435,
alpha_tuning,ridge,15,0.1778279410038923,,4,0.15686752313891594,0.9966943288133108,0.20158566777587944,0.9959034861520629,0.18488728800002718,
alpha_tuning,ridge,15,0.1778279410038923,,5,0.1433314524032139,0.9969383318259735,0.2625075980455744,0.9948818143248628,0.1929954990009719,
alpha_tuning,ridge,15,0.1778279410038923,,6,0.15057152760441042,0.9970132917451977,0.24365470408298287,0.9934755409909508,0.2519982979974884,
alpha_tuning,ridge,15,0.1778279410038923,,7,0.14295798568744672,0.9969265947305378,0.31998772653627894,0.9939413965838205,0.17009589900044375,
alpha_tuning,ridge,15,0.1778279410038923,,8,0.14616694678666117,0.9969307601827082,0.25866630655168416,0.9946515644407756,0.21889379800268216,
alpha_tuning,ridge,15,0.1778279410038923,,9,0.15857363471838481,0.9967566242782667,0.20816089456356093,0.9951606261496181,0.18335799800115637,
alpha_tuning,ridge,15,0.1778279410038923,,10,0.15069067581768839,0.9966910958984156,0.24433115176048306,0.9956960033232082,0.18770179899729555,
alpha_tuning,ridge,15,0.1778279410038923,,11,0.1425235488393389,0.9968132786987897,0.2884936278622079,0.9952016541753551,0.21039889800158562,
alpha_tuning,ridge,15,0.1778279410038923,,12,0.14946292770784234,0.9968937283715038,0.25222075099780833,0.9945708888703141,0.17173869899852434,
alpha_tuning,ridge,15,0.1778279410038923,,13,0.15096782144842696,0.9969924962951209,0.2372612280270099,0.9937374468605442,0.16427669899712782,
alpha_tuning,ridge,15,0.1778279410038923,,14,0.15085557766090113,0.9966774462810931,0.2644158121573763,0.9953780358882158,0.22891279800023767,
alpha_tuning,ridge,15,0.1778279410038923,,15,0.1565950630879963,0.9969014633119342,0.21159565260207622,0.9942123620387198,0.2285252980000223,
alpha_tuning,ridge,15,0.23713737056616552,,1,0.15311512600537258,0.9968224202953408,0.27389944866751376,0.9940434097220779,0.19453029799842625,
alpha_tuning,ridge,15,0.23713737056616552,,2,0.1522886309833924,0.9968793014135734,0.2446940542797858,0.9943952875797032,0.22448659800284076,
alpha_tuning,ridge,15,0.23713737056616552,,3,0.15645378901802842,0.9967205599833323,0.23412272722260183,0.9951033201091173,0.29808399800094776,
alpha_tuning,ridge,15,0.23713737056616552,,4,0.16063677064840373,0.9966148994155726,0.1999456659995495,0.9959368133725023,0.17504349899900262,
alpha_tuning,ridge,15,0.23713737056616552,,5,0.14726002370795743,0.9968544145731204,0.26104309643763934,0.9949103681313307,0.2980622970026161,
alpha_tuning,ridge,15,0.23713737056616552,,6,0.15414103773815438,0.9969424876194,0.24154670592352423,0.9935319878698826,0.18660589800128946,
alpha_tuning,ridge,15,0.23713737056616552,,7,0.14632811023415748,0.9968541415654293,0.31648585628325987,0.9940077005114981,0.17508699799873284,
alpha_tuning,ridge,15,0.23713737056616552,,8,0.14998561815900968,0.996850575034952,0.25617230577787525,0.9947031328209067,0.15469589799977257,
alpha_tuning,ridge,15,0.23713737056616552,,9,0.16203279258610104,0.9966858726134914,0.20757050388967266,0.995174351692039,0.24949899700004607,
alpha_tuning,ridge,15,0.23713737056616552,,10,0.1542610906742728,0.996612695822902,0.24302180947935995,0.9957190679418053,0.2595672969982843,
alpha_tuning,ridge,15,0.23713737056616552,,11,0.14596253747878773,0.996736385452437,0.2888547265536477,0.9951956482319615,0.1993288970006688,
alpha_tuning,ridge,15,0.23713737056616552,,12,0.15275480008591957,0.996825313749032,0.2515895857417059,0.9945844748512574,0.1777785979975306,
alpha_tuning,ridge,15,0.23713737056616552,,13,0.15463091514515068,0.9969195220165062,0.23675270984142074,0.993750869290269,0.1632377979985904,
alpha_tuning,ridge,15,0.23713737056616552,,14,0.15436919571303598,0.9966000597839747,0.26302845120072094,0.9954022868303188,0.2577291970010265,
alpha_tuning,ridge,15,0.23713737056616552,,15,0.16035155491703787,0.9968271338438068,0.20960206134436,0.99426689144091,0.24608789700141642,
alpha_tuning,ridge,15,0.31622776601683794,,1,0.1568636540184071,0.9967446275465294,0.2704148730792067,0.9941191900464742,0.18979859799947008,
alpha_tuning,ridge,15,0.31622776601683794,,2,0.1561265226639364,0.9968006553382558,0.24424014951307313,0.9944056842593083,0.15874979799991706,
alpha_tuning,ridge,15,0.31622776601683794,,3,0.1600811117251153,0.9966445273904904,0.23653759617176184,0.9950528130935756,0.19855289699989953,
alpha_tuning,ridge,15,0.31622776601683794,,4,0.16474169025222798,0.9965283963957855,0.19888576270044114,0.9959583521484985,0.2205836979992455,
alpha_tuning,ridge,15,0.31622776601683794,,5,0.15154937403516577,0.9967627908076183,0.2604622077566648,0.9949216938839868,0.1549899980018381,
alpha_tuning,ridge,15,0.31622776601683794,,6,0.15806728336735934,0.996864607355995,0.24033250012162305,0.993564501241676,0.20259539800099446,
alpha_tuning,ridge,15,0.31622776601683794,,7,0.15003653469464023,0.996774415405163,0.3121459213705698,0.9940898722396848,0.18501829799788538,
alpha_tuning,ridge,15,0.31622776601683794,,8,0.15416660191298534,0.9967627819866927,0.2549288756726021,0.9947288431883647,0.32520638999994844,
alpha_tuning,ridge,15,0.31622776601683794,,9,0.16579787748204886,0.9966088636897604,0.2080126968911445,0.9951640714842573,0.3217565810009546,
alpha_tuning,ridge,15,0.31622776601683794,,10,0.15823682216222998,0.9965253957019362,0.24201846066322807,0.995736742355973,0.1549916910007596,
alpha_tuning,ridge,15,0.31622776601683794,,11,0.1497245303480737,0.9966522700700375,0.289714442353337,0.995181349081757,0.1802221889993234,
alpha_tuning,ridge,15,0.31622776601683794,,12,0.15641555494676213,0.9967492326823922,0.2515175660363439,0.994586025092395,0.248756984998181,
alpha_tuning,ridge,15,0.31622776601683794,,13,0.1586179179576816,0.996840094986196,0.23738775889006927,0.9937341070554683,0.17729968999992707,
alpha_tuning,ridge,15,0.31622776601683794,,14,0.15822444446811437,0.9965151489620674,0.2625451207132875,0.9954107354028487,0.15573479100203258,
alpha_tuning,ridge,15,0.31622776601683794,,15,0.16443561212850977,0.9967463228600097,0.208696509382464,0.994291660413458,0.18140679000134696,
alpha_tuning,ridge,15,0.4216965034285822,,1,0.16105084513820564,0.9966577312752797,0.26861186068148657,0.9941584008085677,0.18632048899962683,
alpha_tuning,ridge,15,0.4216965034285822,,2,0.16044425251094332,0.9967121764193562,0.24486670356870555,0.9943913330511929,0.18202739000116708,
alpha_tuning,ridge,15,0.4216965034285822,,3,0.16410019916059315,0.996560282986765,0.2397824799024292,0.9949849463080623,0.2041321879987663,
alpha_tuning,ridge,15,0.4216965034285822,,4,0.16926349925018386,0.9964331082608219,0.19841416729726466,0.995967935652728,0.11497209300068789,
alpha_tuning,ridge,15,0.4216965034285822,,5,0.15626576444006615,0.9966620451432379,0.26085939073045944,0.9949139498940146,0.17148978999830433,
alpha_tuning,ridge,15,0.4216965034285822,,6,0.16243959019576498,0.9967778791072703,0.24005104206492411,0.9935720379792103,0.18087468900193926,
alpha_tuning,ridge,15,0.4216965034285822,,7,0.15418265461664732,0.9966852793785547,0.3073296979581163,0.9941810619485391,0.1812998890018207,
alpha_tuning,ridge,15,0.4216965034285822,,8,0.15877163162392183,0.9966660847452209,0.25504391386167946,0.9947264645471365,0.236199785998906,
alpha_tuning,ridge,15,0.4216965034285822,,9,0.16995895640651645,0.9965237553274289,0.2096719793033743,0.9951254960931736,0.1606738900009077,
alpha_tuning,ridge,15,0.4216965034285822,,10,0.16270335759182353,0.9964273183834648,0.24153542107881612,0.9957452513027492,0.18113558999903034,
alpha_tuning,ridge,15,0.4216965034285822,,11,0.15389823826822457,0.9965589490431442,0.29116500628877734,0.9951572226999905,0.17811049000010826,
alpha_tuning,ridge,15,0.4216965034285822,,12,0.1605467553145963,0.9966633743983948,0.2521927222950128,0.9945714921947499,0.20544498700110125,
alpha_tuning,ridge,15,0.4216965034285822,,13,0.1630041463671102,0.9967527147877853,0.23925589764674135,0.9936847971942118,0.30813508099890896,
alpha_tuning,ridge,15,0.4216965034285822,,14,0.16252170465263063,0.9964205029567386,0.2629687535940907,0.995403330339,0.194830987999012,
alpha_tuning,ridge,15,0.4216965034285822,,15,0.1689396830683011,0.9966572010909234,0.20895623592410498,0.994284556282662,0.1542319910004153,
alpha_tuning,ridge,15,0.5623413251903491,,1,0.1658054685646514,0.9965590591499494,0.2684197559063455,0.9941625785805257,0.2523113850002119,
alpha_tuning,ridge,15,0.5623413251903491,,2,0.1653730461673908,0.9966111755810326,0.24674499534656674,0.9943483108155798,0.16059048999886727,
alpha_tuning,ridge,15,0.5623413251903491,,3,0.16864484272307703,0.996465022360264,0.24396484200086227,0.9948974721502702,0.28710448300262215,
alpha_tuning,ridge,15,0.5623413251903491,,4,0.17433186501110534,0.9963263025286715,0.19859072813837828,0.9959643476797406,0.22136918699834496,
alpha_tuning,ridge,15,0.5623413251903491,,5,0.1615116411465267,0.9965499892511936,0.2623548868681151,0.9948847917783412,0.2192660859982425,
alpha_tuning,ridge,15,0.5623413251903491,,6,0.16738319409243388,0.9966798187182873,0.24084095082274878,0.9935508862131047,0.1744757890010078,
alpha_tuning,ridge,15,0.5623413251903491,,7,0.15891045891481714,0.9965836379167425,0.3025247622577723,0.9942720379374113,0.2210311870003352,
alpha_tuning,ridge,15,0.5623413251903491,,8,0.1639019463322657,0.996558357474971,0.256625542104467,0.9946937612668061,0.17669338899941067,
alpha_tuning,ridge,15,0.5623413251903491,,9,0.17464396088728854,0.9964279308871546,0.21274043982192622,0.9950541597952318,0.1777861890004715,
alpha_tuning,ridge,15,0.5623413251903491,,10,0.1677843303911329,0.9963157490932983,0.24184409872241727,0.9957398138153772,0.19181968799966853,
alpha_tuning,ridge,15,0.5623413251903491,,11,0.15861121622363789,0.9964535703365026,0.29335337933407035,0.9951208247707106,0.15844228999776533,
alpha_tuning,ridge,15,0.5623413251903491,,12,0.16528333388672337,0.9965649346055955,0.2538708719616136,0.9945353696275299,0.2227206860006845,
alpha_tuning,ridge,15,0.5623413251903491,,13,0.16790593022884573,0.996655063957408,0.24250318613864258,0.9935990844255947,0.1717018889976316,
alpha_tuning,ridge,15,0.5623413251903491,,14,0.167393332697217,0.9963132066530311,0.26435042257438474,0.995379178892121,0.18467253299968434,
alpha_tuning,ridge,15,0.5623413251903491,,15,0.17399944368388745,0.9965570839250878,0.21051167767999324,0.9942420112981964,0.18339483800082235,
alpha_tuning,ridge,15,0.7498942093324559,,1,0.17130570507378087,0.996444913406428,0.26982185949882753,0.9941320865270796,0.1749121360007848,
alpha_tuning,ridge,15,0.7498942093324559,,2,0.17109505686060453,0.9964939201393984,0.25010840816220314,0.9942712719122936,0.32266716699814424,
alpha_tuning,ridge,15,0.7498942093324559,,3,0.17391063023223588,0.9963546457795165,0.24932047846938435,0.9947854589437379,0.1891257389979728,
alpha_tuning,ridge,15,0.7498942093324559,,4,0.18014644503914334,0.996203771814367,0.19956684544648468,0.9959445115568952,0.18334363699977985,
alpha_tuning,ridge,15,0.7498942093324559,,5,0.1674479767549507,0.9964231846350545,0.26510753834903744,0.9948311225455906,0.172749234996445,
alpha_tuning,ridge,15,0.7498942093324559,,6,0.1730780890103599,0.9965668558631432,0.24295320720531344,0.9934943253096881,0.18299763700269978,
alpha_tuning,ridge,15,0.7498942093324559,,7,0.1644283115901564,0.9964650114727076,0.29833401329108816,0.9943513849995025,0.21769744500124943,
alpha_tuning,ridge,15,0.7498942093324559,,8,0.16972399230572033,0.9964361051073006,0.2598091817566863,0.9946279332440122,0.14925703100016108,
alpha_tuning,ridge,15,0.7498942093324559,,9,0.1800336670029264,0.996317692876947,0.21743355631795658,0.9949450531097743,0.18295543799831648,
alpha_tuning,ridge,15,0.7498942093324559,,10,0.173661352930407,0.9961866999409219,0.24328218324830533,0.9957144813476351,0.17383873599828803,
alpha_tuning,ridge,15,0.7498942093324559,,11,0.164050414801952,0.9963319538730327,0.2964989947868004,0.9950685055881852,0.1734993360005319,
alpha_tuning,ridge,15,0.7498942093324559,,12,0.17081258708213182,0.9964500207430673,0.25688572842614243,0.9944704741313376,0.16252833299949998,
alpha_tuning,ridge,15,0.7498942093324559,,13,0.17350016351587297,0.996543618503832,0.24736831965193878,0.993470668344253,0.3073995630002173,
alpha_tuning,ridge,15,0.7498942093324559,,14,0.1730198677309519,0.9961892837249514,0.26681617457996504,0.9953360777735254,0.25685185299880686,
alpha_tuning,ridge,15,0.7498942093324559,,15,0.17981098496926903,0.9964420913223079,0.21354249161691805,0.9941591114201545,0.05944331199862063,
alpha_tuning,ridge,15,1.0,,1,0.17780030144866862,0.99631013183279,0.2728700292969525,0.9940657968770884,0.18539113799852203,
alpha_tuning,ridge,15,1.0,,2,0.17785897019439148,0.996355314029125,0.2552576847082851,0.9941533278359722,0.18452323800011072,
alpha_tuning,ridge,15,1.0,,3,0.18017271795037246,0.9962233856727487,0.2562283476299703,0.9946409807702229,0.24946565100253792,
alpha_tuning,ridge,15,1.0,,4,0.1869970326207219,0.9960594093005262,0.2016247180723182,0.9959026925932654,0.17960123599914368,
alpha_tuning,ridge,15,1.0,,5,0.17431927419280385,0.9962764085274591,0.2693340303451603,0.9947487174230277,0.18230213800052297,
alpha_tuning,ridge,15,1.0,,6,0.17977988482915788,0.9964339203127609,0.2467551315783948,0.9933925193551466,0.2137590429992997,
alpha_tuning,ridge,15,1.0,,7,0.17102794145109443,0.9963231282676976,0.29546874972802534,0.9944056355040433,0.2841522579983575,
alpha_tuning,ridge,15,1.0,,8,0.17649414773651323,0.9962939441668537,0.26479360789144674,0.9945248704124557,0.06954551499802619,
alpha_tuning,ridge,15,1.0,,9,0.18637888724165794,0.9961879113195784,0.22400135807267027,0.9947923632967675,0.1750147359998664,
alpha_tuning,ridge,15,1.0,,10,0.18059432701620592,0.9960344639365095,0.24626524820244355,0.995661933395576,0.1765365360006399,
alpha_tuning,ridge,15,1.0,,11,0.17048475200548666,0.9961880868447931,0.300918687662076,0.9949949954208673,0.14768903100048192,
alpha_tuning,ridge,15,1.0,,12,0.1773958633950457,0.9963132012337284,0.2616621134112427,0.9943676613184359,0.17687320100230863,
alpha_tuning,ridge,15,1.0,,13,0.1800426148444674,0.9964132831355333,0.2542026189017586,0.9932902757762011,0.20257468599811546,
alpha_tuning,ridge,15,1.0,,14,0.1796507943674039,0.9960432393406644,0.27059810661068634,0.9952699699489721,0.1823354879998078,
alpha_tuning,ridge,15,1.0,,15,0.18664796789308713,0.9963068083701677,0.21826342921693023,0.9940299826912289,0.17851528800019878,
alpha_tuning,ridge,15,1.333521432163324,,1,0.185631410033029,0.9961476137827981,0.27772813210066405,0.9939601459600438,0.1691929890002939,
alpha_tuning,ridge,15,1.333521432163324,,2,0.18599363063888014,0.9961886185694164,0.262546147917174,0.993986385731915,0.1894111880028504,
alpha_tuning,ridge,15,1.333521432163324,,3,0.18780219402894238,0.9960634636324114,0.2652170868258313,0.9944529811728027,0.2704949819999456,
alpha_tuning,ridge,15,1.333521432163324,,4,0.19527877717842018,0.9958848879986525,0.2052092235610816,0.9958298502303398,0.1796727879991522,
alpha_tuning,ridge,15,1.333521432163324,,5,0.18247758524856458,0.9961021408360736,0.2753369551734878,0.9946316766817539,0.19085138800073764,
alpha_tuning,ridge,15,1.333521432163324,,6,0.18783936436135515,0.9962740540058223,0.2527260275335033,0.9932326338070592,0.18136488999880385,
alpha_tuning,ridge,15,1.333521432163324,,7,0.17909928562501332,0.9961496051756054,0.2947499049369429,0.9944192460120277,0.18110619000071893,
alpha_tuning,ridge,15,1.333521432163324,,8,0.18457740415543003,0.9961242104958717,0.27187907090910135,0.9943783645035015,0.2225927870022133,
alpha_tuning,ridge,15,1.333521432163324,,9,0.19401939868399626,0.9960316366062081,0.23274101184088697,0.9945891817530103,0.1717859899981704,
alpha_tuning,ridge,15,1.333521432163324,,10,0.18893906452413042,0.9958512280725996,0.2512992361780623,0.9955732575662273,0.206821787996887,
alpha_tuning,ridge,15,1.333521432163324,,11,0.17828579488009078,0.9960136612870337,0.307055735776599,0.9948929214880246,0.36395707900010166,
alpha_tuning,ridge,15,1.333521432163324,,12,0.1853894791714364,0.9961470707940527,0.26873397693092316,0.9942154377888871,0.18593839000095613,
alpha_tuning,ridge,15,1.333521432163324,,13,0.1878825480341227,0.9962570999973805,0.2634698637563171,0.9930456651677143,0.1631503899989184,
alpha_tuning,ridge,15,1.333521432163324,,14,0.18762643739369828,0.9958675779378274,0.2760684928756278,0.9951743480994774,0.19791508900016197,
alpha_tuning,ridge,15,1.333521432163324,,15,0.19487728394568898,0.9961439754097675,0.2249059985389014,0.9938482928223895,0.20980038800189504,
alpha_tuning,ridge,15,1.7782794100389228,,1,0.1952576234874889,0.9959478421383916,0.28475105177463544,0.993807415988311,0.2779378839986748,
alpha_tuning,ridge,15,1.7782794100389228,,2,0.19592094677231173,0.9959851880097971,0.27234870471112865,0.9937618583645647,0.1980973889985762,
alpha_tuning,ridge,15,1.7782794100389228,,3,0.19728055112941092,0.9958647870534506,0.27697212668603477,0.9942071243609382,0.1865086890029488,
alpha_tuning,ridge,15,1.7782794100389228,,4,0.20550005932433307,0.9956694947980418,0.2109464035179035,0.9957132623925211,0.1867088889994193,
alpha_tuning,ridge,15,1.7782794100389228,,5,0.19240261355239216,0.9958901347287284,0.2835431912111109,0.9944716773520306,0.18934188899947912,
alpha_tuning,ridge,15,1.7782794100389228,,6,0.19771856475598035,0.9960780920610979,0.261446441655587,0.9929991230907542,0.1904170880006859,
alpha_tuning,ridge,15,1.7782794100389228,,7,0.18914050394376133,0.9959337324270894,0.2971199734132318,0.9943743714628616,0.16800469000008889,
alpha_tuning,ridge,15,1.7782794100389228,,8,0.19445869870606322,0.9959167212970623,0.28150144179767583,0.99417940302564,0.18407798900079797,
alpha_tuning,ridge,15,1.7782794100389228,,9,0.20340423194499926,0.9958396845177963,0.24402182879567966,0.9943269226447545,0.13373119199968642,
alpha_tuning,ridge,15,1.7782794100389228,,10,0.1991609675681924,0.995626772931464,0.2589922170420518,0.9954377424514551,0.18630958900030237,
alpha_tuning,ridge,15,1.7782794100389228,,11,0.18794346409673324,0.9957977229353483,0.3155099332915728,0.9947523077640844,0.18123448899859795,
alpha_tuning,ridge,15,1.7782794100389228,,12,0.19526254717377767,0.995941879904966,0.2787693559952694,0.9939994238885506,0.18323608900027466,
alpha_tuning,ridge,15,1.7782794100389228,,13,0.19747391044035098,0.9960660257823934,0.27573097010523534,0.9927220310421677,0.10914099399815314,
alpha_tuning,ridge,15,1.7782794100389228,,14,0.19739796427120798,0.9956523626738666,0.28377134644196933,0.9950397029265904,0.32874418099891045,
alpha_tuning,ridge,15,1.7782794100389228,,15,0.20497411898073117,0.9959441899684356,0.23370869266718683,0.9936075184677565,0.19448748799914028,
alpha_tuning,ridge,15,2.371373705661655,,1,0.20727575604359502,0.9956984312859534,0.29458612936310774,0.993593529002298,0.19485508900106652,
alpha_tuning,ridge,15,2.371373705661655,,2,0.20817276797083079,0.9957341236929897,0.28503108620638656,0.9934713686700167,0.16896718999851146,
alpha_tuning,ridge,15,2.371373705661655,,3,0.20921325080364817,0.9956146648092775,0.292351469042449,0.9938854652151344,0.19380948899924988,
alpha_tuning,ridge,15,2.371373705661655,,4,0.21828286439429587,0.9954001225942911,0.2196418189513259,0.9955365589089372,0.2198986870025692,
alpha_tuning,ridge,15,2.371373705661655,,5,0.20471751064168564,0.9956270792175164,0.2945538650136208,0.9942569990975755,0.12262559300143039,
alpha_tuning,ridge,15,2.371373705661655,,6,0.2100033756979132,0.9958344128819548,0.27358404965292776,0.9926741085331876,0.22234158699939144,
alpha_tuning,ridge,15,2.371373705661655,,7,0.20176542209715229,0.9956623135917401,0.3036670229143943,0.9942504105319127,0.30811778100178344,
alpha_tuning,ridge,15,2.371373705661655,,8,0.2067500873520073,0.995658624509305,0.29426015639444103,0.9939155914618184,0.19684808800229803,
alpha_tuning,ridge,15,2.371373705661655,,9,0.21511308673743187,0.995600198203249,0.2583314418232818,0.9939942493669995,0.200087588000315,
alpha_tuning,ridge,15,2.371373705661655,,10,0.2118464004729222,0.995348222976458,0.2700656904586711,0.9952426785292239,0.2482705820002593,
alpha_tuning,ridge,15,2.371373705661655,,11,0.20007598613589397,0.9955264487021815,0.32706669701942737,0.9945600908704536,0.19207608699798584,
alpha_tuning,ridge,15,2.371373705661655,,12,0.20761096358489337,0.9956852441214781,0.2926020016285009,0.9937016729300617,0.20304178600054001,
alpha_tuning,ridge,15,2.371373705661655,,13,0.20938600411086072,0.9958287191464282,0.2916244542737996,0.992302519645365,0.17562038799951551,
alpha_tuning,ridge,15,2.371373705661655,,14,0.20954454221534186,0.9953848375458862,0.2944420478980586,0.9948531800451667,0.1899213869983214,
alpha_tuning,ridge,15,2.371373705661655,,15,0.21753903238895753,0.9956955688151884,0.24493181769780634,0.9933005396443609,0.2136691849991621,
alpha_tuning,ridge,15,3.1622776601683795,,1,0.22243829063958337,0.9953837650380106,0.3082588437479562,0.9932961835422257,0.1828330870011996,
alpha_tuning,ridge,15,3.1622776601683795,,2,0.22341695319228286,0.9954217398534042,0.3009437186904776,0.9931068901411628,0.16813228899991373,
alpha_tuning,ridge,15,3.1622776601683795,,3,0.22434280410589977,0.995297533068045,0.3124125217290711,0.9934658880367637,0.26723708099962096,
alpha_tuning,ridge,15,3.1622776601683795,,4,0.23435826593811612,0.995061365465763,0.23225217409039703,0.9952802981587333,0.1669427889974031,
alpha_tuning,ridge,15,3.1622776601683795,,5,0.2202023808859524,0.9952963106833886,0.30920808972434055,0.9939712814895784,0.1952859859993623,
alpha_tuning,ridge,15,3.1622776601683795,,6,0.22541422815204432,0.9955287261364553,0.2898792731085021,0.9922377635100972,0.151845789001527,
alpha_tuning,ridge,15,3.1622776601683795,,7,0.2177115818286903,0.9953194925096513,0.31566084676758926,0.994023321127714,0.1624687880030251,
alpha_tuning,ridge,15,3.1622776601683795,,8,0.22219855069402258,0.9953342348996999,0.3109404603698253,0.9935706933105674,0.1462875899997016,
alpha_tuning,ridge,15,3.1622776601683795,,9,0.2298782431412123,0.9952982000186664,0.27634554294589625,0.9935754532713462,0.19256258599853027,
alpha_tuning,ridge,15,3.1622776601683795,,10,0.22771495157024887,0.9949997773043736,0.28536809048437106,0.9949731202744414,0.2381654829987383,
alpha_tuning,ridge,15,3.1622776601683795,,11,0.2154356514862249,0.9951830179277589,0.3427240289299528,0.9942996716239189,0.1793232870004431,
alpha_tuning,ridge,15,3.1622776601683795,,12,0.2231676100289718,0.9953619320452002,0.3112636485606854,0.9932999765801104,0.18455578700013575,
alpha_tuning,ridge,15,3.1622776601683795,,13,0.2243172321443381,0.9955312668602507,0.3118539817304174,0.9917685575996626,0.19614598600310273,
alpha_tuning,ridge,15,3.1622776601683795,,14,0.22478813865948502,0.9950491014144132,0.3090043495798892,0.9945986323492129,0.2452720830006001,
alpha_tuning,ridge,15,3.1622776601683795,,15,0.23331841776114054,0.9953833431068763,0.25890853498985833,0.9929182436067118,0.23944338299770607,
alpha_tuning,ridge,15,4.216965034285822,,1,0.24166182236431857,0.9949848214074626,0.3271916119603774,0.9928844457909565,0.10486699199827854,
alpha_tuning,ridge,15,4.216965034285822,,2,0.24249426475255437,0.9950308075898826,0.32046351037205595,0.9926597897030204,0.14872888899844838,
alpha_tuning,ridge,15,4.216965034285822,,3,0.24355935137090565,0.9948947335290975,0.33844321046634734,0.9929214558425988,0.09258339300140506,
alpha_tuning,ridge,15,4.216965034285822,,4,0.2545626777339895,0.9946355976549301,0.24982910915595272,0.994923109283677,0.1772536870012118,
alpha_tuning,ridge,15,4.216965034285822,,5,0.23980795589844156,0.9948775207803856,0.32866348073281304,0.9935919541698928,0.34108157499940717,
alpha_tuning,ridge,15,4.216965034285822,,6,0.24481707676537487,0.995143854912512,0.3111344334603618,0.9916686038750784,0.1779428869995172,
alpha_tuning,ridge,15,4.216965034285822,,7,0.23785077271971858,0.9948865268721632,0.3346010817635483,0.9936647093344059,0.21956678399874363,
alpha_tuning,ridge,15,4.216965034285822,,8,0.24169678690692528,0.9949248074315394,0.33253025903460537,0.9931242816830362,0.1931372859980911,
alpha_tuning,ridge,15,4.216965034285822,,9,0.24860531323077217,0.9949151670852563,0.29901714546454944,0.9930483784785277,0.1870950860029552,
alpha_tuning,ridge,15,4.216965034285822,,10,0.24763531659202756,0.9945623608738748,0.305895791997426,0.9946115161218078,0.1722436870004458,
alpha_tuning,ridge,15,4.216965034285822,,11,0.2349132367129112,0.9947475135059037,0.3637167606873433,0.9939505117914387,0.18358268700103508,
alpha_tuning,ridge,15,4.216965034285822,,12,0.2428093084655437,0.9949537207815464,0.3360062290834091,0.9927673867009603,0.19399298499774886,
alpha_tuning,ridge,15,4.216965034285822,,13,0.24311417145981282,0.9951568038515824,0.3371919671804683,0.9910997568788402,0.17063408800095203,
alpha_tuning,ridge,15,4.216965034285822,,14,0.24400683061386147,0.9946258148683295,0.32853891509326105,0.9942571699381512,0.18391178700039745,
alpha_tuning,ridge,15,4.216965034285822,,15,0.2532261799880788,0.9949894294647661,0.2761326445810646,0.9924471237642508,0.24145158200190053,
alpha_tuning,ridge,15,5.623413251903491,,1,0.26602612056600666,0.994479192071526,0.3531224503490471,0.9923205184789602,0.18699008700059494,
alpha_tuning,ridge,15,5.623413251903491,,2,0.2664643046988102,0.9945396135375503,0.3441005457190372,0.9921183838810516,0.17811218800125062,
alpha_tuning,ridge,15,5.623413251903491,,3,0.2679073297472076,0.9943843736642879,0.3719846261185523,0.9922199366971306,0.18018688799929805,
alpha_tuning,ridge,15,5.623413251903491,,4,0.27984581492232374,0.9941028058033078,0.27344964252232734,0.9944431057045604,0.18696758700025384,
alpha_tuning,ridge,15,5.623413251903491,,5,0.26467213185956806,0.9943464031859066,0.35449740203358765,0.9930882628218377,0.21566688600069028,
alpha_tuning,ridge,15,5.623413251903491,,6,0.26923944943803146,0.9946594173616431,0.33821586563580075,0.9909434313617875,0.18179758800033596,
alpha_tuning,ridge,15,5.623413251903491,,7,0.26320456715568363,0.9943414542408887,0.362282566767893,0.9931405919208174,0.18297598799836123,
alpha_tuning,ridge,15,5.623413251903491,,8,0.2662976100354693,0.9944082349263035,0.36023309751841304,0.9925514709122271,0.18693648699991172,
alpha_tuning,ridge,15,5.623413251903491,,9,0.2723924314148185,0.9944286387809442,0.3276766433501039,0.9923820956739537,0.15743028900033096,
alpha_tuning,ridge,15,5.623413251903491,,10,0.27264814959144684,0.9940131227391666,0.33283332436964186,0.9941370000849634,0.24080568400313496,
alpha_tuning,ridge,15,5.623413251903491,,11,0.2595463671896728,0.9941967348995256,0.391540899331531,0.993487729162661,0.1686034890008159,
alpha_tuning,ridge,15,5.623413251903491,,12,0.2675643651878518,0.9944392391536432,0.3683079860053768,0.9920720837676382,0.3158924790004676,
alpha_tuning,ridge,15,5.623413251903491,,13,0.26679809387367687,0.9946849848657723,0.36850885077291223,0.9902731420573173,0.1842676880005456,
alpha_tuning,ridge,15,5.623413251903491,,14,0.26825085147391886,0.9940918467982134,0.3542360120461393,0.9938079870435119,0.15910418900239165,
alpha_tuning,ridge,15,5.623413251903491,,15,0.2783644538422438,0.9944920200172664,0.2973753487512652,0.9918660859237102,0.18739968799854978,
alpha_tuning,ridge,15,7.498942093324558,,1,0.2967789855154652,0.9938409815819883,0.3879408941815437,0.9915633092000296,0.1829453870013822,
alpha_tuning,ridge,15,7.498942093324558,,2,0.2966628372266933,0.9939207852168583,0.3726834171476682,0.9914636937825312,0.21181808499750332,
alpha_tuning,ridge,15,7.498942093324558,,3,0.2985975324192832,0.9937410739436857,0.41483874720755365,0.9913236421960913,0.28543788100068923,
alpha_tuning,ridge,15,7.498942093324558,,4,0.3113112618625509,0.9934397340645229,0.3041731477616593,0.9938187594102097,0.18485438700008672,
alpha_tuning,ridge,15,7.498942093324558,,5,0.296147182648158,0.9936740723076553,0.38883562083536616,0.9924187607545091,0.3003954800005886,
alpha_tuning,ridge,15,7.498942093324558,,6,0.29990504655174116,0.9940511403952396,0.3720914181131124,0.990036329426781,0.19202088699967135,
alpha_tuning,ridge,15,7.498942093324558,,7,0.29497597163616723,0.9936584115869301,0.4008964741285965,0.9924094815323661,0.20824878599887597,
alpha_tuning,ridge,15,7.498942093324558,,8,0.29723963294043754,0.9937585087685415,0.3954878810188157,0.9918225087979881,0.18452818800142268,
alpha_tuning,ridge,15,7.498942093324558,,9,0.3025565938615447,0.9938116780086199,0.36413371509396064,0.9915345330228197,0.1909553869991214,
alpha_tuning,ridge,15,7.498942093324558,,10,0.30400559063438976,0.9933245680909167,0.3676366417635537,0.9935239249149517,0.16356178799833287,
alpha_tuning,ridge,15,7.498942093324558,,11,0.29054555375872504,0.9935036159801311,0.4279906441442698,0.9928814818700341,0.1844569880013296,
alpha_tuning,ridge,15,7.498942093324558,,12,0.29863454588352595,0.9937935109970539,0.40987629590834956,0.9911773160966847,0.1342550899971684,
alpha_tuning,ridge,15,7.498942093324558,,13,0.2966068921345512,0.9940911492367789,0.40684348833074196,0.989261292347257,0.1637920880020829,
alpha_tuning,ridge,15,7.498942093324558,,14,0.2987765816325601,0.9934195257622029,0.3873784481920122,0.993228660303581,0.1601186890002282,
alpha_tuning,ridge,15,7.498942093324558,,15,0.3100515341697549,0.993865029746971,0.32382836617273425,0.9911425337810448,0.18119308700261172,
alpha_tuning,ridge,15,10.0,,1,0.3353840774511667,0.9930398147748167,0.4335152319460937,0.9905721876093447,0.25490518199876533,
alpha_tuning,ridge,15,10.0,,2,0.33478531283402885,0.9931395794566472,0.4076353278878924,0.990663120965936,0.18469668699981412,
alpha_tuning,ridge,15,10.0,,3,0.3370541065256002,0.9929349827085692,0.46907305529986154,0.9901893309355743,0.15604858900042018,
alpha_tuning,ridge,15,10.0,,4,0.3503213902052413,0.9926176731645284,0.3430875831327935,0.9930279615070585,0.25874968199786963,
alpha_tuning,ridge,15,10.0,,5,0.33585660378279797,0.9928258490540813,0.43451616554823475,0.9915281141167639,0.2735817809989385,
alpha_tuning,ridge,15,10.0,,6,0.33831333508823064,0.993289280870734,0.4139383403920222,0.9889157742949144,0.19090859000061755,
alpha_tuning,ridge,15,10.0,,7,0.3346236044743583,0.9928060405696649,0.4531976991064603,0.9914192173627017,0.1843810909995227,
alpha_tuning,ridge,15,10.0,,8,0.3360085295791601,0.9929444325094972,0.44002033741811447,0.9909017125160107,0.21334169000328984,
alpha_tuning,ridge,15,10.0,,9,0.3406931056418049,0.9930316552977868,0.41077953543346113,0.9904500999276705,0.2090760900027817,
alpha_tuning,ridge,15,10.0,,10,0.343248260812642,0.9924628675802161,0.4121920834316731,0.9927390619472505,0.2362136890005786,
alpha_tuning,ridge,15,10.0,,11,0.3293662006030668,0.9926356149849758,0.47523374133182045,0.9920957150584307,0.19023669099988183,
alpha_tuning,ridge,15,10.0,,12,0.3374598567210246,0.9929866088215672,0.46268428327233735,0.9900406117184767,0.27837118599927635,
alpha_tuning,ridge,15,10.0,,13,0.3340720933745552,0.9933447866645944,0.45353463027703866,0.9880288711884688,0.24137738900026307,
alpha_tuning,ridge,15,10.0,,14,0.3371283036162228,0.9925748393510068,0.4294310349326609,0.9924935849495878,0.21641058900058852,
alpha_tuning,ridge,15,10.0,,15,0.349883342649529,0.993076880251752,0.3572848597230003,0.9902274201209027,0.16156569300073897,
alpha_tuning,ridge,16,0.001,,1,0.10296356583881273,0.9978632095622135,1.1048424556345247,0.9759725919059554,0.18152539099901333,
alpha_tuning,ridge,16,0.001,,2,0.10060217870223985,0.9979384601802498,0.5642307049720188,0.987076306985156,0.18692019100126345,
alpha_tuning,ridge,16,0.001,,3,0.10379266572235402,0.9978243938766655,0.330205867045793,0.9930937399875865,0.23822618799749762,
alpha_tuning,ridge,16,0.001,,4,0.10576802045155166,0.9977711492431086,0.3305085695236052,0.9932835853518088,0.2571840870004962,
alpha_tuning,ridge,16,0.001,,5,0.09220616327653211,0.9980304066496258,0.4018075159356089,0.9921658440078102,0.19053729100050987,
alpha_tuning,ridge,16,0.001,,6,0.10271455418353077,0.9979625735904448,0.5247584439882967,0.9859482911674545,0.1724028909993649,
alpha_tuning,ridge,16,0.001,,7,0.09525484704701598,0.997952148336112,0.6862559658994525,0.9870065243302368,0.18087639100122033,
alpha_tuning,ridge,16,0.001,,8,0.09913197069863598,0.997918409063583,0.40213176025708647,0.991685133503761,0.20801299000231666,
alpha_tuning,ridge,16,0.001,,9,0.10748913805516803,0.9978014777719051,0.3303032658035116,0.9923210313321498,0.19300039000154356,
alpha_tuning,ridge,16,0.001,,10,0.10063595379274672,0.997790210187427,0.3555813753981489,0.9937362835356216,0.2038536899999599,
alpha_tuning,ridge,16,0.001,,11,0.09421181871485258,0.9978934933071109,0.4026588251664148,0.9933028112031074,0.18799299099919153,
alpha_tuning,ridge,16,0.001,,12,0.10397959970915899,0.997839003387179,0.5165480967176055,0.9888811804349437,0.18993639099790016,
alpha_tuning,ridge,16,0.001,,13,0.09924960069714667,0.9980228002302701,0.4304278778657793,0.9886387781086138,0.20251348999954644,
alpha_tuning,ridge,16,0.001,,14,0.10300307939243732,0.9977313847469167,0.4576789738751937,0.9919998135712462,0.15851199200187693,
alpha_tuning,ridge,16,0.001,,15,0.10406250598651882,0.9979409217232468,0.5027178851099955,0.9862494853750668,0.1566458919987781,
alpha_tuning,ridge,16,0.001333521432163324,,1,0.10524381310443714,0.9978158878662983,1.0643280039386291,0.9768536743260229,0.1878850909997709,
alpha_tuning,ridge,16,0.001333521432163324,,2,0.10273739717663043,0.997894705283829,0.5159523372913607,0.9881821220314917,0.26943678600218846,
alpha_tuning,ridge,16,0.001333521432163324,,3,0.10629911724585284,0.9977718559517128,0.3075770790912867,0.993567021382547,0.20153869000205304,
alpha_tuning,ridge,16,0.001333521432163324,,4,0.10816056845605021,0.9977207310504643,0.3172341340973976,0.9935533411789317,0.18236679099936737,
alpha_tuning,ridge,16,0.001333521432163324,,5,0.09465818010248217,0.9979780297166336,0.39249991334986445,0.9923473169959404,0.15540729200074566,
alpha_tuning,ridge,16,0.001333521432163324,,6,0.10497397630476044,0.9979177561219106,0.5020368190230152,0.9865567190295921,0.21412658900226234,
alpha_tuning,ridge,16,0.001333521432163324,,7,0.09760738098963419,0.9979015720064228,0.5746021305333118,0.9891205626269592,0.15917399200043292,
alpha_tuning,ridge,16,0.001333521432163324,,8,0.10147429106365902,0.9978692245996038,0.38665872463963596,0.9920050690029327,0.31528958399940166,
alpha_tuning,ridge,16,0.001333521432163324,,9,0.11005427779125462,0.9977490118499525,0.31161355992459117,0.992755534047424,0.1929386900010286,
alpha_tuning,ridge,16,0.001333521432163324,,10,0.10325415007293304,0.997732719169066,0.33299595111839003,0.9941341353459355,0.23694548999992548,
alpha_tuning,ridge,16,0.001333521432163324,,11,0.09629752529864877,0.9978468584481505,0.39052901840403037,0.9935045591864625,0.19589975599956233,
alpha_tuning,ridge,16,0.001333521432163324,,12,0.10621069765048688,0.9977926347234453,0.4648329263489488,0.9899943616696809,0.18858485400050995,
alpha_tuning,ridge,16,0.001333521432163324,,13,0.10181192598380465,0.9979717548967759,0.39693049774031075,0.9895229475315437,0.19073945400305092,
alpha_tuning,ridge,16,0.001333521432163324,,14,0.10533228808848057,0.9976800845488389,0.4275630117962821,0.992526237822447,0.19473085600111517,
alpha_tuning,ridge,16,0.001333521432163324,,15,0.10660536064865254,0.9978906064175936,0.4737662855335775,0.9870413796067663,0.16615154700048151,
alpha_tuning,ridge,16,0.0017782794100389228,,1,0.10750994637246956,0.9977688590764693,1.0145532651077112,0.9779361435564238,0.17507964899778017,
alpha_tuning,ridge,16,0.0017782794100389228,,2,0.10496467790022686,0.9978490638478215,0.4743564475903303,0.9891348750533289,0.1912587539991364,
alpha_tuning,ridge,16,0.0017782794100389228,,3,0.10885286715540474,0.9977183266016183,0.2894240021963099,0.9939466932223714,0.18292645199835533,
alpha_tuning,ridge,16,0.0017782794100389228,,4,0.11058190900399403,0.9976697061122086,0.3056237405772922,0.9937892812552271,0.2039767579990439,
alpha_tuning,ridge,16,0.0017782794100389228,,5,0.097143906216878,0.997924932727758,0.38421223046829595,0.9925089043180612,0.1712558489998628,
alpha_tuning,ridge,16,0.0017782794100389228,,6,0.10723524311555387,0.9978729020624642,0.4788681282342535,0.9871771181879565,0.22674146399731399,
alpha_tuning,ridge,16,0.0017782794100389228,,7,0.09998840452384532,0.9978503831886624,0.48730650943940035,0.9907734058591109,0.18993795300048077,
alpha_tuning,ridge,16,0.0017782794100389228,,8,0.1037597766353789,0.9978212335628285,0.3741753660678413,0.9922631870383816,0.20163565699840547,
alpha_tuning,ridge,16,0.0017782794100389228,,9,0.11266314597125664,0.9976956515310619,0.2963207587448817,0.993111064716541,0.18423485200037248,
alpha_tuning,ridge,16,0.0017782794100389228,,10,0.10594390303908678,0.997673656890835,0.315191004330599,0.9944477770213951,0.1882367529979092,
alpha_tuning,ridge,16,0.0017782794100389228,,11,0.09845395616920165,0.9977986422463666,0.3786521653442712,0.9937020999387888,0.20824215799802914,
alpha_tuning,ridge,16,0.0017782794100389228,,12,0.10842145503469837,0.9977466887952785,0.4227699473702151,0.9908997772091152,0.30462388600062695,
alpha_tuning,ridge,16,0.0017782794100389228,,13,0.10440453780941418,0.9979201062103471,0.3692694496391594,0.9902530659123134,0.19677045500066015,
alpha_tuning,ridge,16,0.0017782794100389228,,14,0.10767957401419918,0.9976283862046161,0.4064868396216718,0.9928946473763615,0.19699175599816954,
alpha_tuning,ridge,16,0.0017782794100389228,,15,0.10914782135637431,0.9978402989070918,0.4464177088275839,0.987789427398789,0.19500655500087305,
alpha_tuning,ridge,16,0.0023713737056616554,,1,0.10976562505011556,0.997722047249491,0.957018531205856,0.9791873722035418,0.238676368000597,
alpha_tuning,ridge,16,0.0023713737056616554,,2,0.1072907859442393,0.9978013972423897,0.4387494267315827,0.9899504531540889,0.1808691509977507,
alpha_tuning,ridge,16,0.0023713737056616554,,3,0.11143953688813638,0.9976641072165547,0.2756597966628441,0.994234571760475,0.17380344899720512,
alpha_tuning,ridge,16,0.0023713737056616554,,4,0.11304501038470327,0.9976178011474257,0.2952758951917428,0.9939995645178514,0.18578765200072667,
alpha_tuning,ridge,16,0.0023713737056616554,,5,0.09965084504035046,0.9978713826193807,0.37640089418188905,0.9926612041744555,0.1737068479997106,
alpha_tuning,ridge,16,0.0023713737056616554,,6,0.10950606426608629,0.9978278584849474,0.455544845769308,0.9878016569218657,0.20286045700049726,
alpha_tuning,ridge,16,0.0023713737056616554,,7,0.10239064500896633,0.9977987382348671,0.422936679470353,0.9919921753287116,0.18460725100158015,
alpha_tuning,ridge,16,0.0023713737056616554,,8,0.10600173071173949,0.9977741566082161,0.363821253174142,0.9924772787240098,0.1870463880004536,
alpha_tuning,ridge,16,0.0023713737056616554,,9,0.1153037250949716,0.9976416426144069,0.284108550351215,0.9933949770338839,0.17622008900070796,
alpha_tuning,ridge,16,0.0023713737056616554,,10,0.10869114923379719,0.9976133321617009,0.30127525800448995,0.9946929087842141,0.16378728999916348,
alpha_tuning,ridge,16,0.0023713737056616554,,11,0.10069350870088391,0.9977485675056237,0.36702256434889025,0.993895528292101,0.2011875880016305,
alpha_tuning,ridge,16,0.0023713737056616554,,12,0.11062166477962215,0.9977009620775418,0.38850053961982867,0.9916374342904192,0.19480488699991838,
alpha_tuning,ridge,16,0.0023713737056616554,,13,0.10702183717722129,0.9978679657113325,0.34670321397743353,0.9908487057948354,0.20708858700163546,
alpha_tuning,ridge,16,0.0023713737056616554,,14,0.1100318270312777,0.9975765784615357,0.39143058540221026,0.9931578293173069,0.3667530769998848,
alpha_tuning,ridge,16,0.0023713737056616554,,15,0.11169034367598192,0.9977899901774794,0.42089794239888767,0.9884874529353699,0.2663258920001681,
alpha_tuning,ridge,16,0.0031622776601683794,,1,0.11201410363777377,0.99767538484511,0.8940572587260259,0.9805566137458795,0.25474319299974013,
alpha_tuning,ridge,16,0.0031622776601683794,,2,0.10970845809415103,0.9977518543053238,0.40830715333423556,0.9906477328175216,0.2261558940008399,
alpha_tuning,ridge,16,0.0031622776601683794,,3,0.11404361460654981,0.997609522941352,0.2659638673642836,0.9944373622481091,0.1804082960006781,
alpha_tuning,ridge,16,0.0031622776601683794,,4,0.11555534069787891,0.9975649009267855,0.2858398133051994,0.9941913194205932,0.19819559499956085,
alpha_tuning,ridge,16,0.0031622776601683794,,5,0.1021663395646407,0.9978176497547664,0.36865027516341925,0.9928123202089212,0.2552602930009016,
alpha_tuning,ridge,16,0.0031622776601683794,,6,0.11179526745193115,0.9977824502848656,0.4324725743154873,0.9884194742133999,0.17383549499936635,
alpha_tuning,ridge,16,0.0031622776601683794,,7,0.10480504030270137,0.9977468319689622,0.37845528724291566,0.9928343798651879,0.22804709399861167,
alpha_tuning,ridge,16,0.0031622776601683794,,8,0.10821604450860217,0.99772766004916,0.35492813141864105,0.9926611615391461,0.205058095001732,
alpha_tuning,ridge,16,0.0031622776601683794,,9,0.11796136127961514,0.9975872848222445,0.2746222503584724,0.9936155167861654,0.16160259599928395,
alpha_tuning,ridge,16,0.0031622776601683794,,10,0.111472453289751,0.9975522595814065,0.29045546255897864,0.9948835040615888,0.17508459600139759,
alpha_tuning,ridge,16,0.0031622776601683794,,11,0.10301849644750494,0.997696582496567,0.35575800260338525,0.9940828851610154,0.19005169500087504,
alpha_tuning,ridge,16,0.0031622776601683794,,12,0.11282367254424465,0.997655197991759,0.36058183085542184,0.9922383910787868,0.1925453949988878,
alpha_tuning,ridge,16,0.0031622776601683794,,13,0.109657819534909,0.9978154530193517,0.3284123065536969,0.9913314976132145,0.21546219399897382,
alpha_tuning,ridge,16,0.0031622776601683794,,14,0.11237899066354064,0.9975248828107937,0.3798766596323961,0.9933597908786167,0.17969059500319418,
alpha_tuning,ridge,16,0.0031622776601683794,,15,0.11423204248046867,0.997739697742709,0.39732446692921947,0.9891322428439987,0.20640809500036994,
alpha_tuning,ridge,16,0.004216965034285823,,1,0.11425887340695788,0.9976287994093906,0.8283666308048283,0.9819852115671953,0.18115169500015327,
alpha_tuning,ridge,16,0.004216965034285823,,2,0.11220055671957678,0.9977007862209409,0.38219727225359834,0.991245779121572,0.29677349199846503,
alpha_tuning,ridge,16,0.004216965034285823,,3,0.11664850163702806,0.9975549217020961,0.2597280836706783,0.9945677837453238,0.22726149400114082,
alpha_tuning,ridge,16,0.004216965034285823,,4,0.11811070658340515,0.9975110516709917,0.2770374168166275,0.9943701969147539,0.1955411950002599,
alpha_tuning,ridge,16,0.004216965034285823,,5,0.10467970194580946,0.997763962434341,0.36068971057710086,0.9929675296121349,0.1613015959992481,
alpha_tuning,ridge,16,0.004216965034285823,,6,0.11411137509602597,0.9977365084130543,0.41003894409651453,0.9890201903019267,0.1824867949981126,
alpha_tuning,ridge,16,0.004216965034285823,,7,0.1072223776277565,0.9976948624533233,0.35005212266313906,0.9933721614601762,0.2495624939983827,
alpha_tuning,ridge,16,0.004216965034285823,,8,0.11041920683193789,0.9976813976507493,0.3470004132788742,0.9928250827323138,0.19486539400168112,
alpha_tuning,ridge,16,0.004216965034285823,,9,0.12062087753955719,0.9975328885760818,0.26746795464728274,0.9937818415497827,0.21205279400237487,
alpha_tuning,ridge,16,0.004216965034285823,,10,0.11425806329933927,0.9974910924498894,0.2820592458951166,0.9950314069726932,0.2073429939991911,
alpha_tuning,ridge,16,0.004216965034285823,,11,0.10542205006370181,0.9976428408126858,0.3450442606121169,0.994261080567032,0.11990069600142306,
alpha_tuning,ridge,16,0.004216965034285823,,12,0.1150397839045664,0.9976091407924941,0.3378837636803316,0.9927269723261073,0.2501452930009691,
alpha_tuning,ridge,16,0.004216965034285823,,13,0.11230644276743117,0.9977626885023294,0.31356650590045154,0.9917233552136402,0.20474909400218166,
alpha_tuning,ridge,16,0.004216965034285823,,14,0.11471621184426287,0.9974734061398854,0.36994148965683116,0.9935334567373143,0.17532249500072794,
alpha_tuning,ridge,16,0.004216965034285823,,15,0.11677238989266633,0.9976894320478531,0.375674878258496,0.9897244099310627,0.20622789399931207,
alpha_tuning,ridge,16,0.005623413251903491,,1,0.11650504001179815,0.9975821849853097,0.7625253188245195,0.9834170863691911,0.1829673950014694,
alpha_tuning,ridge,16,0.005623413251903491,,2,0.11474558939956596,0.9976486334119258,0.35969550289331026,0.9917611816988167,0.18514399400010007,
alpha_tuning,ridge,16,0.005623413251903491,,3,0.11923760515345312,0.9975006513023037,0.25610366464175177,0.9946435885165463,0.3281356309998955,
alpha_tuning,ridge,16,0.005623413251903491,,4,0.12070276607951515,0.9974564291703044,0.26867992382882977,0.9945400333229485,0.20720905299822334,
alpha_tuning,ridge,16,0.005623413251903491,,5,0.10718429638761584,0.9977104624037283,0.35239991546566474,0.9931291581170051,0.28371577199868625,
alpha_tuning,ridge,16,0.005623413251903491,,6,0.11646092128056824,0.9976899032606987,0.38854500297251815,0.9895957438843384,0.21977795599741512,
alpha_tuning,ridge,16,0.005623413251903491,,7,0.10963537772077622,0.9976429861823655,0.333859352551787,0.9936787531328506,0.22579725700052222,
alpha_tuning,ridge,16,0.005623413251903491,,8,0.1126266752928703,0.9976350448312873,0.3396817406724834,0.992976410709027,0.17442174399911892,
alpha_tuning,ridge,16,0.005623413251903491,,9,0.12326914517383175,0.9974787224029666,0.26221801830633595,0.9939038933150666,0.15276633900066372,
alpha_tuning,ridge,16,0.005623413251903491,,10,0.11701713620218385,0.9974305080268967,0.27554465586015625,0.9951461642341357,0.18138454599829856,
alpha_tuning,ridge,16,0.005623413251903491,,11,0.10789067810559949,0.9975876441127023,0.3350718947126702,0.9944269450980098,0.18162914600179647,
alpha_tuning,ridge,16,0.005623413251903491,,12,0.11728009781114374,0.9975625805943656,0.319516928964981,0.9931223227735853,0.2396774609987915,
alpha_tuning,ridge,16,0.005623413251903491,,13,0.11496218252422534,0.9977097822135512,0.30139612718528785,0.992044594566841,0.19503714899838087,
alpha_tuning,ridge,16,0.005623413251903491,,14,0.11704517307105167,0.9974221113922517,0.36039925429352315,0.993700254135078,0.17825834499672055,
alpha_tuning,ridge,16,0.005623413251903491,,15,0.11931375816660637,0.9976391461532699,0.35579503708012544,0.9902681702685425,0.21040275300038047,
alpha_tuning,ridge,16,0.007498942093324558,,1,0.1187603607150139,0.9975353805873315,0.698634074531768,0.9848065523445699,0.21103425299952505,
alpha_tuning,ridge,16,0.007498942093324558,,2,0.11732230178148448,0.997595831422467,0.34024426515579265,0.9922067119102412,0.17597124399981112,
alpha_tuning,ridge,16,0.007498942093324558,,3,0.12179665872759066,0.9974470107816842,0.2541267116066424,0.9946849365150386,0.19962864999979502,
alpha_tuning,ridge,16,0.007498942093324558,,4,0.12331978520894474,0.9974012806949664,0.26066847512936986,0.9947028376081016,0.18936314799793763,
alpha_tuning,ridge,16,0.007498942093324558,,5,0.10967857856860075,0.9976571826508023,0.3438002125629223,0.9932968289826675,0.2662083680006617,
alpha_tuning,ridge,16,0.007498942093324558,,6,0.11884718155802049,0.9976425698545617,0.3681959231424133,0.9901406409661454,0.2326345580004272,
alpha_tuning,ridge,16,0.007498942093324558,,7,0.11204003407495135,0.9975912892906205,0.3264206380264642,0.9938195967262063,0.19673044999944977,
alpha_tuning,ridge,16,0.007498942093324558,,8,0.1148514435860024,0.9975883287468397,0.33271501531838765,0.9931204614828287,0.2677680679989862,
alpha_tuning,ridge,16,0.007498942093324558,,9,0.12589763339125645,0.9974249607868921,0.25841853959548106,0.9939922244973328,0.20438305100105936,
alpha_tuning,ridge,16,0.007498942093324558,,10,0.1197233218608563,0.9973710849154331,0.27049343385012703,0.9952351436482966,0.15870793999783928,
alpha_tuning,ridge,16,0.007498942093324558,,11,0.11040753821292433,0.9975313689793542,0.32598964129786795,0.9945780049084958,0.16585624199797167,
alpha_tuning,ridge,16,0.007498942093324558,,12,0.11955146626728812,0.9975153749929407,0.3047741886647806,0.9934396637343478,0.16607492600087426,
alpha_tuning,ridge,16,0.007498942093324558,,13,0.11762077700751129,0.9976568190543724,0.29124362275781585,0.9923125717622906,0.18312999599947943,
alpha_tuning,ridge,16,0.007498942093324558,,14,0.11937390526264031,0.9973708216890569,0.3506174590162766,0.9938712390181353,0.22189779600012116,
alpha_tuning,ridge,16,0.007498942093324558,,15,0.1218631892885779,0.9975887007196186,0.3374468197914136,0.9907700370961265,0.1512467970023863,
alpha_tuning,ridge,16,0.01,,1,0.12103524027693975,0.9974881702867223,0.6381670374094945,0.9861215508493479,0.1704867970001942,
alpha_tuning,ridge,16,0.01,,2,0.11991230238245583,0.9975427571308269,0.32344149104442027,0.9925915791152685,0.18486649700207636,
alpha_tuning,ridge,16,0.01,,3,0.12431643109900847,0.9973941936374041,0.2528764287955747,0.9947110861963255,0.18714759700014838,
alpha_tuning,ridge,16,0.01,,4,0.12595003565064913,0.9973458533960269,0.25297838984807014,0.9948591113213782,0.24597869499848457,
alpha_tuning,ridge,16,0.01,,5,0.11216579444879062,0.9976040538394031,0.3350148263927399,0.9934681201680714,0.19046899599925382,
alpha_tuning,ridge,16,0.01,,6,0.12127000605232975,0.9975945111675562,0.349126409500868,0.9906512744897009,0.18966139599797316,
alpha_tuning,ridge,16,0.01,,7,0.11443557158891704,0.9975397884417297,0.3248995115194643,0.9938483975253855,0.1506233969994355,
alpha_tuning,ridge,16,0.01,,8,0.11710313145152292,0.9975410474003732,0.32590655331552654,0.9932612398500045,0.31466179199924227,
alpha_tuning,ridge,16,0.01,,9,0.1285041616234847,0.9973716483279741,0.2556001030070121,0.9940577481796449,0.19593599400104722,
alpha_tuning,ridge,16,0.01,,10,0.12235900732171977,0.9973132098652046,0.26659069679632785,0.995303892013738,0.1915301939989149,
alpha_tuning,ridge,16,0.01,,11,0.11295561517063024,0.9974743958602846,0.3178869832457334,0.9947127716821021,0.25134619300297345,
alpha_tuning,ridge,16,0.01,,12,0.12185744026093143,0.9974674501884266,0.29307786923854523,0.9936914297675632,0.21220459399773972,
alpha_tuning,ridge,16,0.01,,13,0.12027996929495291,0.9976038439860451,0.2825847347741491,0.9925411246808489,0.2125924940010009,
alpha_tuning,ridge,16,0.01,,14,0.12171497142408921,0.9973192603334774,0.34043596956209304,0.9940492105186965,0.16056889500032412,
alpha_tuning,ridge,16,0.01,,15,0.12443219708854801,0.9975378679234681,0.32038215109658275,0.9912367958556773,0.16912139499982004,
alpha_tuning,ridge,16,0.01333521432163324,,1,0.12334176873301857,0.9974403031804379,0.5820260361437218,0.9873424694892333,0.16642599500119104,
alpha_tuning,ridge,16,0.01333521432163324,,2,0.12250118176499036,0.9974897058151946,0.3089861538628604,0.9929226783243585,0.16776869599925703,
alpha_tuning,ridge,16,0.01333521432163324,,3,0.12679475949352884,0.9973422452035411,0.25161741391538567,0.9947374185089518,0.21028289400055655,
alpha_tuning,ridge,16,0.01333521432163324,,4,0.12858516635133588,0.9972903232553316,0.2456350805674056,0.9950083380421556,0.2212709929990524,
alpha_tuning,ridge,16,0.01333521432163324,,5,0.11465292388319764,0.9975509268745512,0.3262261790874159,0.9936394749367594,0.19105099500302458,
alpha_tuning,ridge,16,0.01333521432163324,,6,0.12372707156112776,0.9975457732822834,0.33143412668399036,0.9911250292421473,0.1887331939979049,
alpha_tuning,ridge,16,0.01333521432163324,,7,0.11682352138448782,0.9974884507186244,0.3270957148317213,0.99380681491522,0.10889479699835647,
alpha_tuning,ridge,16,0.01333521432163324,,8,0.11938826465402658,0.9974930637627101,0.3191051213253188,0.9934018728578168,0.25995920600325917,
alpha_tuning,ridge,16,0.01333521432163324,,9,0.13109324060641275,0.9973186927661634,0.25329734583078933,0.9941112832246675,0.09002835600040271,
alpha_tuning,ridge,16,0.01333521432163324,,10,0.12491740723781486,0.9972570318705812,0.26359765380606787,0.9953566157331276,0.17578574200160801,
alpha_tuning,ridge,16,0.01333521432163324,,11,0.11552041381801939,0.9974170488565823,0.3108015815119752,0.9948306190261736,0.17917713899805676,
alpha_tuning,ridge,16,0.01333521432163324,,12,0.12419864615202553,0.9974187931632532,0.28393371096204567,0.993888259930324,0.18976181600010023,
alpha_tuning,ridge,16,0.01333521432163324,,13,0.12293998269735035,0.9975508525598856,0.27502249511778,0.9927407313679386,0.17946893800035468,
alpha_tuning,ridge,16,0.01333521432163324,,14,0.12408272429971355,0.9972671112101613,0.33002021261384284,0.9942312769935382,0.2226373279991094,
alpha_tuning,ridge,16,0.01333521432163324,,15,0.12703466544318104,0.9974863730454219,0.3044169272364781,0.9916734822173146,0.16555516399967019,
alpha_tuning,ridge,16,0.01778279410038923,,1,0.1256923711928245,0.9973915214116809,0.5307115346026785,0.9884584244956519,0.25202703299873974,
alpha_tuning,ridge,16,0.01778279410038923,,2,0.12507926635244868,0.9974368757065002,0.2966206690254081,0.9932059095072961,0.19910584899844253,
alpha_tuning,ridge,16,0.01778279410038923,,3,0.12923749089132902,0.9972910429210895,0.24989150835911889,0.9947735158461526,0.24511975800123764,
alpha_tuning,ridge,16,0.01778279410038923,,4,0.13122299166453522,0.9972347363310348,0.23869072501545777,0.9951494574431399,0.19006572899888852,
alpha_tuning,ridge,16,0.01778279410038923,,5,0.1171499327867851,0.9974975888767691,0.3176281482603167,0.9938071132014851,0.16073902000061935,
alpha_tuning,ridge,16,0.01778279410038923,,6,0.12621625288243435,0.997496398353847,0.31520486989772634,0.9915596078440578,0.18344173199875513,
alpha_tuning,ridge,16,0.01778279410038923,,7,0.11920714266642668,0.9974372060527662,0.3313631959005781,0.9937260150181049,0.1875139180010592,
alpha_tuning,ridge,16,0.01778279410038923,,8,0.12171214699405995,0.9974442664636932,0.31220069617809887,0.9935446354520862,0.3577597590010555,
alpha_tuning,ridge,16,0.01778279410038923,,9,0.133675003797865,0.9972658868374269,0.25108054925120066,0.9941628198373504,0.18625855600112118,
alpha_tuning,ridge,16,0.01778279410038923,,10,0.1274027660547613,0.9972024577309493,0.26132453016350243,0.9953966577684271,0.2151180850014498,
alpha_tuning,ridge,16,0.01778279410038923,,11,0.11809217433441535,0.9973595461906303,0.3047365326543533,0.9949314954374757,0.18162240699894028,
alpha_tuning,ridge,16,0.01778279410038923,,12,0.12657333369596382,0.997369440292562,0.2768986656255873,0.9940396909397985,0.39156566100064083,
alpha_tuning,ridge,16,0.01778279410038923,,13,0.12560366321982766,0.997497788079236,0.2682670732225722,0.9929190419539117,0.24591366500317235,
alpha_tuning,ridge,16,0.01778279410038923,,14,0.1264908467894148,0.9972140729569008,0.31971348650459985,0.9944114376193276,0.1821983019981417,
alpha_tuning,ridge,16,0.01778279410038923,,15,0.1296841342814447,0.9974339481717549,0.28947635749836986,0.992082141882653,0.20296357500046724,
alpha_tuning,ridge,16,0.023713737056616554,,1,0.1280985546681343,0.9973415861768264,0.4845023524491805,0.9894633522766508,0.249500170997635,
alpha_tuning,ridge,16,0.023713737056616554,,2,0.1276428572128458,0.997384342603257,0.2860974489062526,0.9934469436536997,0.17342526699940208,
alpha_tuning,ridge,16,0.023713737056616554,,3,0.13165860688038894,0.9972402937208985,0.24754483779365585,0.9948225964916104,0.2522978980014159,
alpha_tuning,ridge,16,0.023713737056616554,,4,0.13386937505033714,0.9971789690623718,0.23220601612104366,0.995281236155778,0.2483258210013446,
alpha_tuning,ridge,16,0.023713737056616554,,5,0.11967016072528498,0.9974437549028491,0.3093909434572339,0.9939677163380807,0.26229199999943376,
alpha_tuning,ridge,16,0.023713737056616554,,6,0.1287383297422324,0.99744637091575,0.30052433078059615,0.9919527156892807,0.19125803999850177,
alpha_tuning,ridge,16,0.023713737056616554,,7,0.12159206388001381,0.9973859334401182,0.33650102371528606,0.9936287360959197,0.2075377609980933,
alpha_tuning,ridge,16,0.023713737056616554,,8,0.12408197428841011,0.9973945044042685,0.3051378356266914,0.9936906740105153,0.27000798399967607,
alpha_tuning,ridge,16,0.023713737056616554,,9,0.13626344457265335,0.9972129443291656,0.24859595444436355,0.9942205822867395,0.15928751200044644,
alpha_tuning,ridge,16,0.023713737056616554,,10,0.1298295974631126,0.9971491687510083,0.2596088464765789,0.9954268802629135,0.19091356100034318,
alpha_tuning,ridge,16,0.023713737056616554,,11,0.1206677499703564,0.9973019582214225,0.2996731024824446,0.9950157125108433,0.18313270499857026,
alpha_tuning,ridge,16,0.023713737056616554,,12,0.12897835143442343,0.9973194570727658,0.27156833409797626,0.9941544275826282,0.1940098790000775,
alpha_tuning,ridge,16,0.023713737056616554,,13,0.12827665264292054,0.9974445381514306,0.2621163992793637,0.9930813901080249,0.2930881069987663,
alpha_tuning,ridge,16,0.023713737056616554,,14,0.1289511650588494,0.9971598851055627,0.3099078328591581,0.9945828395444698,0.24716458499824512,
alpha_tuning,ridge,16,0.023713737056616554,,15,0.13239214434459562,0.9973803649465443,0.2755962416397941,0.99246179564426,0.1762372230004985,
alpha_tuning,ridge,16,0.03162277660168379,,1,0.13056997254055566,0.9972902971404131,0.44356802817947055,0.9903535658172931,0.18514835499809124,
alpha_tuning,ridge,16,0.03162277660168379,,2,0.13019606556783966,0.9973320222583117,0.2771740705428733,0.9936513334566781,0.18241453799782903,
alpha_tuning,ridge,16,0.03162277660168379,,3,0.13407983637842047,0.9971895421414372,0.24469354334141313,0.9948822313522364,0.21863465300339158,
alpha_tuning,ridge,16,0.03162277660168379,,4,0.13653910203498587,0.9971227098737718,0.22623689931317936,0.9954025372876153,0.3162216429991531,
alpha_tuning,ridge,16,0.03162277660168379,,5,0.1222318897382538,0.9973890344346058,0.3016440113588208,0.9941187604876122,0.2328060430008918,
alpha_tuning,ridge,16,0.03162277660168379,,6,0.13129920781588866,0.9973955738241362,0.2874769197540105,0.9923020924794295,0.23100389599858318,
alpha_tuning,ridge,16,0.03162277660168379,,7,0.12398792421346957,0.9973344256510407,0.3416497581772656,0.9935312506687816,0.1836508109990973,
alpha_tuning,ridge,16,0.03162277660168379,,8,0.12651019743763225,0.9973435161381885,0.29793127999316843,0.9938396837479012,0.2475201150009525,
alpha_tuning,ridge,16,0.03162277660168379,,9,0.13887498392468753,0.9971595293756282,0.24560560412275267,0.9942901026602959,0.1840788090012211,
alpha_tuning,ridge,16,0.03162277660168379,,10,0.13222185443169635,0.9970966389653899,0.25830156392852405,0.9954499085984406,0.21888577099889517,
alpha_tuning,ridge,16,0.03162277660168379,,11,0.12325209683916084,0.9972441741339254,0.2955734712001135,0.9950838992808317,0.18896926299930783,
alpha_tuning,ridge,16,0.03162277660168379,,12,0.13141089431948277,0.9972689018008677,0.2675814150349418,0.9942402469554302,0.171049803000642,
alpha_tuning,ridge,16,0.03162277660168379,,13,0.13096818829662288,0.9973909187551072,0.2564464622891345,0.9932310491230858,0.18391442500069388,
alpha_tuning,ridge,16,0.03162277660168379,,14,0.13147392457694096,0.9971043220024365,0.3009475404188542,0.9947394646333867,0.18587398399904487,
alpha_tuning,ridge,16,0.03162277660168379,,15,0.13516860380287957,0.9973254273174468,0.26288580659538024,0.99280945588899,0.2892461170013121,
alpha_tuning,ridge,16,0.042169650342858224,,1,0.13311410517220107,0.9972374990633897,0.40799378424835403,0.9911272117540607,0.19133142899954692,
alpha_tuning,ridge,16,0.042169650342858224,,2,0.13275267504855293,0.9972796322174993,0.269625457961694,0.9938242342769055,0.23372967799878097,
alpha_tuning,ridge,16,0.042169650342858224,,3,0.13652960218509677,0.9971381924101951,0.24164380375572767,0.9949460166954144,0.16566969400082598,
alpha_tuning,ridge,16,0.042169650342858224,,4,0.13925571852427468,0.9970654625820812,0.22082576152805708,0.9955124994744831,0.2643896699992183,
alpha_tuning,ridge,16,0.042169650342858224,,5,0.1248603154797041,0.9973328892738231,0.2944769821238023,0.9942584981052548,0.2827837350014306,
alpha_tuning,ridge,16,0.042169650342858224,,6,0.1339111863147237,0.9973437631141836,0.2761336925545855,0.9926058355209255,0.2483390599991253,
alpha_tuning,ridge,16,0.042169650342858224,,7,0.12641005797828045,0.9972823530183695,0.34619880451802404,0.9934451196536992,0.2524206390007748,
alpha_tuning,ridge,16,0.042169650342858224,,8,0.1290170185455078,0.9972908774580472,0.29067210520812614,0.9939897814899247,0.19613480199768674,
alpha_tuning,ridge,16,0.042169650342858224,,9,0.14152800551963945,0.9971052659676817,0.24201482614830283,0.9943735819183406,0.18910692099962034,
alpha_tuning,ridge,16,0.042169650342858224,,10,0.13461239755845855,0.9970441468127452,0.2572617011278412,0.9954682262219046,0.18717437800296466,
alpha_tuning,ridge,16,0.042169650342858224,,11,0.12585904489236655,0.9971858847006356,0.29237739038007554,0.9951370578243035,0.19597231899751932,
alpha_tuning,ridge,16,0.042169650342858224,,12,0.13387102707046533,0.997217773131813,0.2646297015709104,0.9943037832836499,0.20586672599893063,
alpha_tuning,ridge,16,0.042169650342858224,,13,0.13369270476540854,0.9973366423318585,0.2512100507737614,0.9933692651546211,0.1608864560002985,
alpha_tuning,ridge,16,0.042169650342858224,,14,0.13406901724508408,0.9970471657810416,0.29307248471010827,0.9948771198839073,0.21657562399923336,
alpha_tuning,ridge,16,0.042169650342858224,,15,0.13802383858610162,0.9972689309659374,0.25147384449442783,0.9931215998496807,0.1621059270000842,
alpha_tuning,ridge,16,0.05623413251903491,,1,0.13573721255642077,0.9971830620328709,0.37774746404274934,0.9917849894084375,0.30970798099951935,
alpha_tuning,ridge,16,0.05623413251903491,,2,0.13533715864283422,0.9972266709803588,0.26325820349443996,0.9939700761131562,0.19243473800088395,
alpha_tuning,ridge,16,0.05623413251903491,,3,0.1390409703211864,0.9970855514277441,0.23878836423253413,0.9950057382502532,0.20236425300026895,
alpha_tuning,ridge,16,0.05623413251903491,,4,0.14205029989927692,0.9970065723354237,0.21599804167174624,0.9956106057608255,0.17906603799929144,
alpha_tuning,ridge,16,0.05623413251903491,,5,0.12758873002038673,0.9972746082767029,0.2879530796081159,0.994385696497417,0.24339804700139211,
alpha_tuning,ridge,16,0.05623413251903491,,6,0.13659323650788072,0.9972905624753966,0.2665332276861415,0.9928629117786474,0.18878215299992007,
alpha_tuning,ridge,16,0.05623413251903491,,7,0.12888052419723178,0.9972292413026522,0.34970452694301263,0.9933787427895296,0.1845558870008972,
alpha_tuning,ridge,16,0.05623413251903491,,8,0.1316312170054242,0.9972359840489704,0.28351971498054057,0.9941376712508164,0.20987474399953499,
alpha_tuning,ridge,16,0.05623413251903491,,9,0.14424318461606236,0.9970497312252439,0.23787748469348435,0.9944697678138159,0.2091145670019614,
alpha_tuning,ridge,16,0.05623413251903491,,10,0.1370425744569832,0.996990784371682,0.256358715138796,0.9954841327023841,0.20195267699818942,
alpha_tuning,ridge,16,0.05623413251903491,,11,0.12851100542561258,0.9971265888215329,0.29000058334823126,0.995176589865901,0.2520416200022737,
alpha_tuning,ridge,16,0.05623413251903491,,12,0.1363647033527709,0.9971659473312271,0.2624614470409376,0.9943504554736029,0.28527544899770874,
alpha_tuning,ridge,16,0.05623413251903491,,13,0.13647154518679921,0.9972812836946177,0.24643492731950226,0.9934953054041319,0.1571094009996159,
alpha_tuning,ridge,16,0.05623413251903491,,14,0.13674760891330193,0.9969881705165199,0.2864007758868153,0.994993740741389,0.21799491899946588,
alpha_tuning,ridge,16,0.05623413251903491,,15,0.1409710261410358,0.9972106151507035,0.24146222128300526,0.9933954412535088,0.3084094900004857,
alpha_tuning,ridge,16,0.07498942093324558,,1,0.13844721480458472,0.9971268216837428,0.3526392924418296,0.9923310258885474,0.19733885199821088,
alpha_tuning,ridge,16,0.07498942093324558,,2,0.1379842963347784,0.9971724258354653,0.25791824626710913,0.9940923877266687,0.2664103419992898,
alpha_tuning,ridge,16,0.07498942093324558,,3,0.14164883781140988,0.9970308877148403,0.2365045509443655,0.9950535042349373,0.18768644399824552,
alpha_tuning,ridge,16,0.07498942093324558,,4,0.1449592090281236,0.9969452728586453,0.21176489463052564,0.9956966294631354,0.19595294000100694,
alpha_tuning,ridge,16,0.07498942093324558,,5,0.13045793600877859,0.9972133198678289,0.28212622205017174,0.9944993044047926,0.1869130689992744,
alpha_tuning,ridge,16,0.07498942093324558,,6,0.13937057190069693,0.9972354717774667,0.2586625562036051,0.9930736685282647,0.17803109400119865,
alpha_tuning,ridge,16,0.07498942093324558,,7,0.13142859011400637,0.9971744612973388,0.35182625991389554,0.9933385701905216,0.1885522279990255,
alpha_tuning,ridge,16,0.07498942093324558,,8,0.13438905151868902,0.9971780745442315,0.27668216373247156,0.9942790510954537,0.2211660139982996,
alpha_tuning,ridge,16,0.07498942093324558,,9,0.14704394442759572,0.9969924460631092,0.23337618221932607,0.9945744151613967,0.15544657499776804,
alpha_tuning,ridge,16,0.07498942093324558,,10,0.13956150875752715,0.9969354729730605,0.25548061145411244,0.9954996008705383,0.1710102819997701,
alpha_tuning,ridge,16,0.07498942093324558,,11,0.13123768791295287,0.9970656222147174,0.2883404428068307,0.995204202012811,0.20053023600121378,
alpha_tuning,ridge,16,0.07498942093324558,,12,0.13890698612759667,0.9971131113472399,0.26087468338471526,0.9943846109354042,0.1884579430006852,
alpha_tuning,ridge,16,0.07498942093324558,,13,0.13933365117477994,0.9972242662833573,0.24221208803396188,0.9936067680128564,0.24876343200230622,
alpha_tuning,ridge,16,0.07498942093324558,,14,0.13952410033556892,0.9969270190361199,0.2809435859177214,0.9950891319208445,0.19858219700108748,
alpha_tuning,ridge,16,0.07498942093324558,,15,0.1440277938839997,0.9971501310791645,0.23290106619557283,0.9936296089481996,0.19997566099846154,
alpha_tuning,ridge,16,0.1,,1,0.1412583955917017,0.997068481588624,0.33231437667062325,0.9927730391758005,0.1899733140016906,
alpha_tuning,ridge,16,0.1,,2,0.1407377149160719,0.9971160027826149,0.25349162536579684,0.9941937793898972,0.24023416099953465,
alpha_tuning,ridge,16,0.1,,3,0.14438751871947905,0.9969734820117303,0.23507737575064275,0.9950833536227126,0.18043216399746598,
alpha_tuning,ridge,16,0.1,,4,0.14802129031304317,0.9968807455831946,0.20812978224075165,0.9957705002318653,0.21964147800099454,
alpha_tuning,ridge,16,0.1,,5,0.13351374230425783,0.997148045535336,0.27705355878558857,0.994598207570449,0.1833522900014941,
alpha_tuning,ridge,16,0.1,,6,0.142274025501124,0.9971778794226983,0.2524472273579331,0.9932400993732343,0.18680761300129234,
alpha_tuning,ridge,16,0.1,,7,0.13409120526731746,0.9971172186368229,0.35229382780861146,0.9933297173245855,0.23290925799665274,
alpha_tuning,ridge,16,0.1,,8,0.13733170978308099,0.9971162840771505,0.270390913471723,0.9944091350907569,0.18794648599941866,
alpha_tuning,ridge,16,0.1,,9,0.14995670029626093,0.9969328701967646,0.22878368299941593,0.9946811826725535,0.19594468499781215,
alpha_tuning,ridge,16,0.1,,10,0.14222489205792033,0.9968769897266424,0.2545447164147206,0.9955160870578721,0.18486856799790985,
alpha_tuning,ridge,16,0.1,,11,0.13407452876687273,0.9970021925481749,0.28728944846404036,0.9952216825871787,0.2533413590026612,
alpha_tuning,ridge,16,0.1,,12,0.14152517110079485,0.9970586978961914,0.2597075765958758,0.9944097331841951,0.1665887310009566,
alpha_tuning,ridge,16,0.1,,13,0.14231471525239975,0.9971648790498933,0.23867166960511788,0.9937002179993162,0.15929591299936874,
alpha_tuning,ridge,16,0.1,,14,0.14241870919858443,0.9968632660507035,0.27664062637777903,0.9951643472584062,0.26801639599943883,
alpha_tuning,ridge,16,0.1,,15,0.14721677562991778,0.9970870308974447,0.22578705990181028,0.9938241937252318,0.16587775700099883,
alpha_tuning,ridge,16,0.1333521432163324,,1,0.14419676145063445,0.9970075020370813,0.31628857838360525,0.9931215580017302,0.187241224997706,
alpha_tuning,ridge,16,0.1333521432163324,,2,0.1436485309569618,0.9970563543410635,0.2499030689333962,0.9942759752032234,0.3054744710025261,
alpha_tuning,ridge,16,0.1333521432163324,,3,0.14729029102057226,0.9969126367761931,0.23466365192346259,0.9950920066619495,0.1908380370005034,
alpha_tuning,ridge,16,0.1333521432163324,,4,0.1512755608112264,0.9968121683021598,0.20509457086054958,0.9958321801399044,0.2001048140009516,
alpha_tuning,ridge,16,0.1333521432163324,,5,0.13680360978907408,0.9970777714789014,0.27279956030134345,0.9946811489948734,0.3113831369992113,
alpha_tuning,ridge,16,0.1333521432163324,,6,0.14533993634621356,0.9971170645968463,0.24775733285518498,0.9933656829303222,0.19092446500144433,
alpha_tuning,ridge,16,0.1333521432163324,,7,0.13691375894466806,0.9970565375122002,0.3509165304209143,0.9933557948830861,0.19063165199986543,
alpha_tuning,ridge,16,0.1333521432163324,,8,0.14050250545597642,0.9970497031397656,0.26487643098296454,0.9945231578818455,0.18966029500006698,
alpha_tuning,ridge,16,0.1333521432163324,,9,0.15301140031934124,0.9968703910847128,0.2244175692842999,0.9947826871197986,0.1801568840019172,
alpha_tuning,ridge,16,0.1333521432163324,,10,0.14509353347734608,0.9968139993703565,0.2535083230341277,0.9955343435660323,0.129862449997745,
alpha_tuning,ridge,16,0.1333521432163324,,11,0.13706190361129103,0.9969353970527712,0.2867527400967172,0.9952306093436291,0.21074305000001914,
alpha_tuning,ridge,16,0.1333521432163324,,12,0.14426138574995212,0.9970018314473368,0.25883623256264415,0.9944284890699416,0.1897437089974119,
alpha_tuning,ridge,16,0.1333521432163324,,13,0.14545556043731225,0.9971023087389524,0.2359529445201624,0.9937719792409556,0.16025201299999026,
alpha_tuning,ridge,16,0.1333521432163324,,14,0.14546077615261802,0.9967962653403022,0.27340284427061284,0.995220943392272,0.17099080400294042,
alpha_tuning,ridge,16,0.1333521432163324,,15,0.1505660431144059,0.9970207591518724,0.22007809572454348,0.9939803473010999,0.18243784099831828,
alpha_tuning,ridge,16,0.1778279410038923,,1,0.147304483114527,0.9969430078649865,0.3040125938289251,0.9933885282735071,0.1934501489995455,
alpha_tuning,ridge,16,0.1778279410038923,,2,0.1467754774113307,0.9969922769551354,0.24711687793378467,0.9943397928523559,0.18545844500113162,
alpha_tuning,ridge,16,0.1778279410038923,,3,0.15039193601562517,0.99684762295468,0.2352996963600369,0.9950787037842699,0.17880201699881582,
alpha_tuning,ridge,16,0.1778279410038923,,4,0.15476094022999365,0.9967387208600841,0.20266161795302293,0.995881621280175,0.17663137599811307,
alpha_tuning,ridge,16,0.1778279410038923,,5,0.1403745443080757,0.9970014936181455,0.2694339486643624,0.9947467692869972,0.18680523200237076,
alpha_tuning,ridge,16,0.1778279410038923,,6,0.14861130410353637,0.9970521743666632,0.24443026672040155,0.9934547733777999,0.3074366100008774,
alpha_tuning,ridge,16,0.1778279410038923,,7,0.13995108680674467,0.9969912390301917,0.3476289977727031,0.9934180405721594,0.14923472100053914,
alpha_tuning,ridge,16,0.1778279410038923,,8,0.1439453990753583,0.9969774086407998,0.26034968827735894,0.9946167572066933,0.16924261000167462,
alpha_tuning,ridge,16,0.1778279410038923,,9,0.15624347411835401,0.9968042840694502,0.22059979160601684,0.9948714437207999,0.18653202499990584,
alpha_tuning,ridge,16,0.1778279410038923,,10,0.14823248457202193,0.9967450734856228,0.2523782422684959,0.995554250417143,0.21685248100038734,
alpha_tuning,ridge,16,0.1778279410038923,,11,0.14024601269395043,0.9968642027250849,0.2866651691473163,0.9952320658600261,0.1790572819991212,
alpha_tuning,ridge,16,0.1778279410038923,,12,0.147174292902035,0.9969412928175794,0.25818478334406125,0.9944425116679596,0.19351876899963827,
alpha_tuning,ridge,16,0.1778279410038923,,13,0.14880143935145626,0.9970356538509517,0.23417982159892106,0.9938187811420053,0.1903600589976122,
alpha_tuning,ridge,16,0.1778279410038923,,14,0.14869242330100974,0.9967250891768644,0.2711501515549223,0.9952603202540483,0.18929769000169472,
alpha_tuning,ridge,16,0.1778279410038923,,15,0.1541108242727993,0.9969506187895018,0.21571603874495232,0.994099659802344,0.2703519860006054,
alpha_tuning,ridge,16,0.23713737056616552,,1,0.15064260852004238,0.9968737321518881,0.2949395952406227,0.9935858420521423,0.17982497100092587,
alpha_tuning,ridge,16,0.23713737056616552,,2,0.15018740090630112,0.9969223598197656,0.245141418007245,0.9943850407224714,0.17788402600126574,
alpha_tuning,ridge,16,0.23713737056616552,,3,0.15373438796431177,0.9967775615599186,0.2369421088878944,0.9950443527048463,0.19216581900036545,
alpha_tuning,ridge,16,0.23713737056616552,,4,0.15851960337064697,0.9966595145068766,0.20083235656079496,0.9959187945311677,0.18169852100254502,
alpha_tuning,ridge,16,0.23713737056616552,,5,0.14427443068518994,0.9969181890970308,0.2670298818457587,0.994793642064946,0.22048162200007937,
alpha_tuning,ridge,16,0.23713737056616552,,6,0.15214085951155246,0.9969821627752247,0.24230480097737334,0.9935116879946045,0.16045953100183397,
alpha_tuning,ridge,16,0.23713737056616552,,7,0.14326896247192683,0.996919909146074,0.3425508155594174,0.9935141901727658,0.1887983249980607,
alpha_tuning,ridge,16,0.23713737056616552,,8,0.14770632556979899,0.9968984360303675,0.2569925826212433,0.9946861719809119,0.3046202320001612,
alpha_tuning,ridge,16,0.23713737056616552,,9,0.15969822944132256,0.996733622451843,0.21762855880297033,0.9949405196457501,0.35899814699951094,
alpha_tuning,ridge,16,0.23713737056616552,,10,0.15171202722982366,0.9966686688049115,0.2512202772613131,0.9955746484609734,0.19455922300039674,
alpha_tuning,ridge,16,0.23713737056616552,,11,0.14368186172333272,0.9967873796780948,0.2870042875927481,0.9952264255012121,0.059597498999210075,
alpha_tuning,ridge,16,0.23713737056616552,,12,0.15034009398208553,0.9968754983210629,0.25774384308719656,0.9944520030109463,0.16691329700188362,
alpha_tuning,ridge,16,0.23713737056616552,,13,0.15240392624645008,0.9969638869500351,0.23345215120984864,0.9938379881338829,0.18300360400098725,
alpha_tuning,ridge,16,0.23713737056616552,,14,0.15217201204586414,0.9966484521661304,0.2698365056477051,0.9952832826638573,0.1956399179980508,
alpha_tuning,ridge,16,0.23713737056616552,,15,0.15789769311510735,0.9968756882533188,0.21265149873763675,0.9941834821676058,0.41177453300042544,
alpha_tuning,ridge,16,0.31622776601683794,,1,0.1542927722605851,0.9967979807449354,0.2885766834970242,0.9937242185929335,0.168108140998811,
alpha_tuning,ridge,16,0.31622776601683794,,2,0.15396838557922668,0.9968448798828333,0.24403640441694116,0.9944103510366611,0.1911966929983464,
alpha_tuning,ridge,16,0.31622776601683794,,3,0.1573751586283293,0.9967012470834075,0.2395247776784797,0.9949903361534346,0.12389729599817656,
alpha_tuning,ridge,16,0.31622776601683794,,4,0.16260512963421137,0.9965734201631802,0.19960748778264084,0.9959436856455359,0.25140049000037834,
alpha_tuning,ridge,16,0.31622776601683794,,5,0.1485579381095087,0.9968266901403513,0.26566786816243476,0.9948201976350523,0.15213929799938342,
alpha_tuning,ridge,16,0.31622776601683794,,6,0.15599653915222397,0.9969056822453803,0.24125821239350523,0.9935397129996644,0.19202057599977707,
alpha_tuning,ridge,16,0.31622776601683794,,7,0.14694717234169744,0.9968408325590503,0.3360262970631574,0.9936377245047798,0.16518483699837816,
alpha_tuning,ridge,16,0.31622776601683794,,8,0.15183848990317764,0.9968116681010756,0.25495803573895437,0.9947282402465365,0.18006191799941007,
alpha_tuning,ridge,16,0.31622776601683794,,9,0.16343815561615707,0.9966571281104093,0.21576564931461192,0.994983829007398,0.21371146800083807,
alpha_tuning,ridge,16,0.31622776601683794,,10,0.15561188596977643,0.9965830347170012,0.25016985628491034,0.9955931520711725,0.25431772400042973,
alpha_tuning,ridge,16,0.31622776601683794,,11,0.14743858968438162,0.9967033820151555,0.2877980378420553,0.9952132235174358,0.20380855800249265,
alpha_tuning,ridge,16,0.31622776601683794,,12,0.15385394837465036,0.9968024702707384,0.25758863817144506,0.9944553438333494,0.1625256219995208,
alpha_tuning,ridge,16,0.31622776601683794,,13,0.15632639402217374,0.9968857455537126,0.2338575438139552,0.9938272877225823,0.3177663479982584,
alpha_tuning,ridge,16,0.31622776601683794,,14,0.15597729891230472,0.9965646417414472,0.2694605261339737,0.9952898547512263,0.1967558590004046,
alpha_tuning,ridge,16,0.31622776601683794,,15,0.16199182769521536,0.9967946778692608,0.2108668733781917,0.9942322958617907,0.18297165499825496,
alpha_tuning,ridge,16,0.4216965034285822,,1,0.1583600026412559,0.9967135740044065,0.2845113262080719,0.9938126293868268,0.19181260700133862,
alpha_tuning,ridge,16,0.4216965034285822,,2,0.1582254354952344,0.9967576444170638,0.24392221467213726,0.9944129665504824,0.18899198600047384,
alpha_tuning,ridge,16,0.4216965034285822,,3,0.16139834223339386,0.9966169168195534,0.24301677975140543,0.9949173008845725,0.16911214499850757,
alpha_tuning,ridge,16,0.4216965034285822,,4,0.16709589169923933,0.9964787862806046,0.19899597185335494,0.9959561125382819,0.19249149399911403,
alpha_tuning,ridge,16,0.4216965034285822,,5,0.15329672071802997,0.9967254661615743,0.2654459393237162,0.9948245246450577,0.1680486840014055,
alpha_tuning,ridge,16,0.4216965034285822,,6,0.16026979217583226,0.9968209188091349,0.2412394717743976,0.9935402148262211,0.1781654999977036,
alpha_tuning,ridge,16,0.4216965034285822,,7,0.151086061064379,0.9967518519935447,0.3286184158098767,0.9937779843052216,0.19586550399981206,
alpha_tuning,ridge,16,0.4216965034285822,,8,0.15641243888374626,0.9967156234983658,0.2543788022085517,0.9947402170410885,0.2722494629997527,
alpha_tuning,ridge,16,0.4216965034285822,,9,0.1675529007540245,0.9965729674332262,0.21523891877952056,0.9949960745638128,0.21588465300010284,
alpha_tuning,ridge,16,0.4216965034285822,,10,0.16002951822142086,0.9964860312269217,0.2494431899263902,0.9956059526067148,0.19496254000114277,
alpha_tuning,ridge,16,0.4216965034285822,,11,0.15160769485919334,0.9966101639022489,0.2891287606130131,0.9951910903836848,0.18413964299907093,
alpha_tuning,ridge,16,0.4216965034285822,,12,0.15783365251234716,0.9967197605162708,0.25788996083226645,0.9944488577920344,0.38601389700124855,
alpha_tuning,ridge,16,0.4216965034285822,,13,0.16065335344460954,0.9967995460817392,0.23550126604362098,0.9937839013762526,0.19522484300250653,
alpha_tuning,ridge,16,0.4216965034285822,,14,0.16020918027066763,0.9964714356872646,0.2700646458893086,0.9952792947933872,0.17284166299941717,
alpha_tuning,ridge,16,0.4216965034285822,,15,0.16648732778020872,0.9967057256911406,0.2103947749818657,0.9942452088614976,0.3192563689990493,
alpha_tuning,ridge,16,0.5623413251903491,,1,0.16297919794787114,0.9966177124024793,0.282415388795133,0.9938582104950685,0.29661287999988417,
alpha_tuning,ridge,16,0.5623413251903491,,2,0.16309853850416203,0.9966577847914748,0.24499054156042585,0.9943884965444688,0.21879119200093555,
alpha_tuning,ridge,16,0.5623413251903491,,3,0.16592814391048635,0.9965219672949643,0.24747130612106333,0.994824134407501,0.2264672649980639,
alpha_tuning,ridge,16,0.5623413251903491,,4,0.17211314370530428,0.9963730576692201,0.19903799561786364,0.99595525855429,0.2700929479979095,
alpha_tuning,ridge,16,0.5623413251903491,,5,0.1585931578231751,0.9966123302611933,0.26649270622759613,0.9948041155315214,0.34532878499885555,
alpha_tuning,ridge,16,0.5623413251903491,,6,0.1650871552674651,0.9967253625088099,0.24229508890720958,0.9935119480593708,0.3428639209996618,
alpha_tuning,ridge,16,0.5623413251903491,,7,0.15581833900259925,0.9966501143544618,0.3210554091904463,0.9939211812279194,0.29522351099876687,
alpha_tuning,ridge,16,0.5623413251903491,,8,0.16153122385915597,0.9966081383315202,0.255383568008844,0.9947194415283956,0.35183691199927125,
alpha_tuning,ridge,16,0.5623413251903491,,9,0.17217124140014006,0.9964785064974414,0.21625683921955668,0.9949724097079828,0.2724800369978766,
alpha_tuning,ridge,16,0.5623413251903491,,10,0.1650924945693543,0.9963748571074017,0.2493463098544292,0.9956076591901969,0.17047039099998074,
alpha_tuning,ridge,16,0.5623413251903491,,11,0.15631498035891628,0.9965049124747128,0.2911375098692976,0.9951576800318581,0.1890825299997232,
alpha_tuning,ridge,16,0.5623413251903491,,12,0.16242741775460245,0.9966242887972376,0.2589167860920464,0.9944267551362297,0.2266674989987223,
alpha_tuning,ridge,16,0.5623413251903491,,13,0.16550345510317713,0.9967029248377731,0.23854555088438117,0.9937035469258207,0.2175063280010363,
alpha_tuning,ridge,16,0.5623413251903491,,14,0.164998013810021,0.9963659629103735,0.27172913922785136,0.9952501996027014,0.24771470999985468,
alpha_tuning,ridge,16,0.5623413251903491,,15,0.17152011291983796,0.9966061422873552,0.21132899914302905,0.9942196556369725,0.22839198600195232,
alpha_tuning,ridge,16,0.7498942093324559,,1,0.1683272607221869,0.9965067247020851,0.2820398420601809,0.9938663776456093,0.20036788099969272,
alpha_tuning,ridge,16,0.7498942093324559,,2,0.16877269931638864,0.9965415098895892,0.24751367114565173,0.9943307043117725,0.1974020230009046,
alpha_tuning,ridge,16,0.7498942093324559,,3,0.17114452432732555,0.9964126263401143,0.253060948987815,0.9947072269541002,0.15875697299998137,
alpha_tuning,ridge,16,0.7498942093324559,,4,0.17784209977286877,0.9962523313096563,0.19984195388719225,0.995938920953409,0.242504801000905,
alpha_tuning,ridge,16,0.7498942093324559,,5,0.16459751794079858,0.996484072590115,0.26898106781516146,0.9947555992343671,0.17583383600140223,
alpha_tuning,ridge,16,0.7498942093324559,,6,0.17062531840470868,0.9966155085555319,0.24458745050285913,0.9934505643921807,0.19780572799936635,
alpha_tuning,ridge,16,0.7498942093324559,,7,0.16132653121091553,0.9965316955975323,0.3141544543310025,0.994051842954039,0.2079061879994697,
alpha_tuning,ridge,16,0.7498942093324559,,8,0.16735013288259915,0.9964859518340898,0.2581197331508181,0.9946628659227966,0.17497515600189217,
alpha_tuning,ridge,16,0.7498942093324559,,9,0.17747441548980533,0.9963700383645069,0.2190297905940818,0.9949079434767131,0.1561873190003098,
alpha_tuning,ridge,16,0.7498942093324559,,10,0.17097425042771303,0.9962457040196036,0.25027933653400725,0.9955912235302358,0.18454152300182614,
alpha_tuning,ridge,16,0.7498942093324559,,11,0.16173668779022293,0.9963836871003731,0.29403297827739117,0.9951095213988604,0.21109425200120313,
alpha_tuning,ridge,16,0.7498942093324559,,12,0.16782665929432208,0.9965120769526857,0.261034225891665,0.9943811767453278,0.18597810799838044,
alpha_tuning,ridge,16,0.7498942093324559,,13,0.1710455187594767,0.9965925186808909,0.24324619914641105,0.9935794724625144,0.33127129200147465,
alpha_tuning,ridge,16,0.7498942093324559,,14,0.17051494087752828,0.9962444540684116,0.27456996893860497,0.9952005421602677,0.19533105899972725,
alpha_tuning,ridge,16,0.7498942093324559,,15,0.17728256059687683,0.9964921210967234,0.21382590093981504,0.9941513595096798,0.25505587099905824,
alpha_tuning,ridge,16,1.0,,1,0.17464163460569337,0.9963756832640291,0.2832216905610849,0.9938406755592243,0.18932925399712985,
alpha_tuning,ridge,16,1.0,,2,0.1754911388606594,0.9964038356281988,0.2518464845367559,0.9942314613076896,0.20610765400124365,
alpha_tuning,ridge,16,1.0,,3,0.17729993450864684,0.9962836023094767,0.2600983296267147,0.9945600400463285,0.2545737590007775,
alpha_tuning,ridge,16,1.0,,4,0.18455312660701012,0.9961109097611113,0.20162975567541774,0.9959025902218464,0.22838326700002654,
alpha_tuning,ridge,16,1.0,,5,0.17152882599601543,0.9963360146103679,0.27314478453154273,0.9946744180593772,0.1960238389983715,
alpha_tuning,ridge,16,1.0,,6,0.17712913793808938,0.9964865000251866,0.2484065756959705,0.9933482978430219,0.1800621200018213,
alpha_tuning,ridge,16,1.0,,7,0.16786419508250236,0.99639114457832,0.30875661159881623,0.9941540449627574,0.18303522400310612,
alpha_tuning,ridge,16,1.0,,8,0.17409929609656494,0.9963442316919846,0.26278331117025805,0.9945664372582175,0.18521882599816308,
alpha_tuning,ridge,16,1.0,,9,0.18371071752084694,0.996242484558751,0.223793507994465,0.9947971954446854,0.36387885700241895,
alpha_tuning,ridge,16,1.0,,10,0.17791200859696096,0.9960933629650728,0.25273542515507946,0.995547958489381,0.1924234459984291,
alpha_tuning,ridge,16,1.0,,11,0.16811926430774615,0.9962409774028484,0.2981072323406076,0.9950417567133191,0.2706944460005616,
alpha_tuning,ridge,16,1.0,,12,0.17428322397114593,0.9963778908773776,0.2647022322407648,0.9943022220438812,0.2550829279971367,
alpha_tuning,ridge,16,1.0,,13,0.1775163648034926,0.9964636097964389,0.24997519884248035,0.9934018592952791,0.22360049700000673,
alpha_tuning,ridge,16,1.0,,14,0.1769896490162902,0.9961018503547217,0.27875027798300467,0.9951274707421034,0.18349994399977732,
alpha_tuning,ridge,16,1.0,,15,0.18403879563529515,0.9963584358979252,0.21809616787952904,0.994034557681565,0.2023307690033107,
alpha_tuning,ridge,16,1.333521432163324,,1,0.18224471165421988,0.9962178975249408,0.2859278390728346,0.9937818239697299,0.10933154600206763,
alpha_tuning,ridge,16,1.333521432163324,,2,0.183568899472025,0.9962383061598558,0.25841457329613016,0.9940810193659938,0.136143286999868,
alpha_tuning,ridge,16,1.333521432163324,,3,0.18473606417776048,0.9961277330182369,0.2690443928004902,0.9943729330184663,0.2741121790022589,
alpha_tuning,ridge,16,1.333521432163324,,4,0.19261955681530957,0.9959409257810914,0.20478073461858975,0.9958385577486171,0.1853205560000788,
alpha_tuning,ridge,16,1.333521432163324,,5,0.1796987642488525,0.9961614985532633,0.27930259708748184,0.9945543574278045,0.2732522779988358,
alpha_tuning,ridge,16,1.333521432163324,,6,0.18493102776669457,0.996331743218738,0.25417528897864855,0.9931938262374379,0.1927567739985534,
alpha_tuning,ridge,16,1.333521432163324,,7,0.17577749813915808,0.9962210191586296,0.30569752309309156,0.9942119653219905,0.21875451400046586,
alpha_tuning,ridge,16,1.333521432163324,,8,0.18210647630936472,0.9961760954828509,0.2696565090807518,0.994424320348597,0.05781408300026669,
alpha_tuning,ridge,16,1.333521432163324,,9,0.1912119210725136,0.9960890591704356,0.23083436389119313,0.9946335079567815,0.17491695100034121,
alpha_tuning,ridge,16,1.333521432163324,,10,0.18622550397985704,0.9959108131236728,0.2572967804912269,0.9954676082840674,0.15569592400061083,
alpha_tuning,ridge,16,1.333521432163324,,11,0.17580108503125197,0.9960692175643444,0.30375789903438216,0.9949477724782514,0.19818129200211843,
alpha_tuning,ridge,16,1.333521432163324,,12,0.18212934550249302,0.9962148257944148,0.2704803622768965,0.9941778464325811,0.23740825300046708,
alpha_tuning,ridge,16,1.333521432163324,,13,0.18523884782161076,0.9963097664405168,0.25922407656347907,0.9931577334906134,0.20259250199887902,
alpha_tuning,ridge,16,1.333521432163324,,14,0.18473383170068705,0.9959312868039607,0.2845123370792038,0.9950267504783064,0.20079779799925745,
alpha_tuning,ridge,16,1.333521432163324,,15,0.19213986391264867,0.9961981405682071,0.22439075116815949,0.9938623860478678,0.3802606819990615,
alpha_tuning,ridge,16,1.7782794100389228,,1,0.19157276252014227,0.9960243136126986,0.29035319565044215,0.9936855841412281,0.19979543700173963,
alpha_tuning,ridge,16,1.7782794100389228,,2,0.19340746091648683,0.9960366943612996,0.26768684454200914,0.9938686381785182,0.19255039200288593,
alpha_tuning,ridge,16,1.7782794100389228,,3,0.1939008275858285,0.9959356297010059,0.2805113293110782,0.9941331018919134,0.20309397099845228,
alpha_tuning,ridge,16,1.7782794100389228,,4,0.20252953514335342,0.9957320926895489,0.20986337038541944,0.9957352712003592,0.38210510900171357,
alpha_tuning,ridge,16,1.7782794100389228,,5,0.18953672335764415,0.9959513523097436,0.28789300450640387,0.9943868677988472,0.2140507570002228,
alpha_tuning,ridge,16,1.7782794100389228,,6,0.19447011058213662,0.9961425277817865,0.262447156872869,0.9929723264588589,0.21574025399968377,
alpha_tuning,ridge,16,1.7782794100389228,,7,0.18552459177074612,0.9960114696970503,0.30582115795845194,0.9942096244365267,0.3678448569989996,
alpha_tuning,ridge,16,1.7782794100389228,,8,0.19181762477146708,0.9959721790421865,0.2791525554691553,0.994227970878684,0.18516412700046203,
alpha_tuning,ridge,16,1.7782794100389228,,9,0.20041264268198986,0.995900872797943,0.24052189301730145,0.994408289981878,0.19057851600155118,
alpha_tuning,ridge,16,1.7782794100389228,,10,0.19633582218493156,0.9956888081907493,0.26463303624718965,0.9953383770330941,0.322480759001337,
alpha_tuning,ridge,16,1.7782794100389228,,11,0.18523412814645002,0.9958583016864053,0.3115159542294485,0.9948187372824709,0.213824280002882,
alpha_tuning,ridge,16,1.7782794100389228,,12,0.19179873339630496,0.9960138679666771,0.27904367111844347,0.9939935191908508,0.2219684640003834,
alpha_tuning,ridge,16,1.7782794100389228,,13,0.19463916567973807,0.99612249811728,0.271592215230092,0.9928312742276317,0.19778561199927935,
alpha_tuning,ridge,16,1.7782794100389228,,14,0.19416780539628772,0.9957235060584794,0.2922294849655205,0.9948918554420191,0.1874754700002086,
alpha_tuning,ridge,16,1.7782794100389228,,15,0.2020396668518017,0.9960022537885942,0.23299044159798238,0.993627164321075,0.22549151099883602,
alpha_tuning,ridge,16,2.371373705661655,,1,0.2032074413420848,0.9957828605292617,0.29706789931452243,0.9935395570544298,0.1898033610013954,
alpha_tuning,ridge,16,2.371373705661655,,2,0.20551361370012422,0.9957886150816121,0.28014101767559196,0.9935833755919312,0.19070406299942988,
alpha_tuning,ridge,16,2.371373705661655,,3,0.2053679489661658,0.9956952664795928,0.29527206636392916,0.9938243808840953,0.21714420299758785,
alpha_tuning,ridge,16,2.371373705661655,,4,0.21489224114965708,0.9954715732383789,0.21764618545802036,0.9955771130829066,0.2334665340022184,
alpha_tuning,ridge,16,2.371373705661655,,5,0.20161469583523936,0.9956933576873394,0.299520345972617,0.9941601661986825,0.20169508799881442,
alpha_tuning,ridge,16,2.371373705661655,,6,0.20631131710962666,0.9959076478556467,0.27389849197147487,0.9926656885602354,0.18592996599909384,
alpha_tuning,ridge,16,2.371373705661655,,7,0.1976932685314597,0.9957498594407298,0.31003217043842396,0.9941298937078737,0.224853924002673,
alpha_tuning,ridge,16,2.371373705661655,,8,0.2038148540268984,0.9957202590661764,0.2918653494131626,0.9939651088148395,0.19933179500003462,
alpha_tuning,ridge,16,2.371373705661655,,9,0.21187407464270536,0.9956664471305003,0.25335732302488007,0.9941098888606332,0.2239469320011267,
alpha_tuning,ridge,16,2.371373705661655,,10,0.20878543984909434,0.9954154363266405,0.27550911236315384,0.9951467903478829,0.16002083700004732,
alpha_tuning,ridge,16,2.371373705661655,,11,0.19700463159467246,0.9955951219215884,0.3220799872388717,0.9946430318984117,0.18821647900040261,
alpha_tuning,ridge,16,2.371373705661655,,12,0.2038484796350101,0.9957634394126142,0.291213154404101,0.9937315681940064,0.1818984769997769,
alpha_tuning,ridge,16,2.371373705661655,,13,0.2062644041151586,0.9958909060645552,0.2877722451467248,0.9924041994038456,0.20266221099882387,
alpha_tuning,ridge,16,2.371373705661655,,14,0.20584770632961685,0.995466259366748,0.30246790698164755,0.994712888765504,0.18554118399697472,
alpha_tuning,ridge,16,2.371373705661655,,15,0.21431502701013383,0.9957593620073352,0.24421483758952792,0.9933201507339137,0.1920454939972842,
alpha_tuning,ridge,16,3.1622776601683795,,1,0.2179062121604256,0.9954778187149463,0.30717331971108086,0.9933197908256868,0.18760218899842585,
alpha_tuning,ridge,16,3.1622776601683795,,2,0.22052761755773104,0.9954809481184745,0.29623996274007236,0.993214629577149,0.3449244469993573,
alpha_tuning,ridge,16,3.1622776601683795,,3,0.2198618340225565,0.9953914590298069,0.31428874041798927,0.9934266468984346,0.1697393220019876,
alpha_tuning,ridge,16,3.1622776601683795,,4,0.2304423020690829,0.9951438866190964,0.2290834366540224,0.9953446915103629,0.15928129500025534,
alpha_tuning,ridge,16,3.1622776601683795,,5,0.2166727640952049,0.9953717059662351,0.3150127862368701,0.9938581056624399,0.19276755299870274,
alpha_tuning,ridge,16,3.1622776601683795,,6,0.221166719105019,0.9956129789200654,0.289319357221068,0.9922527566466747,0.14956181500019738,
alpha_tuning,ridge,16,3.1622776601683795,,7,0.21301972201615424,0.9954203612131526,0.3193779532680239,0.9939529419466572,0.1684647909969499,
alpha_tuning,ridge,16,3.1622776601683795,,8,0.218833749188736,0.9954048896064195,0.30861784731514386,0.9936187179119064,0.19164856299903477,
alpha_tuning,ridge,16,3.1622776601683795,,9,0.2263128568088213,0.9953711244205672,0.2700447282238991,0.99372193610649,0.19562685699929716,
alpha_tuning,ridge,16,3.1622776601683795,,10,0.22426192026138533,0.9950755998421571,0.2908079734533646,0.9948772944329473,0.17809598299936624,
alpha_tuning,ridge,16,3.1622776601683795,,11,0.2118532553015659,0.9952631176609188,0.3363588187154536,0.9944055404435599,0.22060133799823234,
alpha_tuning,ridge,16,3.1622776601683795,,12,0.21898225552575337,0.9954489158086519,0.30799796724876805,0.993370271140278,0.19071347399949445,
alpha_tuning,ridge,16,3.1622776601683795,,13,0.2208027966739188,0.9956012796457333,0.30854494433102536,0.9918559002418907,0.2806488670030376,
alpha_tuning,ridge,16,3.1622776601683795,,14,0.2204916358666037,0.995143730738394,0.31603843888036764,0.994475677114272,0.20154136500059394,
alpha_tuning,ridge,16,3.1622776601683795,,15,0.22969366202882124,0.9954550659211233,0.2584677070194733,0.9929303012868409,0.19346998000037274,
alpha_tuning,ridge,16,4.216965034285822,,1,0.2366245707788127,0.9950893588808198,0.322392969214415,0.9929888036086405,0.18010269600199535,
alpha_tuning,ridge,16,4.216965034285822,,2,0.23926374817784507,0.9950970073346896,0.316440023454607,0.9927519475904095,0.21512175500174635,
alpha_tuning,ridge,16,4.216965034285822,,3,0.23828605349337728,0.9950052675352595,0.3387630156091596,0.9929147671138694,0.18086159400263568,
alpha_tuning,ridge,16,4.216965034285822,,4,0.2500472564615401,0.9947307511812779,0.24527559919139985,0.9950156432263542,0.16651021800134913,
alpha_tuning,ridge,16,4.216965034285822,,5,0.23564624956503985,0.9949664179736881,0.335494414688861,0.9934587694979748,0.1069112840013986,
alpha_tuning,ridge,16,4.216965034285822,,6,0.23992051555804558,0.9952409821716344,0.3096098356520659,0.9917094287626707,0.2608405760001915,
alpha_tuning,ridge,16,4.216965034285822,,7,0.23240955058283938,0.9950035058622307,0.33514847985024004,0.9936543449746413,0.2528298649995122,
alpha_tuning,ridge,16,4.216965034285822,,8,0.23778139832303768,0.9950070234646853,0.3304977919079118,0.993166306945616,0.18226436400072998,
alpha_tuning,ridge,16,4.216965034285822,,9,0.2446329827706677,0.9949964148929129,0.29158291263063785,0.993221211286772,0.18668427800002974,
alpha_tuning,ridge,16,4.216965034285822,,10,0.24362628588422997,0.9946503921875605,0.31156764575035384,0.9945116040167489,0.17999906900149654,
alpha_tuning,ridge,16,4.216965034285822,,11,0.23069498076141606,0.9948418305938801,0.3555213945384722,0.99408682052461,0.18939958199916873,
alpha_tuning,ridge,16,4.216965034285822,,12,0.2380738281618216,0.995052137749154,0.3306365221070708,0.9928829709096071,0.2583536850033852,
alpha_tuning,ridge,16,4.216965034285822,,13,0.2391080417789583,0.9952366119175782,0.33478808302755586,0.9911632078369841,0.10893666600168217,
alpha_tuning,ridge,16,4.216965034285822,,14,0.23900315584777687,0.9947360194657334,0.3340136196396321,0.9941614726054936,0.20550701699903584,
alpha_tuning,ridge,16,4.216965034285822,,15,0.24908908906796184,0.9950712898232287,0.2763257816977147,0.9924418410105916,0.1828943820000859,
alpha_tuning,ridge,16,5.623413251903491,,1,0.26052136226920825,0.9945934316551602,0.34501886133282844,0.9924967501573557,0.17681067300145514,
alpha_tuning,ridge,16,5.623413251903491,,2,0.262761207427802,0.9946154974058627,0.3412504256675502,0.992183665823839,0.16974456200114219,
alpha_tuning,ridge,16,5.623413251903491,,3,0.2617467175225348,0.99451350673536,0.37019333789577713,0.9922574015136536,0.2565208050000365,
alpha_tuning,ridge,16,5.623413251903491,,4,0.2747213023192611,0.9942107947185326,0.267409817228261,0.9945658437356379,0.2030040240024391,
alpha_tuning,ridge,16,5.623413251903491,,5,0.259692523803585,0.9944527713782922,0.36247422560279885,0.9929327364125872,0.18038958699980867,
alpha_tuning,ridge,16,5.623413251903491,,6,0.26365527078256495,0.9947701840700104,0.33578593274625007,0.9910084988415733,0.20439952600281686,
alpha_tuning,ridge,16,5.623413251903491,,7,0.25695779869887714,0.9944757513981964,0.3589798204880828,0.9932031256626901,0.18642210000325576,
alpha_tuning,ridge,16,5.623413251903491,,8,0.26175318780255474,0.9945036595210596,0.35886675093506326,0.9925797228200616,0.1890598109966959,
alpha_tuning,ridge,16,5.623413251903491,,9,0.26795467464703093,0.9945194061558938,0.3193642532584299,0.9925753440904161,0.1627645680018759,
alpha_tuning,ridge,16,5.623413251903491,,10,0.26794341208786565,0.9941164305592292,0.3390268170201685,0.9940278990898855,0.1989436719995865,
alpha_tuning,ridge,16,5.623413251903491,,11,0.2546366024497479,0.9943065136133457,0.3810470342318563,0.9936622674849059,0.15697820499917725,
alpha_tuning,ridge,16,5.623413251903491,,12,0.2621876351782963,0.9945509831435335,0.3606181544442981,0.9922376092049724,0.24500889200135134,
alpha_tuning,ridge,16,5.623413251903491,,13,0.26222577393487095,0.9947760722844282,0.36749443985929386,0.9902999176173387,0.1852271429997927,
alpha_tuning,ridge,16,5.623413251903491,,14,0.2624906307575994,0.9942187141176688,0.3576948592602045,0.9937475267118808,0.18793423599709058,
alpha_tuning,ridge,16,5.623413251903491,,15,0.27363395730234985,0.9945856220554954,0.2986597685318048,0.9918309540266761,0.1914455279984395,
alpha_tuning,ridge,16,7.498942093324558,,1,0.29094694468022264,0.9939620132205879,0.3776789739910425,0.9917864788863394,0.2789689199998975,
alpha_tuning,ridge,16,7.498942093324558,,2,0.29234081199195905,0.9940093521568423,0.37136312868060695,0.9914939349634683,0.20288141000128235,
alpha_tuning,ridge,16,7.498942093324558,,3,0.2915619215840166,0.9938885479285581,0.41041209955988367,0.9914162255893291,0.15051313600270078,
alpha_tuning,ridge,16,7.498942093324558,,4,0.3056501630829455,0.993559030466648,0.29669744969222284,0.9939706764636507,0.17699737200018717,
alpha_tuning,ridge,16,7.498942093324558,,5,0.29021374835185776,0.9938008149495742,0.39795395044792486,0.9922409780756395,0.17701387199849705,
alpha_tuning,ridge,16,7.498942093324558,,6,0.2936770117337939,0.9941746785122919,0.36900081365270315,0.9901190880264601,0.18687115799912135,
alpha_tuning,ridge,16,7.498942093324558,,7,0.28796584850912305,0.993809119847505,0.39295401497310345,0.9925598629569701,0.3315823159973661,
alpha_tuning,ridge,16,7.498942093324558,,8,0.29204678657720945,0.9938675490897187,0.3953369830278372,0.9918256289112781,0.18409520700151916,
alpha_tuning,ridge,16,7.498942093324558,,9,0.29763562012155603,0.9939123288310843,0.3552600362539319,0.9917408304132357,0.19178426700091222,
alpha_tuning,ridge,16,7.498942093324558,,10,0.29851148317880816,0.9934452090967101,0.3746781995727852,0.9933998848930715,0.1820706619982957,
alpha_tuning,ridge,16,7.498942093324558,,11,0.2849906111076505,0.9936278203955933,0.41476736004039616,0.9931014170226339,0.18628336799883982,
alpha_tuning,ridge,16,7.498942093324558,,12,0.2925958325373495,0.993919012914001,0.39967824654966505,0.9913968315134587,0.30180323400054476,
alpha_tuning,ridge,16,7.498942093324558,,13,0.2914207695411298,0.9941944645179033,0.40779477622783633,0.9892361829307037,0.18280716400113306,
alpha_tuning,ridge,16,7.498942093324558,,14,0.2922864447735151,0.9935624692893272,0.3885486127839543,0.9932082059339852,0.18577247600114788,
alpha_tuning,ridge,16,7.498942093324558,,15,0.3047027181555133,0.9939708664338436,0.32676492004808577,0.9910622121370255,0.20604600699880393,
alpha_tuning,ridge,16,10.0,,1,0.3294361355977503,0.9931632516932388,0.4229801061548129,0.9908012987965717,0.23453644900291692,
alpha_tuning,ridge,16,10.0,,2,0.3296687122656952,0.9932444288341602,0.40787560589297395,0.9906576174030344,0.17690246400161413,
alpha_tuning,ridge,16,10.0,,3,0.3292651420946398,0.9930982477966416,0.4615851095500892,0.9903459414185116,0.20456371199907153,
alpha_tuning,ridge,16,10.0,,4,0.3442433486125118,0.992745755807529,0.3343492010422833,0.9932055381355822,0.1655926549974538,
alpha_tuning,ridge,16,10.0,,5,0.32887910540200765,0.9929748936941,0.44455507611225914,0.9913323826079415,0.19680490300015663,
alpha_tuning,ridge,16,10.0,,6,0.3315482589980864,0.9934234716365731,0.41059783498747904,0.9890052246121717,0.1976505040001939,
alpha_tuning,ridge,16,10.0,,7,0.3269669926850562,0.9929706474708205,0.43970870781592664,0.9916746160606401,0.2935558589997527,
alpha_tuning,ridge,16,10.0,,8,0.3301835431853259,0.9930667466206431,0.44173384805501004,0.9908662823073234,0.2264404600027774,
alpha_tuning,ridge,16,10.0,,9,0.3352942251639526,0.9931420809552267,0.4016801281459461,0.9906616451065741,0.2287123639980564,
alpha_tuning,ridge,16,10.0,,10,0.3368964783125783,0.9926023416322952,0.4203436623027042,0.9925954684344351,0.2523025010013953,
alpha_tuning,ridge,16,10.0,,11,0.32329611749550274,0.992771337560624,0.4589001923009046,0.9923673814289322,0.20427463299711235,
alpha_tuning,ridge,16,10.0,,12,0.33080408158506225,0.9931249350659915,0.44978897406246277,0.990318186289463,0.2098632439992798,
alpha_tuning,ridge,16,10.0,,13,0.32821421362489744,0.9934614843481192,0.45699678301978525,0.9879374870389865,0.1948428360010439,
alpha_tuning,ridge,16,10.0,,14,0.3299842766274414,0.9927321846332138,0.4281814084713737,0.9925154283053618,0.2672755359999428,
alpha_tuning,ridge,16,10.0,,15,0.3439291765874924,0.9931946949620388,0.36248577905696466,0.9900851627644748,0.2001819359975343,
alpha_tuning,ridge,17,0.001,,1,0.09946627863669652,0.9979357883408406,1.4703245234898694,0.9680243213171209,0.23628429000018514,
alpha_tuning,ridge,17,0.001,,2,0.09823693985204919,0.9979869286541515,0.6177693052346231,0.9858500064167164,0.1877155539987143,
alpha_tuning,ridge,17,0.001,,3,0.10109928135576152,0.9978808501154534,0.35417676649965074,0.992592388313127,0.19543724399773055,
alpha_tuning,ridge,17,0.001,,4,0.10277634803956602,0.99783419279154,0.36346968263615836,0.9926137676122901,0.24398298800224438,
alpha_tuning,ridge,17,0.001,,5,0.08887325081409145,0.998101600179322,0.4108699153330358,0.9919891518163322,0.189193461999821,
alpha_tuning,ridge,17,0.001,,6,0.09980437332747631,0.9980202993857796,0.5601271339920514,0.9850012067719295,0.18783756300035748,
alpha_tuning,ridge,17,0.001,,7,0.09246778934537168,0.9980120663447867,0.7355770570752499,0.9860726856023521,0.1784971749984834,
alpha_tuning,ridge,17,0.001,,8,0.09577875838563213,0.9979888204183602,0.45744833281926284,0.9905413543712946,0.1892953620008484,
alpha_tuning,ridge,17,0.001,,9,0.10389993052343487,0.997874889399187,0.3677116078522019,0.9914513533233377,0.21575973799917847,
alpha_tuning,ridge,17,0.001,,10,0.09789393686576368,0.9978504200909732,0.3691264508196683,0.9934976812977119,0.400043915000424,
alpha_tuning,ridge,17,0.001,,11,0.09117899134655627,0.9979613050873826,0.4561147174690065,0.9924137106030922,0.19741716099815676,
alpha_tuning,ridge,17,0.001,,12,0.10120193324326739,0.997896731324593,0.5555773210219249,0.988041067180125,0.39392473900079494,
alpha_tuning,ridge,17,0.001,,13,0.09620006028360274,0.9980835516142665,0.501314350080241,0.9867677168197415,0.18890430200190167,
alpha_tuning,ridge,17,0.001,,14,0.09978175835927913,0.9978023334804303,0.44309135660215987,0.9922548037814092,0.2172239190003893,
alpha_tuning,ridge,17,0.001,,15,0.10095134280215916,0.9980024821139718,0.5681083616027081,0.9844609022950206,0.19348288599940133,
alpha_tuning,ridge,17,0.001333521432163324,,1,0.10179488453521604,0.9978874630640615,1.3616487794986414,0.9703877319893706,0.109348466998199,
alpha_tuning,ridge,17,0.001333521432163324,,2,0.10038894525731458,0.9979428297599476,0.5641425897097111,0.9870783252634773,0.1585267410009692,
alpha_tuning,ridge,17,0.001333521432163324,,3,0.1035264524590704,0.9978299739935426,0.33061390963599585,0.993085205771495,0.09967085199969006,
alpha_tuning,ridge,17,0.001333521432163324,,4,0.10519796891417102,0.9977831619459571,0.347392597588391,0.9929404773544027,0.20532921299673035,
alpha_tuning,ridge,17,0.001333521432163324,,5,0.09133377257231713,0.9980490415745472,0.40127377033989803,0.9921762505982573,0.16976225899998099,
alpha_tuning,ridge,17,0.001333521432163324,,6,0.10215600725889316,0.9979736528212733,0.5426934537732232,0.9854680367984324,0.17505517600147869,
alpha_tuning,ridge,17,0.001333521432163324,,7,0.09475971429431063,0.9979627930273053,0.6253134064828412,0.9881604023325868,0.18485888999930467,
alpha_tuning,ridge,17,0.001333521432163324,,8,0.09824816128723526,0.9979369674524391,0.43431951491054677,0.9910195882541489,0.22155834800287266,
alpha_tuning,ridge,17,0.001333521432163324,,9,0.10638875289523524,0.9978239844295763,0.3397665431841109,0.992101026815016,0.1775718790013343,
alpha_tuning,ridge,17,0.001333521432163324,,10,0.10048925899219684,0.9977934313490854,0.34363158747612454,0.9939467841088566,0.2598414160020184,
alpha_tuning,ridge,17,0.001333521432163324,,11,0.09322389036551285,0.9979155826554365,0.44050990756549024,0.992673256281795,0.2606827230010822,
alpha_tuning,ridge,17,0.001333521432163324,,12,0.10353246606664868,0.9978482961166149,0.4981354653949978,0.98927751666519,0.32062261900136946,
alpha_tuning,ridge,17,0.001333521432163324,,13,0.09880627022279287,0.9980316320331757,0.454911396875181,0.9879925311844437,0.28361386499818764,
alpha_tuning,ridge,17,0.001333521432163324,,14,0.10206979544828484,0.9977519400759773,0.42288686566520994,0.9926079764273471,0.27919516600013594,
alpha_tuning,ridge,17,0.001333521432163324,,15,0.10353694306170816,0.9979513210038646,0.5315085053520856,0.9854619943061682,0.2903160850000859,
alpha_tuning,ridge,17,0.0017782794100389228,,1,0.10411545899123724,0.9978393044628379,1.255719934139712,0.9726914048645301,0.27487226000084775,
alpha_tuning,ridge,17,0.0017782794100389228,,2,0.10258631714340381,0.9978978012158305,0.5177487821051103,0.988140974498955,0.19997189499918022,
alpha_tuning,ridge,17,0.0017782794100389228,,3,0.10601924832222945,0.9977777223059463,0.3095063784431988,0.9935266700614598,0.17712766399927204,
alpha_tuning,ridge,17,0.0017782794100389228,,4,0.10761774122467008,0.9977321700551877,0.3335722917071848,0.9932213260627941,0.24383026199939195,
alpha_tuning,ridge,17,0.0017782794100389228,,5,0.09386105496251652,0.997995056912206,0.39409323061253515,0.992316251633831,0.20872637199863675,
alpha_tuning,ridge,17,0.0017782794100389228,,6,0.10449642812638167,0.9979272286769755,0.5236347048925094,0.9859783820688182,0.1845857510015776,
alpha_tuning,ridge,17,0.0017782794100389228,,7,0.09708481920514696,0.9979128063850715,0.5335490650833951,0.9898978556977649,0.22287753699856694,
alpha_tuning,ridge,17,0.0017782794100389228,,8,0.10065186636738517,0.9978864940211797,0.4157929988136103,0.991402660478755,0.20978577599817072,
alpha_tuning,ridge,17,0.0017782794100389228,,9,0.10893848376217889,0.9977718336719457,0.316780317026007,0.99263541605283,0.2406548879989714,
alpha_tuning,ridge,17,0.0017782794100389228,,10,0.10315050898635167,0.997734994946347,0.3235682805478941,0.9943002077542754,0.13204391299950657,
alpha_tuning,ridge,17,0.0017782794100389228,,11,0.09530223912059071,0.9978691123120925,0.42507880265382114,0.9929299128269369,0.17671368299852475,
alpha_tuning,ridge,17,0.0017782794100389228,,12,0.10582476178268564,0.9978006555862435,0.4520939092723232,0.9902685720156511,0.17373593499723938,
alpha_tuning,ridge,17,0.0017782794100389228,,13,0.10143664614409094,0.9979792310297524,0.4174388886399051,0.9889816248346941,0.3731548079995264,
alpha_tuning,ridge,17,0.0017782794100389228,,14,0.10439933528936514,0.9977006325845187,0.4085065119254881,0.9928593436899834,0.19551407400285825,
alpha_tuning,ridge,17,0.0017782794100389228,,15,0.1061165097378156,0.9979002792798944,0.49782552893766024,0.9863833028044654,0.12572277700019185,
alpha_tuning,ridge,17,0.0023713737056616554,,1,0.10643492858832841,0.997791168790618,1.1523979520696883,0.9749383853418111,0.3205694489988673,
alpha_tuning,ridge,17,0.0023713737056616554,,2,0.10485674488290261,0.9978512756111844,0.47746753321047974,0.9890636156994096,0.3092410400022345,
alpha_tuning,ridge,17,0.0023713737056616554,,3,0.10856989695689694,0.9977242579619154,0.29150211471210985,0.993903229472022,0.24484625499826507,
alpha_tuning,ridge,17,0.0023713737056616554,,4,0.110051604380872,0.9976808812278587,0.32145550613142765,0.9934675567618871,0.2094791029994667,
alpha_tuning,ridge,17,0.0023713737056616554,,5,0.09643967146189582,0.9979399757144871,0.388128796121746,0.9924325419179917,0.20333329499771935,
alpha_tuning,ridge,17,0.0023713737056616554,,6,0.1068267749786452,0.9978810043589325,0.5028945534897725,0.9865337510619099,0.12105387799965683,
alpha_tuning,ridge,17,0.0023713737056616554,,7,0.09944527420397213,0.9978620597632802,0.4604107358308427,0.9912826467216573,0.1826516740002262,
alpha_tuning,ridge,17,0.0023713737056616554,,8,0.10299210476092341,0.9978373532748119,0.40078179205731,0.9917130467562435,0.20121130099869333,
alpha_tuning,ridge,17,0.0023713737056616554,,9,0.11154705756800627,0.9977184793740185,0.29816734697061287,0.993068134795478,0.11411667100037448,
alpha_tuning,ridge,17,0.0023713737056616554,,10,0.10587363322944318,0.9976751998931481,0.30788780570305374,0.9945764259570564,0.15492963200085796,
alpha_tuning,ridge,17,0.0023713737056616554,,11,0.0974378976787961,0.9978213605638729,0.40967688286287895,0.9931860839530309,0.17150216500158422,
alpha_tuning,ridge,17,0.0023713737056616554,,12,0.10808392117055661,0.997753703724545,0.41495877413078974,0.9910679145546836,0.22239984499901766,
alpha_tuning,ridge,17,0.0023713737056616554,,13,0.10408442273728187,0.9979264833790457,0.3873346129675677,0.9897762326502676,0.2126786289991287,
alpha_tuning,ridge,17,0.0023713737056616554,,14,0.10676253603797978,0.9976485837205815,0.3984079302514229,0.9930358659701626,0.18239178200019524,
alpha_tuning,ridge,17,0.0023713737056616554,,15,0.10869201805769871,0.9978493178583642,0.46685272497092684,0.9872304817223719,0.20981453000058536,
alpha_tuning,ridge,17,0.0031622776601683794,,1,0.10876047666086125,0.997742906972532,1.0526393267625682,0.977107872212026,0.26331302099788445,
alpha_tuning,ridge,17,0.0031622776601683794,,2,0.10721556980040187,0.9978029385715896,0.44244184708613515,0.9898658783397027,0.2057950560010795,
alpha_tuning,ridge,17,0.0031622776601683794,,3,0.11116564973134402,0.9976698481865094,0.27713287941225123,0.9942037622155744,0.27334821700060274,
alpha_tuning,ridge,17,0.0031622776601683794,,4,0.11251226402559059,0.9976290277178075,0.31053227016161133,0.9936895327977251,0.17795645899968804,
alpha_tuning,ridge,17,0.0031622776601683794,,5,0.09905094023033549,0.9978841970396177,0.38237319158905536,0.9925447605847666,0.18328465200102073,
alpha_tuning,ridge,17,0.0031622776601683794,,6,0.1091515675773552,0.9978348902140092,0.48081378739660374,0.987125018338302,0.18659434700020938,
alpha_tuning,ridge,17,0.0031622776601683794,,7,0.10184010726481985,0.9978105740591883,0.4047923852071857,0.9923357168901238,0.2577827509994677,
alpha_tuning,ridge,17,0.0031622776601683794,,8,0.10527909447064715,0.9977893306538765,0.38835870099008996,0.9919699186422853,0.22257220900064567,
alpha_tuning,ridge,17,0.0031622776601683794,,9,0.1142072075143454,0.9976640701667915,0.2833422196345595,0.9934127928721503,0.19049455099957413,
alpha_tuning,ridge,17,0.0031622776601683794,,10,0.10864639808568732,0.9976143148187679,0.2956567837733414,0.9947918805863984,0.22948310100036906,
alpha_tuning,ridge,17,0.0031622776601683794,,11,0.0996507409401939,0.9977718830226893,0.3943621887788686,0.9934408043049439,0.17687206900154706,
alpha_tuning,ridge,17,0.0031622776601683794,,12,0.11031992065936773,0.9977072331924877,0.38484203427800767,0.9917161844804441,0.21138393200089922,
alpha_tuning,ridge,17,0.0031622776601683794,,13,0.10674359661740596,0.9978735086774194,0.3631121762698571,0.9904155882594751,0.19135725899832323,
alpha_tuning,ridge,17,0.0031622776601683794,,14,0.1091501572243614,0.997595997003039,0.3909030149193125,0.9931670512008943,0.19015846100228373,
alpha_tuning,ridge,17,0.0031622776601683794,,15,0.11126554259039682,0.9977983956899066,0.43837690421906816,0.98800936228601,0.19541815399861662,
alpha_tuning,ridge,17,0.004216965034285823,,1,0.11109723884963692,0.997694412429247,0.9578778948703949,0.9791686833114163,0.18428956899879267,
alpha_tuning,ridge,17,0.004216965034285823,,2,0.10966399367836122,0.9977527654701205,0.411962303366702,0.9905640116791176,0.1676007979986025,
alpha_tuning,ridge,17,0.004216965034285823,,3,0.11378871320962397,0.9976148659493203,0.2666080349377183,0.9944238894749161,0.17639834900182905,
alpha_tuning,ridge,17,0.004216965034285823,,4,0.1150068569940255,0.9975764591304207,0.3003602332396014,0.9938962433767682,0.18545766300303512,
alpha_tuning,ridge,17,0.004216965034285823,,5,0.10167446910281676,0.997828156479658,0.3760966003850798,0.9926671370775922,0.24043104199881782,
alpha_tuning,ridge,17,0.004216965034285823,,6,0.11147857817847562,0.9977887320732108,0.45795912457939314,0.9877370086188827,0.19898758900308167,
alpha_tuning,ridge,17,0.004216965034285823,,7,0.10426378175442935,0.997758468302997,0.3647344464205181,0.9930941683701386,0.30771765299869,
alpha_tuning,ridge,17,0.004216965034285823,,8,0.10752816484312774,0.9977421042699993,0.37775648694995373,0.9921891403079701,0.30149434299892164,
alpha_tuning,ridge,17,0.004216965034285823,,9,0.11690719737774363,0.9976088460963625,0.27171874719298833,0.993683018116437,0.19677159000275424,
alpha_tuning,ridge,17,0.004216965034285823,,10,0.11144758831340644,0.9975528055728672,0.2860707065934734,0.9949607433942244,0.2015624060004484,
alpha_tuning,ridge,17,0.004216965034285823,,11,0.10195296741066329,0.9977204069389586,0.37935308767422204,0.993690441907517,0.18896988699998474,
alpha_tuning,ridge,17,0.004216965034285823,,12,0.11254605893311152,0.9976609676049812,0.36028856838878115,0.9922447036225218,0.16655015200012713,
alpha_tuning,ridge,17,0.004216965034285823,,13,0.10940893412469664,0.997820411187166,0.34346169177444397,0.990934266361211,0.17877437100105453,
alpha_tuning,ridge,17,0.004216965034285823,,14,0.11155199946361236,0.9975430970706137,0.3844192451289426,0.9932803869013416,0.26688201800061506,
alpha_tuning,ridge,17,0.004216965034285823,,15,0.11383862612131487,0.9977474822475234,0.4121694626901846,0.9887261973513591,0.2151843360006751,
alpha_tuning,ridge,17,0.005623413251903491,,1,0.11344771738174371,0.9976456332323465,0.8694527231029733,0.9810916974724005,0.25146519400004763,
alpha_tuning,ridge,17,0.005623413251903491,,2,0.11219077043352332,0.9977009867615122,0.38542148651636515,0.9911719285583557,0.21785594500033767,
alpha_tuning,ridge,17,0.005623413251903491,,3,0.11641795119005664,0.9975597542879121,0.25968781794825313,0.9945686259034331,0.24149768899951596,
alpha_tuning,ridge,17,0.005623413251903491,,4,0.11753661148551911,0.997523149583839,0.2906046047290874,0.9940944919314872,0.21388589399794,
alpha_tuning,ridge,17,0.005623413251903491,,5,0.1042910565129456,0.9977722641945814,0.36888877554136423,0.9928076700988787,0.17982014399967738,
alpha_tuning,ridge,17,0.005623413251903491,,6,0.11381768787952468,0.9977423339369619,0.43495711924514774,0.9883529443607927,0.16805878299783217,
alpha_tuning,ridge,17,0.005623413251903491,,7,0.10670683787065785,0.9977059458677856,0.33781225706094276,0.9936039093848661,0.2644330959992658,
alpha_tuning,ridge,17,0.005623413251903491,,8,0.10975678305005696,0.99769530734437,0.36836416985454334,0.9923833449703642,0.38183163899884676,
alpha_tuning,ridge,17,0.005623413251903491,,9,0.11963269468365585,0.9975531003110852,0.26272777386806856,0.9938920423968587,0.1901970219987561,
alpha_tuning,ridge,17,0.005623413251903491,,10,0.11424931711295251,0.9974912845008697,0.278476367470293,0.9950945208929718,0.19119752699771198,
alpha_tuning,ridge,17,0.005623413251903491,,11,0.10434732906076537,0.9976668707806512,0.36495666122561,0.9939298892507786,0.2188771450018976,
alpha_tuning,ridge,17,0.005623413251903491,,12,0.1147763089379129,0.9976146165638193,0.34016698518496924,0.9926778254449197,0.2259427239987417,
alpha_tuning,ridge,17,0.005623413251903491,,13,0.11207601367060706,0.9977672789929105,0.3273119694709115,0.9913605412100531,0.18703613999969093,
alpha_tuning,ridge,17,0.005623413251903491,,14,0.11395874057496046,0.9974900892418417,0.377727776236058,0.9933973531630249,0.2347277059998305,
alpha_tuning,ridge,17,0.005623413251903491,,15,0.11641372809746726,0.9976965288662911,0.38798893271551466,0.9893875916261671,0.1883559449997847,
alpha_tuning,ridge,17,0.007498942093324558,,1,0.11581299056035284,0.9975965470039352,0.788224937120516,0.9828581874840967,0.28308916600144585,
alpha_tuning,ridge,17,0.007498942093324558,,2,0.11477655735390913,0.9976479988166135,0.3623123234766927,0.9917012434756811,0.1845975409996754,
alpha_tuning,ridge,17,0.007498942093324558,,3,0.11903260578488557,0.9975049483099817,0.2556942342507553,0.9946521517585095,0.18586945100105368,
alpha_tuning,ridge,17,0.007498942093324558,,4,0.12009842352721295,0.9974691644881195,0.28106890584265276,0.9942882711964967,0.19088405900038197,
alpha_tuning,ridge,17,0.007498942093324558,,5,0.10688638419568677,0.9977168260333531,0.3606494098457954,0.9929683153670128,0.24568263299806858,
alpha_tuning,ridge,17,0.007498942093324558,,6,0.11617902993216762,0.9976954948040045,0.41237185827285017,0.9889577207388109,0.19351566300247214,
alpha_tuning,ridge,17,0.007498942093324558,,7,0.10915853157295746,0.9976532377360396,0.32148877306646634,0.9939129759761489,0.22642121399985626,
alpha_tuning,ridge,17,0.007498942093324558,,8,0.11198196849289882,0.9976485825005378,0.35971408380598274,0.9925622025433865,0.196744076001778,
alpha_tuning,ridge,17,0.007498942093324558,,9,0.12236962034833204,0.997497120776601,0.2558412951052145,0.9940521408885377,0.18145025500052725,
alpha_tuning,ridge,17,0.007498942093324558,,10,0.117022215855674,0.9974303964865763,0.2723868454581021,0.995201790401239,0.27516328600177076,
alpha_tuning,ridge,17,0.007498942093324558,,11,0.10682768130823937,0.997611411936089,0.35149032147655723,0.9941538670058054,0.267347384000459,
alpha_tuning,ridge,17,0.007498942093324558,,12,0.1170229972133041,0.9975679238878832,0.3236011727475612,0.9930344084632494,0.19933158899948467,
alpha_tuning,ridge,17,0.007498942093324558,,13,0.11474172304098083,0.9977141740945911,0.31383890424662736,0.9917161652098954,0.18911067400040338,
alpha_tuning,ridge,17,0.007498942093324558,,14,0.11636481094486249,0.9974370961859704,0.370073260437162,0.9935311533961764,0.20705109999835258,
alpha_tuning,ridge,17,0.007498942093324558,,15,0.11899647055334367,0.997645424303366,0.365597256830485,0.9900000565410895,0.19332568499885383,
alpha_tuning,ridge,17,0.01,,1,0.11819499579373599,0.9975471135372134,0.7144589885028568,0.9844624022224441,0.18868958299935912,
alpha_tuning,ridge,17,0.01,,2,0.11739927875966398,0.9975942540102501,0.34222963909322845,0.9921612369599044,0.22388943499754532,
alpha_tuning,ridge,17,0.01,,3,0.12161696584376923,0.997450777338171,0.2536600702227736,0.9946946963256634,0.18553857799997786,
alpha_tuning,ridge,17,0.01,,4,0.12268752727578987,0.9974146042739351,0.2716980276051881,0.9944787010662917,0.22301153700027498,
alpha_tuning,ridge,17,0.01,,5,0.1094543647178011,0.9976619720281488,0.3515292182820764,0.9931461343488764,0.14606442500007688,
alpha_tuning,ridge,17,0.01,,6,0.11857117543370908,0.997648044659679,0.3906428230995242,0.9895395695474688,0.19102129499879084,
alpha_tuning,ridge,17,0.01,,7,0.11161036541113872,0.9976005265915598,0.3133766182726425,0.99406657039453,0.19930904200009536,
alpha_tuning,ridge,17,0.01,,8,0.11421858467215086,0.9976016176320481,0.3514571467158635,0.9927329309870396,0.19595756100170547,
alpha_tuning,ridge,17,0.01,,9,0.1251072419825568,0.9974411270071482,0.25058888624907816,0.9941742501354411,0.17413600500003668,
alpha_tuning,ridge,17,0.01,,10,0.11974177614839246,0.9973706796915042,0.26747299806708663,0.9952883499033279,0.2014503610007523,
alpha_tuning,ridge,17,0.01,,11,0.10938145854949266,0.9975543113628889,0.33921886968629894,0.9943579708880869,0.192216876999737,
alpha_tuning,ridge,17,0.01,,12,0.11929579396356232,0.9975206886023784,0.30992105192354125,0.9933288762892603,0.17458320600053412,
alpha_tuning,ridge,17,0.01,,13,0.11740520478384361,0.9976611135739272,0.3024299322664649,0.99201730709425,0.21176394700160017,
alpha_tuning,ridge,17,0.01,,14,0.11877112601908195,0.9973840977405521,0.36118780739979145,0.9936864702992034,0.2859721329987224,
alpha_tuning,ridge,17,0.01,,15,0.12159683815764565,0.9975939709927347,0.34478889204843816,0.9905692141794613,0.18824599199797376,
alpha_tuning,ridge,17,0.01333521432163324,,1,0.1205987600687164,0.997497228507731,0.6479422436016473,0.985908965908224,0.19436058200153639,
alpha_tuning,ridge,17,0.01333521432163324,,2,0.1200388857597966,0.9975401631842913,0.32485094801494546,0.9925592955315425,0.1987440759985475,
alpha_tuning,ridge,17,0.01333521432163324,,3,0.12416413758880765,0.9973973858734936,0.2525570286561555,0.9947177664544038,0.25947458800146705,
alpha_tuning,ridge,17,0.01333521432163324,,4,0.12530019631124026,0.9973595474681795,0.26255024700693946,0.9946645972677036,0.1849222059972817,
alpha_tuning,ridge,17,0.01333521432163324,,5,0.11199896832462604,0.9976076173715266,0.34184119816795316,0.9933350244462973,0.1912278960007825,
alpha_tuning,ridge,17,0.01333521432163324,,6,0.12100019483608987,0.9975998630916523,0.37007603337779343,0.9900902963515836,0.18473910600005183,
alpha_tuning,ridge,17,0.01333521432163324,,7,0.11405898758658578,0.9975478844935284,0.31137887744982434,0.9941043953433328,0.19802109400188783,
alpha_tuning,ridge,17,0.01333521432163324,,8,0.11647894796075374,0.9975541541174887,0.34333398862288034,0.9929008932863312,0.22942832500120858,
alpha_tuning,ridge,17,0.01333521432163324,,9,0.12784049405685977,0.9973852226102102,0.24655933941453298,0.9942679299960167,0.21851928599789971,
alpha_tuning,ridge,17,0.01333521432163324,,10,0.12239354168987124,0.9973124515507846,0.26352801061954717,0.9953578425273419,0.250642228002107,
alpha_tuning,ridge,17,0.01333521432163324,,11,0.11199314966482443,0.9974959158782326,0.32831991351537626,0.9945392468532555,0.1916536589997122,
alpha_tuning,ridge,17,0.01333521432163324,,12,0.12160204888433793,0.9974727579593865,0.2986181890300119,0.9935721730778465,0.14259769300042535,
alpha_tuning,ridge,17,0.01333521432163324,,13,0.12006875378620747,0.997608051713354,0.29262849950685615,0.9922760176893618,0.20486587699997472,
alpha_tuning,ridge,17,0.01333521432163324,,14,0.12118635187865631,0.9973309030374715,0.35120893556527927,0.9938609000623817,0.236777621001238,
alpha_tuning,ridge,17,0.01333521432163324,,15,0.12422827228396406,0.9975419029707815,0.32542380342806626,0.9910988948257532,0.1833182519985712,
alpha_tuning,ridge,17,0.01778279410038923,,1,0.12303356528582647,0.9974466992893283,0.5882347842646878,0.9872074456004474,0.18221705599717097,
alpha_tuning,ridge,17,0.01778279410038923,,2,0.12268066145415531,0.997486027917451,0.3098999754751206,0.9929017472586028,0.4333509080024669,
alpha_tuning,ridge,17,0.01778279410038923,,3,0.1266775238946954,0.9973447025880289,0.25151917613929503,0.9947394731533189,0.18493265900178812,
alpha_tuning,ridge,17,0.01778279410038923,,4,0.1279358055283446,0.997304007243702,0.25375020054547825,0.9948434270058968,0.17560065500219935,
alpha_tuning,ridge,17,0.01778279410038923,,5,0.1145339692503947,0.997553467835431,0.3319684382151853,0.9935275164691589,0.1555558249965543,
alpha_tuning,ridge,17,0.01778279410038923,,6,0.12347010702031215,0.9975508703821632,0.3508697209386133,0.9906045930022312,0.177153955999529,
alpha_tuning,ridge,17,0.01778279410038923,,7,0.11650749358264427,0.9974952448931982,0.3137223473836803,0.9940600244072951,0.2041631949978182,
alpha_tuning,ridge,17,0.01778279410038923,,8,0.11877396243700403,0.9975059629910635,0.3351557940284506,0.9930699935737333,0.1896655769996869,
alpha_tuning,ridge,17,0.01778279410038923,,9,0.13057081434381745,0.9973293781783978,0.24339086429903437,0.9943415914570306,0.16338744400127325,
alpha_tuning,ridge,17,0.01778279410038923,,10,0.12497562747000901,0.9972557534559477,0.26041656131968866,0.995412652024003,0.18157457200140925,
alpha_tuning,ridge,17,0.01778279410038923,,11,0.11464787830133066,0.9974365581063852,0.31887853183720805,0.9946962798341571,0.16393584499746794,
alpha_tuning,ridge,17,0.01778279410038923,,12,0.12394780755152816,0.997424006314367,0.28930223800485266,0.9937727011200247,0.20131933199809282,
alpha_tuning,ridge,17,0.01778279410038923,,13,0.12273811791326429,0.9975548740068416,0.2840816753764217,0.9925016126621921,0.18794852900100523,
alpha_tuning,ridge,17,0.01778279410038923,,14,0.12362601805676578,0.997277170042917,0.34054120725580944,0.9940473709734757,0.19137533500179416,
alpha_tuning,ridge,17,0.01778279410038923,,15,0.12690516933551868,0.9974889353767792,0.3074485790410976,0.9915905594216237,0.17887182599952212,
alpha_tuning,ridge,17,0.023713737056616554,,1,0.1255125475159478,0.9973952532707138,0.5349145286559834,0.988367020465312,0.19254313499914133,
alpha_tuning,ridge,17,0.023713737056616554,,2,0.1253171871177028,0.9974320002342406,0.2971126035635942,0.9931946417565358,0.18741353199948207,
alpha_tuning,ridge,17,0.023713737056616554,,3,0.12916997170026995,0.9972924581960946,0.2499942604152006,0.9947713667855607,0.19181654400017578,
alpha_tuning,ridge,17,0.023713737056616554,,4,0.1305983124446211,0.997247900203689,0.24544067385393645,0.9950122886692148,0.21932106399981421,
alpha_tuning,ridge,17,0.023713737056616554,,5,0.11708102138100006,0.9974990608764899,0.3222879907147963,0.9937162589211652,0.1841146379993006,
alpha_tuning,ridge,17,0.023713737056616554,,6,0.1259846680049189,0.9975009920275405,0.3331549335025265,0.9910789503716725,0.3177999399995315,
alpha_tuning,ridge,17,0.023713737056616554,,7,0.11896524562526527,0.9974424065152475,0.3189304724093567,0.9939614144874273,0.20027485999889905,
alpha_tuning,ridge,17,0.023713737056616554,,8,0.1211155426749298,0.9974567940684061,0.3268037644087057,0.993242688242805,0.23081468300006236,
alpha_tuning,ridge,17,0.023713737056616554,,9,0.13330551639737154,0.997273444124402,0.24076048617185505,0.9944027431116292,0.1954781560016272,
alpha_tuning,ridge,17,0.023713737056616554,,10,0.1274986120093081,0.9972003531211558,0.25802679966377157,0.9954547486872867,0.32082676000209176,
alpha_tuning,ridge,17,0.023713737056616554,,11,0.1173346496931999,0.9973764838821908,0.31090197955376075,0.9948289491642492,0.19372246399871074,
alpha_tuning,ridge,17,0.023713737056616554,,12,0.12633881715040782,0.9973743142241988,0.28166276255409123,0.9939371426302122,0.17524884700105758,
alpha_tuning,ridge,17,0.023713737056616554,,13,0.12542220167377,0.9975014030633221,0.27650552376329235,0.9927015865579034,0.19933076799861738,
alpha_tuning,ridge,17,0.023713737056616554,,14,0.12610983191613734,0.9972224647074996,0.3297040011064088,0.9942368043416463,0.18855805899875122,
alpha_tuning,ridge,17,0.023713737056616554,,15,0.1296405442158195,0.9974348106856485,0.2908920640179302,0.9920434189850231,0.08101407199865207,
alpha_tuning,ridge,17,0.03162277660168379,,1,0.12805092037129875,0.9973425747256317,0.48771436828431086,0.9893934994076905,0.1909352700022282,
alpha_tuning,ridge,17,0.03162277660168379,,2,0.12794966058083282,0.9973780555887202,0.28622269225145675,0.9934440749573822,0.18571986499955528,
alpha_tuning,ridge,17,0.03162277660168379,,3,0.1316617684337196,0.9972402274513337,0.24779382804677613,0.9948173888572217,0.23889971300013713,
alpha_tuning,ridge,17,0.03162277660168379,,4,0.1332977101589761,0.9971910157634479,0.2377466182651802,0.9951686430649112,0.1813971629999287,
alpha_tuning,ridge,17,0.03162277660168379,,5,0.11966723105540772,0.9974438174828123,0.3131189259424729,0.993895030797947,0.3748117499999353,
alpha_tuning,ridge,17,0.03162277660168379,,6,0.12854991933680984,0.9974501081888062,0.31703441544589656,0.9915106172244056,0.19076067800051533,
alpha_tuning,ridge,17,0.03162277660168379,,7,0.12144703323122087,0.9973890514048691,0.3257839205801632,0.9938316522463885,0.2227632079993782,
alpha_tuning,ridge,17,0.03162277660168379,,8,0.12351958160767762,0.99740631362685,0.3182429172223845,0.9934197006265159,0.25307574800172006,
alpha_tuning,ridge,17,0.03162277660168379,,9,0.13605642910568017,0.9972171785068131,0.2383834151595071,0.9944580058223405,0.2966522909991909,
alpha_tuning,ridge,17,0.03162277660168379,,10,0.1299840971023812,0.9971457762087207,0.25623890192164506,0.9954862432629277,0.19872929499979364,
alpha_tuning,ridge,17,0.03162277660168379,,11,0.12004921642547306,0.9973157881747113,0.30434084595685873,0.9949380766629498,0.2241952209988085,
alpha_tuning,ridge,17,0.03162277660168379,,12,0.12878131918818558,0.9973235519723224,0.2754429236805224,0.9940710261283769,0.1551400590033154,
alpha_tuning,ridge,17,0.03162277660168379,,13,0.12813289714751044,0.997447401974866,0.26967343444003994,0.9928819207945427,0.12847063099980005,
alpha_tuning,ridge,17,0.03162277660168379,,14,0.12865841774546583,0.9971663327867812,0.31919987697102475,0.9944204154668032,0.2696556650007551,
alpha_tuning,ridge,17,0.03162277660168379,,15,0.13244563018820107,0.9973793066255127,0.27583490579600467,0.9924552676191636,0.1665746200014837,
alpha_tuning,ridge,17,0.042169650342858224,,1,0.13066369883077686,0.9972883520500397,0.44651661139055343,0.9902894419127937,0.06103930800236412,
alpha_tuning,ridge,17,0.042169650342858224,,2,0.13058914426918944,0.9973239672896662,0.276971863198144,0.9936559650118657,0.1812780299987935,
alpha_tuning,ridge,17,0.042169650342858224,,3,0.134178884098836,0.9971874659944807,0.24505040578212164,0.9948747675696384,0.2509774410027603,
alpha_tuning,ridge,17,0.042169650342858224,,4,0.13605178795731337,0.9971329790491448,0.2307564948251278,0.9953106925359221,0.19418063199918834,
alpha_tuning,ridge,17,0.042169650342858224,,5,0.12232349375875945,0.9973870777034802,0.3046956181785794,0.9940592624371659,0.16953062799802865,
alpha_tuning,ridge,17,0.042169650342858224,,6,0.13117668472315436,0.9973980041689584,0.3026062920583138,0.9918969660124336,0.07284211500154925,
alpha_tuning,ridge,17,0.042169650342858224,,7,0.12397229898415786,0.9973347615725484,0.3332902571177742,0.9936895283071923,0.17379523600175162,
alpha_tuning,ridge,17,0.042169650342858224,,8,0.12600849817210288,0.9973540509095299,0.309535121022462,0.9935997514706286,0.21271174399953452,
alpha_tuning,ridge,17,0.042169650342858224,,9,0.1388388252134465,0.9971602689455219,0.2360270195334914,0.9945127878667662,0.18563943899789592,
alpha_tuning,ridge,17,0.042169650342858224,,10,0.1324634084242231,0.9970913348615209,0.2549143619342751,0.9955095755955542,0.23831204999805777,
alpha_tuning,ridge,17,0.042169650342858224,,11,0.12279648889283688,0.9972543611911477,0.29910645345975373,0.9950251372527075,0.19033354800194502,
alpha_tuning,ridge,17,0.042169650342858224,,12,0.13128294096179344,0.9972715610414624,0.2704267382437184,0.9941790007025378,0.23936346100163064,
alpha_tuning,ridge,17,0.042169650342858224,,13,0.13088591213108516,0.9973925578187852,0.2634242434178719,0.9930468693248204,0.1933077499998035,
alpha_tuning,ridge,17,0.042169650342858224,,14,0.131290945328579,0.9971083520714041,0.3094261697839813,0.9945912589707866,0.24206076200061943,
alpha_tuning,ridge,17,0.042169650342858224,,15,0.1353318849815166,0.9973221964830099,0.2623672372425535,0.9928236399784789,0.1593421479992685,
alpha_tuning,ridge,17,0.05623413251903491,,1,0.1333642980275657,0.9972323068413003,0.41124269936144897,0.9910565564231697,0.19064825700115762,
alpha_tuning,ridge,17,0.05623413251903491,,2,0.13325770417860125,0.9972692831606979,0.2691341560756983,0.99383548753678,0.21294626300004893,
alpha_tuning,ridge,17,0.05623413251903491,,3,0.13675204603206836,0.9971335297474511,0.24211327382777054,0.9949361977227396,0.1998851600001217,
alpha_tuning,ridge,17,0.05623413251903491,,4,0.1388877153068377,0.9970732175182728,0.22451965035954768,0.9954374342830045,0.21059706899904995,
alpha_tuning,ridge,17,0.05623413251903491,,5,0.12508425053752883,0.9973281058517054,0.2971649565748072,0.994206089899044,0.1821395629995095,
alpha_tuning,ridge,17,0.05623413251903491,,6,0.13388237933092825,0.9973443345240489,0.2899649557229494,0.9922354691455871,0.15415555300205597,
alpha_tuning,ridge,17,0.05623413251903491,,7,0.1265646784290701,0.9972790288857165,0.34065743390614306,0.9935500391994669,0.27287829399938346,
alpha_tuning,ridge,17,0.05623413251903491,,8,0.12861264015876736,0.9972993686680857,0.3008367039653597,0.993779608382483,0.23709128799964674,
alpha_tuning,ridge,17,0.05623413251903491,,9,0.14167133822491723,0.9971023343213379,0.2335352845581502,0.9945707163124863,0.23597179200078244,
alpha_tuning,ridge,17,0.05623413251903491,,10,0.13497710929653073,0.9970361383798448,0.25390254345077495,0.9955273992064984,0.27290270700177643,
alpha_tuning,ridge,17,0.05623413251903491,,11,0.12559212545457815,0.9971918528221498,0.295082590225931,0.9950920638170481,0.18837217500185943,
alpha_tuning,ridge,17,0.05623413251903491,,12,0.13385415195042671,0.9972181238455814,0.26643525676090163,0.9942649182825013,0.17750027700094506,
alpha_tuning,ridge,17,0.05623413251903491,,13,0.13370269338105548,0.9973364433437677,0.25767961071931206,0.9931984999466483,0.20175594500324223,
alpha_tuning,ridge,17,0.05623413251903491,,14,0.13402466255626902,0.9970481426811905,0.3006394886962959,0.9947448493492047,0.15970237600049586,
alpha_tuning,ridge,17,0.05623413251903491,,15,0.1383142128064322,0.9972631853494587,0.2505533849565839,0.9931467765794364,0.28875820000030217,
alpha_tuning,ridge,17,0.07498942093324558,,1,0.13616537935673453,0.9971741763390117,0.38171979830371106,0.9916986016199457,0.18615053000030457,
alpha_tuning,ridge,17,0.07498942093324558,,2,0.13598886554970743,0.9972133162025929,0.2625407229439281,0.9939865099908187,0.18355782499929774,
alpha_tuning,ridge,17,0.07498942093324558,,3,0.1394162308962332,0.9970776855617002,0.2394215294372824,0.9949924955917447,0.22828056800062768,
alpha_tuning,ridge,17,0.07498942093324558,,4,0.14184231786071586,0.9970109551434037,0.21905517482205156,0.9955484803705466,0.1615283150022151,
alpha_tuning,ridge,17,0.07498942093324558,,5,0.12798835994196073,0.9972660718794798,0.2906039395038602,0.9943340119242992,0.1895232839997334,
alpha_tuning,ridge,17,0.07498942093324558,,6,0.13669193628142795,0.997288604685414,0.2791820305957969,0.9925242087094488,0.15436115600095945,
alpha_tuning,ridge,17,0.07498942093324558,,7,0.1292519242354237,0.9972212566991411,0.34726051982886275,0.9934250172826523,0.22951199399904,
alpha_tuning,ridge,17,0.07498942093324558,,8,0.1313703201795045,0.9972414624074086,0.2923767578375732,0.9939545344379951,0.1292526769975666,
alpha_tuning,ridge,17,0.07498942093324558,,9,0.1445768113353771,0.9970429074124236,0.23085265693796891,0.9946330826756912,0.19617605599705712,
alpha_tuning,ridge,17,0.07498942093324558,,10,0.1375749352065691,0.9969790946592412,0.25305773748827504,0.9955422808211796,0.18061913699784782,
alpha_tuning,ridge,17,0.07498942093324558,,11,0.12846284239124955,0.9971276657114139,0.29213606803750225,0.9951410715977219,0.25858046600114903,
alpha_tuning,ridge,17,0.07498942093324558,,12,0.13651051854235924,0.9971629168701398,0.26332473761738034,0.9943318729404126,0.19980964699789183,
alpha_tuning,ridge,17,0.07498942093324558,,13,0.1366124369640254,0.9972784769207109,0.25245570912561754,0.9933363857765324,0.16741450100016664,
alpha_tuning,ridge,17,0.07498942093324558,,14,0.13687656867455086,0.9969853302122967,0.2929684815735813,0.9948789378491818,0.1916457890001766,
alpha_tuning,ridge,17,0.07498942093324558,,15,0.14141350411837128,0.9972018598667285,0.24041471147831614,0.9934240931063983,0.1890991060026863,
alpha_tuning,ridge,17,0.1,,1,0.13908251143380604,0.9971136374495778,0.3576009448651887,0.9922231230405087,0.1883338100014953,
alpha_tuning,ridge,17,0.1,,2,0.13882689199489062,0.9971551593654178,0.25709253639088525,0.9941113005948725,0.2137809899977583,
alpha_tuning,ridge,17,0.1,,3,0.1422099193243202,0.997019126841693,0.23738859021030592,0.9950350145421696,0.35232643999916036,
alpha_tuning,ridge,17,0.1,,4,0.14496022308538514,0.9969452514894046,0.21436618057756676,0.995643767550768,0.20850413600055617,
alpha_tuning,ridge,17,0.1,,5,0.1310800600459437,0.9972000308281035,0.2850498062813617,0.9944423024473501,0.18585767100012163,
alpha_tuning,ridge,17,0.1,,6,0.1396380694426147,0.9972301657469755,0.2702810023507016,0.9927625558168526,0.27869240699874354,
alpha_tuning,ridge,17,0.1,,7,0.1320664458234443,0.997160748253684,0.35260460367343094,0.9933238331372868,0.2009624980018998,
alpha_tuning,ridge,17,0.1,,8,0.13432669711826628,0.9971793838731376,0.2844241240965246,0.9941189708103125,0.15671243600081652,
alpha_tuning,ridge,17,0.1,,9,0.14758344811586105,0.9969814113588381,0.22803471117944027,0.9946985949470725,0.17740406599841663,
alpha_tuning,ridge,17,0.1,,10,0.14031521203231764,0.9969189229652793,0.25225956663988286,0.9955563409385827,0.23034314600226935,
alpha_tuning,ridge,17,0.1,,11,0.13144536121877132,0.997060978792962,0.2901304048195687,0.9951744306212772,0.20394430799933616,
alpha_tuning,ridge,17,0.1,,12,0.13927560702951244,0.997105450339478,0.2609830945314934,0.9943822773599104,0.1611096490014461,
alpha_tuning,ridge,17,0.1,,13,0.13965281548171365,0.9972179080553166,0.2478564903958309,0.9934577829889416,0.18115498099723482,
alpha_tuning,ridge,17,0.1,,14,0.13986681199765322,0.9969194709034951,0.2864568181754331,0.9949927611273311,0.17571907099772943,
alpha_tuning,ridge,17,0.1,,15,0.1446573872997158,0.9971376733537504,0.2319301606974343,0.9936561654934251,0.17244996699810144,
alpha_tuning,ridge,17,0.1333521432163324,,1,0.14213980182730038,0.9970501898715425,0.3383699820339844,0.9926413457378991,0.20783522499914397,
alpha_tuning,ridge,17,0.1333521432163324,,2,0.1418250928681307,0.9970937202339046,0.25275692320642745,0.9942106077281662,0.1921783059988229,
alpha_tuning,ridge,17,0.1333521432163324,,3,0.14517417636052243,0.9969569928198504,0.2363216715963928,0.9950573291588833,0.19271920699975453,
alpha_tuning,ridge,17,0.1333521432163324,,4,0.14829028143002088,0.9968750771301772,0.21045281361903787,0.9957232928568801,0.19157130500025232,
alpha_tuning,ridge,17,0.1333521432163324,,5,0.13440900622501015,0.9971289220212185,0.28053122509288647,0.994530402516388,0.18752539900015108,
alpha_tuning,ridge,17,0.1333521432163324,,6,0.14276124348322705,0.9971682150592414,0.2632223230557677,0.9929515694617611,0.223662766002235,
alpha_tuning,ridge,17,0.1333521432163324,,7,0.13504667459573277,0.9970966773256493,0.3563001137341489,0.9932538628602366,0.28715776999888476,
alpha_tuning,ridge,17,0.1333521432163324,,8,0.13753194730127422,0.9971120794537573,0.27725540437548163,0.9942671982156568,0.14934474999972736,
alpha_tuning,ridge,17,0.1333521432163324,,9,0.15072580727893548,0.9969171393161586,0.2252381463687832,0.9947636101491063,0.14059591499972157,
alpha_tuning,ridge,17,0.1333521432163324,,10,0.1432631751967085,0.9968541908419875,0.2514308190203376,0.9955709396787545,0.19994051699904958,
alpha_tuning,ridge,17,0.1333521432163324,,11,0.13458457573458713,0.9969907882746365,0.2889420496342283,0.9951941958382216,0.21444066900221515,
alpha_tuning,ridge,17,0.1333521432163324,,12,0.14218406687921092,0.9970450041375181,0.2593260549892012,0.9944179455267277,0.19675092900070013,
alpha_tuning,ridge,17,0.1333521432163324,,13,0.14286892064208018,0.9971538384536474,0.2440456332525446,0.9935583712543112,0.1814374819987279,
alpha_tuning,ridge,17,0.1333521432163324,,14,0.14302303779377593,0.9968499558751533,0.28111185962359964,0.9950861905119205,0.21861466100017424,
alpha_tuning,ridge,17,0.1333521432163324,,15,0.14807966184948615,0.9970699570219581,0.22504777112577826,0.9938444150092323,0.26664280299883103,
alpha_tuning,ridge,17,0.1778279410038923,,1,0.1453755242256397,0.9969830393156757,0.3234100686649657,0.9929666843793822,0.19532544200046686,
alpha_tuning,ridge,17,0.1778279410038923,,2,0.14504414447347957,0.9970277554292467,0.24955168236282532,0.9942840237055959,0.1740922139979375,
alpha_tuning,ridge,17,0.1778279410038923,,3,0.1483525493987049,0.9968903706958689,0.2363871811862789,0.9950559590249572,0.22573664499941515,
alpha_tuning,ridge,17,0.1778279410038923,,4,0.15188197242524817,0.9967993893829824,0.20731831737354994,0.9957869903777288,0.15900017199965077,
alpha_tuning,ridge,17,0.1778279410038923,,5,0.13802916950314398,0.9970515925969532,0.27709011308465714,0.9945974948608313,0.36833167700024205,
alpha_tuning,ridge,17,0.1778279410038923,,6,0.1461096405121188,0.9971017968910414,0.2579088014484226,0.9930938521812813,0.2025216280017048,
alpha_tuning,ridge,17,0.1778279410038923,,7,0.138239066712436,0.9970280451697996,0.3580658264877025,0.9932204310988485,0.1923912450001808,
alpha_tuning,ridge,17,0.1778279410038923,,8,0.14103926016040716,0.997038432268018,0.27113217535431927,0.9943938080407656,0.24328571099977125,
alpha_tuning,ridge,17,0.1778279410038923,,9,0.15404592385683652,0.9968492315235346,0.2226914556916525,0.9948228162180164,0.2835632620008255,
alpha_tuning,ridge,17,0.1778279410038923,,10,0.14648863936540388,0.9967833652812194,0.25054971994423886,0.9955864606119966,0.18775994000316132,
alpha_tuning,ridge,17,0.1778279410038923,,11,0.13793198106998622,0.99691594276333,0.28847468518173863,0.9952019692378832,0.18514804399819695,
alpha_tuning,ridge,17,0.1778279410038923,,12,0.1452842725434448,0.9969805729033319,0.25829690509593767,0.9944400982208162,0.195763158997579,
alpha_tuning,ridge,17,0.1778279410038923,,13,0.14631136032830172,0.997085259931345,0.2412066605056565,0.9936333064547934,0.19700485999783268,
alpha_tuning,ridge,17,0.1778279410038923,,14,0.14638477135943195,0.9967759145931951,0.2769391719014618,0.9951591287100715,0.17975423700045212,
alpha_tuning,ridge,17,0.1778279410038923,,15,0.15171998005474727,0.9969979262740354,0.2197008283104396,0.9939906664507637,0.1228892619983526,
alpha_tuning,ridge,17,0.23713737056616552,,1,0.14884588971108162,0.9969110192401809,0.31208891905433467,0.9932128895106216,0.20291787699898123,
alpha_tuning,ridge,17,0.23713737056616552,,2,0.14855173978135652,0.9969558777871117,0.2475253412569735,0.994330437008106,0.225405706998572,
alpha_tuning,ridge,17,0.23713737056616552,,3,0.15179304183424033,0.9968182542668521,0.2376210497442336,0.9950301526479881,0.1892946590014617,
alpha_tuning,ridge,17,0.23713737056616552,,4,0.15578410222881486,0.9967171597550756,0.2049662941963161,0.9958347869082188,0.19819147100133705,
alpha_tuning,ridge,17,0.23713737056616552,,5,0.14199751054833584,0.9969668258323804,0.2747899253728605,0.9946423422781415,0.16739183500249055,
alpha_tuning,ridge,17,0.23713737056616552,,6,0.14973944642927411,0.9970297967495234,0.2542096321749498,0.9931929066131796,0.19446577399867238,
alpha_tuning,ridge,17,0.23713737056616552,,7,0.14170034112929308,0.9969536324045338,0.357760497905107,0.9932262121480581,0.18324575799852028,
alpha_tuning,ridge,17,0.23713737056616552,,8,0.14490333335804692,0.9969572937645749,0.266288329875274,0.9944939640902678,0.18918096700144815,
alpha_tuning,ridge,17,0.23713737056616552,,9,0.1575953957661142,0.9967766326262716,0.22065573507103736,0.9948701431338559,0.21329980300288298,
alpha_tuning,ridge,17,0.23713737056616552,,10,0.15006450643242986,0.9967048454846852,0.24965737257366782,0.9956021796887079,0.1688067460017919,
alpha_tuning,ridge,17,0.23713737056616552,,11,0.1415453752501837,0.9968351499378812,0.28866760433478283,0.995198760526414,0.2040962960018078,
alpha_tuning,ridge,17,0.23713737056616552,,12,0.14864007229976545,0.9969108296851718,0.25787192426529104,0.9944492460333909,0.17311764300029608,
alpha_tuning,ridge,17,0.23713737056616552,,13,0.15003534297443819,0.9970110726542306,0.23950771456978018,0.9936781504408629,0.26587976299924776,
alpha_tuning,ridge,17,0.23713737056616552,,14,0.1500070146690339,0.9966961356538565,0.2739559977171006,0.9952112743208306,0.21806214100070065,
alpha_tuning,ridge,17,0.23713737056616552,,15,0.15562538686988014,0.9969206502344217,0.21582559360995085,0.9940966632195328,0.1793734749990108,
alpha_tuning,ridge,17,0.31622776601683794,,1,0.1526267070668272,0.9968325563945427,0.30382327163859735,0.9933926455315878,0.19182183200246072,
alpha_tuning,ridge,17,0.31622776601683794,,2,0.15242472243238953,0.996876512627636,0.2467429367082832,0.9943483579686485,0.19442182299826527,
alpha_tuning,ridge,17,0.31622776601683794,,3,0.15555298288975714,0.996739441850514,0.23997380603411572,0.9949809447195248,0.2739635569996608,
alpha_tuning,ridge,17,0.31622776601683794,,4,0.1600479603110417,0.9966273074228369,0.2033934283833845,0.995866749828275,0.19417643199994927,
alpha_tuning,ridge,17,0.31622776601683794,,5,0.14637421477692286,0.9968733361215101,0.2737138196873559,0.9946633234182894,0.22135853099825908,
alpha_tuning,ridge,17,0.31622776601683794,,6,0.15371629427980513,0.9969509127500565,0.2519941841429705,0.9932522307289431,0.18773932400290505,
alpha_tuning,ridge,17,0.31622776601683794,,7,0.1455002024042983,0.9968719404751906,0.3554271266411849,0.9932703918772741,0.15708509300020523,
alpha_tuning,ridge,17,0.31622776601683794,,8,0.14918057339585228,0.9968674795095689,0.2629241776615778,0.9945635245659488,0.3326280109977233,
alpha_tuning,ridge,17,0.31622776601683794,,9,0.16143929680172742,0.996698011641656,0.21938921345158982,0.9948995875288704,0.14513397999689914,
alpha_tuning,ridge,17,0.31622776601683794,,10,0.1540680241836948,0.9966169352258981,0.24886314902030748,0.995616170272838,0.2045972529995197,
alpha_tuning,ridge,17,0.31622776601683794,,11,0.14549066062235602,0.9967469362704751,0.28949776253174486,0.9951849529905329,0.17651022300196928,
alpha_tuning,ridge,17,0.31622776601683794,,12,0.15233196579150143,0.9968341014677824,0.2580703301121074,0.9944449753007613,0.19580895100079942,
alpha_tuning,ridge,17,0.31622776601683794,,13,0.1541025268678707,0.9969300482974467,0.23908546438250144,0.9936892958111283,0.18385643500005244,
alpha_tuning,ridge,17,0.31622776601683794,,14,0.15396280456814504,0.9966090104401635,0.27218972515214984,0.9952421486030463,0.18547063799996977,
alpha_tuning,ridge,17,0.31622776601683794,,15,0.15985481735963852,0.9968369627586883,0.2133801071803461,0.994163553015801,0.19763945399972727,
alpha_tuning,ridge,17,0.4216965034285822,,1,0.1568149534733497,0.9967456382230551,0.2981115595018642,0.9935168601992311,0.28401757599931443,
alpha_tuning,ridge,17,0.4216965034285822,,2,0.156754623874104,0.9967877842884207,0.24728420526143932,0.9943359602232619,0.20327376800196362,
alpha_tuning,ridge,17,0.4216965034285822,,3,0.1597072289884226,0.9966523643755576,0.24337505759994385,0.9949098074987014,0.18997225099883508,
alpha_tuning,ridge,17,0.4216965034285822,,4,0.16473665695302422,0.9965285024625596,0.20258731518734052,0.9958831312204001,0.19135315399762476,
alpha_tuning,ridge,17,0.4216965034285822,,5,0.15122664750973705,0.996769684490165,0.27396019041110903,0.9946585198578649,0.06841499399888562,
alpha_tuning,ridge,17,0.4216965034285822,,6,0.15811961811675004,0.9968635692538351,0.2511672196400543,0.9932743747545285,0.1915702619990043,
alpha_tuning,ridge,17,0.4216965034285822,,7,0.14972621577058112,0.9967810868465088,0.3513258616231788,0.9933480446626409,0.18739525599812623,
alpha_tuning,ridge,17,0.4216965034285822,,8,0.1539332878237304,0.9967676811578693,0.2612050549574315,0.9945990708151843,0.21035148699957062,
alpha_tuning,ridge,17,0.4216965034285822,,9,0.16566264342216477,0.9966116296909772,0.2191277579607067,0.9949056659081369,0.18705925599715556,
alpha_tuning,ridge,17,0.4216965034285822,,10,0.1585864708884886,0.9965177180264718,0.2483499430768334,0.9956252106128,0.19275567099975888,
alpha_tuning,ridge,17,0.4216965034285822,,11,0.14984687675495525,0.9966495344947301,0.2909789121864792,0.9951603178943814,0.19130826899709064,
alpha_tuning,ridge,17,0.4216965034285822,,12,0.15645941848533598,0.9967483210712825,0.2589664781795385,0.9944256855023308,0.16030062600111705,
alpha_tuning,ridge,17,0.4216965034285822,,13,0.15858698443355387,0.9968407112280383,0.24005456857471985,0.9936637161302344,0.2029535859983298,
alpha_tuning,ridge,17,0.4216965034285822,,14,0.15834568433927465,0.996512478686357,0.27167340230400566,0.9952511738790112,0.20051538700136007,
alpha_tuning,ridge,17,0.4216965034285822,,15,0.16448735619004598,0.9967452990035107,0.21236406504630978,0.9941913441540068,0.19862748800005647,
alpha_tuning,ridge,17,0.5623413251903491,,1,0.16153386437478973,0.99664770723544,0.29454493225173733,0.9935944249307647,0.1643189380010881,
alpha_tuning,ridge,17,0.5623413251903491,,2,0.16165749707319588,0.9966873146121026,0.24925629847612185,0.9942907894676142,0.19937438600027235,
alpha_tuning,ridge,17,0.5623413251903491,,3,0.1643603240336288,0.9965548304891085,0.24780137249238673,0.9948172310650434,0.1992257099991548,
alpha_tuning,ridge,17,0.5623413251903491,,4,0.16994171125449248,0.9964188162911634,0.20253980541703753,0.9958840966880055,0.18827734500155202,
alpha_tuning,ridge,17,0.5623413251903491,,5,0.15663918258356305,0.9966540686494092,0.2756422661655428,0.9946257239460706,0.18016766400251072,
alpha_tuning,ridge,17,0.5623413251903491,,6,0.16305232597085084,0.9967657249966853,0.25170212852581636,0.9932600512424425,0.27294393999909516,
alpha_tuning,ridge,17,0.5623413251903491,,7,0.15449362673684994,0.9966785938943664,0.3459379337073165,0.9934500589455965,0.29176679600277566,
alpha_tuning,ridge,17,0.5623413251903491,,8,0.15924107802893034,0.9966562272252412,0.26126677122160336,0.9945977947098179,0.18795985399992787,
alpha_tuning,ridge,17,0.5623413251903491,,9,0.17038020707175594,0.9965151393038205,0.2200869776721733,0.994883365740768,0.2057516120003129,
alpha_tuning,ridge,17,0.5623413251903491,,10,0.16372845770554612,0.9964048089750197,0.24837934102588313,0.9956246927554817,0.3342022069991799,
alpha_tuning,ridge,17,0.5623413251903491,,11,0.15471636705435962,0.9965406562876582,0.2931634309667828,0.9951239840708374,0.25009851199865807,
alpha_tuning,ridge,17,0.5623413251903491,,12,0.16114728092038408,0.9966508937406153,0.260703919512777,0.9943882866680075,0.18984235700190766,
alpha_tuning,ridge,17,0.5623413251903491,,13,0.163586431396377,0.996741114803325,0.24254020236868354,0.9935981073754903,0.2248888200010697,
alpha_tuning,ridge,17,0.5623413251903491,,14,0.163274541613211,0.9964039219241915,0.272448661525616,0.9952376224190196,0.1933113749983022,
alpha_tuning,ridge,17,0.5623413251903491,,15,0.16963505423728772,0.9966434418252325,0.21283822455110002,0.9941783747781435,0.21019120100027067,
alpha_tuning,ridge,17,0.7498942093324559,,1,0.16694492935558636,0.9965354120578691,0.2928136152589028,0.9936320765069825,0.1983674909970432,
alpha_tuning,ridge,17,0.7498942093324559,,2,0.16728878726757043,0.996571918214907,0.25281726715174196,0.9942092255513054,0.19414268499895115,
alpha_tuning,ridge,17,0.7498942093324559,,3,0.16966352081077557,0.9964436697697907,0.253334847229345,0.9947014983688093,0.2120823110017227,
alpha_tuning,ridge,17,0.7498942093324559,,4,0.175806778314834,0.9962952216630249,0.2032810047992971,0.9958690344389527,0.17427985500034993,
alpha_tuning,ridge,17,0.7498942093324559,,5,0.1627306576534917,0.9965239501370955,0.2788954896436022,0.9945622949180067,0.17383766000057221,
alpha_tuning,ridge,17,0.7498942093324559,,6,0.16865773873008233,0.9966545370926643,0.2536723548365534,0.9932072935464591,0.22118253300141077,
alpha_tuning,ridge,17,0.7498942093324559,,7,0.15996248192611515,0.9965610208306738,0.33993945160769456,0.993563633377135,0.19311459099844797,
alpha_tuning,ridge,17,0.7498942093324559,,8,0.16522193303847993,0.9965306401568901,0.263233715542213,0.9945571242603589,0.24818147499900078,
alpha_tuning,ridge,17,0.7498942093324559,,9,0.17575053571815155,0.996405297629444,0.22248230572154307,0.9948276785861296,0.21612673200070276,
alpha_tuning,ridge,17,0.7498942093324559,,10,0.16964147733763288,0.996274969389344,0.24929661919936194,0.9956085345121227,0.23620986699825153,
alpha_tuning,ridge,17,0.7498942093324559,,11,0.1602421946843328,0.996417102862567,0.2961524674300503,0.995074269175089,0.19331599899669527,
alpha_tuning,ridge,17,0.7498942093324559,,12,0.16655919194932267,0.996538418587459,0.26351302704428353,0.9943278199661068,0.220348341998033,
alpha_tuning,ridge,17,0.7498942093324559,,13,0.16923960924878237,0.9966284950862732,0.24672435891102856,0.9934876658047872,0.16688566300217644,
alpha_tuning,ridge,17,0.7498942093324559,,14,0.16890416287781299,0.996279931022703,0.2745814155360534,0.9952003420747956,0.18446009300168953,
alpha_tuning,ridge,17,0.7498942093324559,,15,0.17546073609683116,0.9965281694237988,0.2149393190024125,0.9941209049111727,0.2110737360017083,
alpha_tuning,ridge,17,1.0,,1,0.17326813053755763,0.996404187427955,0.29272304766054735,0.9936340461132687,0.18418549399939366,
alpha_tuning,ridge,17,1.0,,2,0.17386301131752255,0.9964371992173885,0.2582008733792302,0.9940859141583172,0.16677046599943424,
alpha_tuning,ridge,17,1.0,,3,0.17583692937958287,0.9963142684735559,0.26020537487698564,0.994557801193524,0.1854313040021225,
alpha_tuning,ridge,17,1.0,,4,0.182556616517586,0.9961529822420461,0.20493071897006027,0.995835509848538,0.2114587459982431,
alpha_tuning,ridge,17,1.0,,5,0.1696800087784672,0.9963755067437389,0.28389440161906065,0.9944648297023156,0.1944075179999345,
alpha_tuning,ridge,17,1.0,,6,0.17514382547344154,0.9965258803065775,0.25728074137189416,0.9931106700475316,0.17605130200172425,
alpha_tuning,ridge,17,1.0,,7,0.1663620633266712,0.9964234383996942,0.33415924105790173,0.9936730750852977,0.1983114869981364,
alpha_tuning,ridge,17,1.0,,8,0.1720624158360332,0.996387002469757,0.2672540117933622,0.9944739967138496,0.1955830959996092,
alpha_tuning,ridge,17,1.0,,9,0.18199480378413643,0.9962775808909005,0.22655713910210204,0.994732945893191,0.16034625099928235,
alpha_tuning,ridge,17,1.0,,10,0.17653528570805868,0.9961235933956493,0.2515368544728636,0.9955690718193677,0.22715054599757423,
alpha_tuning,ridge,17,1.0,,11,0.1666335681551107,0.996274196471664,0.3001177528436864,0.9950083169013801,0.1885890070007008,
alpha_tuning,ridge,17,1.0,,12,0.17291888317929113,0.9964062458223686,0.2677337578248044,0.9942369677409615,0.39782099800140713,
alpha_tuning,ridge,17,1.0,,13,0.17574958782185363,0.996498806623597,0.25289299329169135,0.9933248435816704,0.17163584100126172,
alpha_tuning,ridge,17,1.0,,14,0.17544407727483566,0.9961358911586284,0.2781917671906079,0.9951372334594593,0.21088098099789931,
alpha_tuning,ridge,17,1.0,,15,0.18220005307256792,0.9963948189816454,0.21888533833797966,0.9940129720164198,0.15779796199785778,
alpha_tuning,ridge,17,1.333521432163324,,1,0.18080907743218436,0.9962476910684416,0.29423055315264374,0.9936012618466269,0.18376912899839226,
alpha_tuning,ridge,17,1.333521432163324,,2,0.1816762672656818,0.9962770899785349,0.26572968663439395,0.9939134668412561,0.2207181749981828,
alpha_tuning,ridge,17,1.333521432163324,,3,0.18319531881991885,0.9961600287012863,0.2688155861486564,0.9943777185125712,0.16543645600177115,
alpha_tuning,ridge,17,1.333521432163324,,4,0.1905274615434727,0.9959850125297156,0.20775767451606553,0.995778062001826,0.2589805190000334,
alpha_tuning,ridge,17,1.333521432163324,,5,0.17775833675317673,0.9962029475514275,0.29087961258706324,0.9943286370473966,0.18874932900143904,
alpha_tuning,ridge,17,1.333521432163324,,6,0.18281206631389105,0.9963737745361018,0.2628834393102757,0.9929606439145389,0.21623028999965754,
alpha_tuning,ridge,17,1.333521432163324,,7,0.17401949617423043,0.9962588138468854,0.32954014449134045,0.9937605324216798,0.16105866200086894,
alpha_tuning,ridge,17,1.333521432163324,,8,0.1800521046932316,0.9962192335472516,0.27354966545074566,0.9943438216696446,0.19523979099903954,
alpha_tuning,ridge,17,1.333521432163324,,9,0.18942044789750867,0.996125700952736,0.23261055171869977,0.9945922147208747,0.2078650120020029,
alpha_tuning,ridge,17,1.333521432163324,,10,0.18470893515209838,0.9959441143268646,0.2556335989432258,0.9954969059311498,0.2847415359974548,
alpha_tuning,ridge,17,1.333521432163324,,11,0.17419731921956774,0.9961050765835442,0.3053346662581468,0.9949215470309837,0.19052459100203123,
alpha_tuning,ridge,17,1.333521432163324,,12,0.1805374197463739,0.9962479106127489,0.2738432708904533,0.994105459031823,0.1712429620019975,
alpha_tuning,ridge,17,1.333521432163324,,13,0.1834106888857753,0.9963461860875641,0.26147145511577363,0.993098413526179,0.15846904199861456,
alpha_tuning,ridge,17,1.333521432163324,,14,0.18318541056184764,0.9959653903650822,0.2834967622673272,0.9950445026327446,0.17342807199747767,
alpha_tuning,ridge,17,1.333521432163324,,15,0.1901855129970834,0.9962368111871513,0.2249683810702227,0.993846586513673,0.08911123999860138,
alpha_tuning,ridge,17,1.7782794100389228,,1,0.18998977008339363,0.9960571652634197,0.2975104115502395,0.9935299335809472,0.26723821999985375,
alpha_tuning,ridge,17,1.7782794100389228,,2,0.19112843838989182,0.9960833960903207,0.27580490317643874,0.993682694207828,0.18465709000156494,
alpha_tuning,ridge,17,1.7782794100389228,,3,0.19217433437937495,0.9959718188591291,0.27975188098946807,0.9941489857634569,0.18474819300172385,
alpha_tuning,ridge,17,1.7782794100389228,,4,0.20019350111095316,0.9957813199625848,0.21223448704692754,0.9956870866625093,0.1971500180006842,
alpha_tuning,ridge,17,1.7782794100389228,,5,0.18736292760682682,0.9959977862302511,0.3001930444844193,0.9941470504035116,0.19237201099895174,
alpha_tuning,ridge,17,1.7782794100389228,,6,0.19208620504566085,0.9961898144797282,0.2710026368133559,0.9927432322643326,0.1899915059984778,
alpha_tuning,ridge,17,1.7782794100389228,,7,0.1833873118060096,0.9960574183544433,0.3271183405535308,0.9938063865229284,0.18761140200149384,
alpha_tuning,ridge,17,1.7782794100389228,,8,0.18961483708625665,0.9960184335738786,0.28247215658526764,0.9941593315847281,0.19814972600215697,
alpha_tuning,ridge,17,1.7782794100389228,,9,0.19844840880170245,0.995941048130308,0.24102412918344865,0.9943966138763624,0.21011414699751185,
alpha_tuning,ridge,17,1.7782794100389228,,10,0.19457754872883115,0.9957274168055096,0.26222918050718397,0.9953807219696359,0.18560600699856877,
alpha_tuning,ridge,17,1.7782794100389228,,11,0.1833706955732022,0.9958999666626349,0.3122226261382883,0.9948069836218154,0.20780982699943706,
alpha_tuning,ridge,17,1.7782794100389228,,12,0.18984223900570035,0.9960545295749438,0.28248668841516855,0.9939194074318007,0.17342129399912665,
alpha_tuning,ridge,17,1.7782794100389228,,13,0.1926348210743059,0.9961624276451017,0.2730402313799274,0.9927930535787691,0.20308502899933956,
alpha_tuning,ridge,17,1.7782794100389228,,14,0.19253172475166785,0.9957595402967522,0.2908602417417398,0.9949157896878155,0.20740721900074277,
alpha_tuning,ridge,17,1.7782794100389228,,15,0.19986953426429352,0.9960451940659424,0.23353824525888567,0.9936121806046131,0.2725784680005745,
alpha_tuning,ridge,17,2.371373705661655,,1,0.20137887945629143,0.9958208084530795,0.3030474976010076,0.9934095165698927,0.18465017500057002,
alpha_tuning,ridge,17,2.371373705661655,,2,0.20274295631625186,0.9958453913920005,0.288870519804974,0.9933834265202157,0.2016286400030367,
alpha_tuning,ridge,17,2.371373705661655,,3,0.20335337349422353,0.995737494152446,0.2937874643400242,0.9938554313547722,0.24836313400010113,
alpha_tuning,ridge,17,2.371373705661655,,4,0.21218365884742485,0.9955286512255498,0.21907620036972625,0.9955480531008495,0.2825608560015098,
alpha_tuning,ridge,17,2.371373705661655,,5,0.19904730930315942,0.9957481990044675,0.3123165036587544,0.9939106758545798,0.19802795400028117,
alpha_tuning,ridge,17,2.371373705661655,,6,0.2035358433181934,0.9959627016272047,0.28232296286182645,0.9924401024579522,0.2002626510002301,
alpha_tuning,ridge,17,2.371373705661655,,7,0.19506497019991972,0.9958063643355283,0.328026573740367,0.9937891901612179,0.16949922099956893,
alpha_tuning,ridge,17,2.371373705661655,,8,0.20133031852799632,0.9957724297890954,0.2945504420935254,0.9939095892330163,0.1982105560018681,
alpha_tuning,ridge,17,2.371373705661655,,9,0.20964121590209822,0.9957121167643093,0.25229529049173194,0.9941345792448668,0.18832547999772942,
alpha_tuning,ridge,17,2.371373705661655,,10,0.20669460793727365,0.9954613473443674,0.27208301420755204,0.9952071425173457,0.20203275700259837,
alpha_tuning,ridge,17,2.371373705661655,,11,0.19474919261477075,0.9956455518715817,0.3213870099658038,0.994654557784198,0.1850936120026745,
alpha_tuning,ridge,17,2.371373705661655,,12,0.20140315574802858,0.9958142603106731,0.29450858861230145,0.9936606331957317,0.2641348460019799,
alpha_tuning,ridge,17,2.371373705661655,,13,0.20397259978784393,0.995936562217894,0.28832949854967815,0.9923894905992207,0.17812203299763496,
alpha_tuning,ridge,17,2.371373705661655,,14,0.20402760866131203,0.9955063465307121,0.3008381459826993,0.9947413768380836,0.16198551900015445,
alpha_tuning,ridge,17,2.371373705661655,,15,0.21184436892886224,0.9958082487637726,0.24498721838514204,0.993299024305472,0.057573277001210954,
alpha_tuning,ridge,17,3.1622776601683795,,1,0.21571663309003505,0.995523258784764,0.3117410483635472,0.9932204547802298,0.20300377500097966,
alpha_tuning,ridge,17,3.1622776601683795,,2,0.21718470964208111,0.995549450986611,0.30536468666066524,0.9930056279582088,0.18711775300107547,
alpha_tuning,ridge,17,3.1622776601683795,,3,0.21747203525593478,0.9954415517872673,0.31188403717678187,0.9934769412980619,0.1805551440011186,
alpha_tuning,ridge,17,3.1622776601683795,,4,0.2272838458834635,0.9952104448039794,0.22924994385186495,0.9953413078420235,0.23108782000053907,
alpha_tuning,ridge,17,3.1622776601683795,,5,0.21354259505289988,0.9954385687432145,0.3279088731661113,0.9936066669693202,0.19203856800231733,
alpha_tuning,ridge,17,3.1622776601683795,,6,0.21789111287264426,0.9956779532238357,0.29766970213666305,0.9920291554512114,0.17641774599906057,
alpha_tuning,ridge,17,3.1622776601683795,,7,0.20981135174897936,0.9954893368778425,0.33352012883623816,0.9936851759478258,0.19323166899994249,
alpha_tuning,ridge,17,3.1622776601683795,,8,0.21594367418352647,0.9954655759207741,0.310520801395453,0.9935793705867507,0.2915503139993234,
alpha_tuning,ridge,17,3.1622776601683795,,9,0.223727504774334,0.9954240037534757,0.2670861498998369,0.9937907178371114,0.19196007500067935,
alpha_tuning,ridge,17,3.1622776601683795,,10,0.2217669718242696,0.9951303845531023,0.28607439780521804,0.9949606783719668,0.1735423489990353,
alpha_tuning,ridge,17,3.1622776601683795,,11,0.20910337897290798,0.995324602864898,0.33365660427341576,0.9944504847963394,0.23207793300025514,
alpha_tuning,ridge,17,3.1622776601683795,,12,0.21595070836827543,0.9955119201206251,0.31098078689782505,0.9933060652440919,0.18034916200122098,
alpha_tuning,ridge,17,3.1622776601683795,,13,0.21812599825191012,0.9956546054544664,0.3081954880941669,0.9918651242026341,0.18986098000095808,
alpha_tuning,ridge,17,3.1622776601683795,,14,0.21837954589956432,0.995190248954581,0.3142036755877611,0.9945077486081167,0.18909537899889983,
alpha_tuning,ridge,17,3.1622776601683795,,15,0.22685790780416604,0.9955111768120426,0.2597510960629484,0.9928951975828859,0.19766459099992062,
alpha_tuning,ridge,17,4.216965034285822,,1,0.23392758122411386,0.9951453291790932,0.32497454435587725,0.9929326611612418,0.47260140299840714,
alpha_tuning,ridge,17,4.216965034285822,,2,0.2352783456910312,0.9951786762014109,0.3256846973987588,0.9925401985185782,0.2040067599991744,
alpha_tuning,ridge,17,4.216965034285822,,3,0.23543746011685415,0.9950649771221529,0.33519740320239566,0.9929893419438229,0.20332826200319687,
alpha_tuning,ridge,17,4.216965034285822,,4,0.2464225021842684,0.9948071356714097,0.24394401343238184,0.9950427029849258,0.20666074799737544,
alpha_tuning,ridge,17,4.216965034285822,,5,0.23176841461069272,0.995049251459743,0.3478436309509601,0.9932179932985717,0.2505590780019702,
alpha_tuning,ridge,17,4.216965034285822,,6,0.23604637864494582,0.9953178288164329,0.31797093124395387,0.9914855396911859,0.2045710649981629,
alpha_tuning,ridge,17,4.216965034285822,,7,0.22854711182491028,0.9950865431236646,0.34502087246178176,0.9934674224565511,0.18194905800191918,
alpha_tuning,ridge,17,4.216965034285822,,8,0.2343643720843525,0.9950787747957425,0.33133375658919123,0.9931490217286613,0.18894852900120895,
alpha_tuning,ridge,17,4.216965034285822,,9,0.24161745728734096,0.995058092751015,0.28629241228957225,0.993344206093552,0.18786553999962052,
alpha_tuning,ridge,17,4.216965034285822,,10,0.24066173984225206,0.9947154884418868,0.3051993029339165,0.9946237850715228,0.2976538980001351,
alpha_tuning,ridge,17,4.216965034285822,,11,0.22738038171181083,0.9949159425808631,0.35011136442798024,0.9941768023920926,0.20038486900011776,
alpha_tuning,ridge,17,4.216965034285822,,12,0.23438249789273663,0.9951288542611487,0.33321751451047815,0.9928274144396199,0.2056559049997304,
alpha_tuning,ridge,17,4.216965034285822,,13,0.23595159396676346,0.9952994930560775,0.3335830501029887,0.9911950148995524,0.20721841499835136,
alpha_tuning,ridge,17,4.216965034285822,,14,0.23646614035235444,0.9947918965529445,0.3319377889677893,0.994197757934987,0.2681563799997093,
alpha_tuning,ridge,17,4.216965034285822,,15,0.2458237502595079,0.9951359008773542,0.2783388232857524,0.9923867795961944,0.19953180700031226,
alpha_tuning,ridge,17,5.623413251903491,,1,0.2571134593941074,0.9946641554516518,0.34459396081408966,0.9925059906224656,0.18507179300286225,
alpha_tuning,ridge,17,5.623413251903491,,2,0.258028098050216,0.9947124882819949,0.35019685999161754,0.991978747924542,0.1942273090025992,
alpha_tuning,ridge,17,5.623413251903491,,3,0.25831956328130057,0.9945853435814507,0.36508866548064556,0.9923641658037388,0.1931107089985744,
alpha_tuning,ridge,17,5.623413251903491,,4,0.2706423597729939,0.9942967503234759,0.26449174557324184,0.9946251431941558,0.2506224709977687,
alpha_tuning,ridge,17,5.623413251903491,,5,0.25483477603637095,0.99455653654279,0.37325906469846715,0.9927224613219647,0.2198522380022041,
alpha_tuning,ridge,17,5.623413251903491,,6,0.2590530512957248,0.9948614728226082,0.3442103751386382,0.9907829135023938,0.17162439100138727,
alpha_tuning,ridge,17,5.623413251903491,,7,0.25234685258765915,0.9945748805654638,0.3641760114282171,0.9931047417011494,0.15050556899950607,
alpha_tuning,ridge,17,5.623413251903491,,8,0.25765718813770283,0.9945896680581423,0.35813902091856703,0.9925947700720583,0.17751389899785863,
alpha_tuning,ridge,17,5.623413251903491,,9,0.26440423729908014,0.9945920247996951,0.3111296097631857,0.9927667850355641,0.20860943400111864,
alpha_tuning,ridge,17,5.623413251903491,,10,0.26440565021515045,0.9941941136322364,0.3305658724901797,0.9941769422097546,0.19000381300065783,
alpha_tuning,ridge,17,5.623413251903491,,11,0.2506888511192487,0.9943947824177589,0.3720975055692046,0.993811119762196,0.20890404300007503,
alpha_tuning,ridge,17,5.623413251903491,,12,0.25775450686819157,0.9946431163628298,0.3627664208182679,0.9921913672647898,0.17360840200126404,
alpha_tuning,ridge,17,5.623413251903491,,13,0.25845628717897534,0.9948511660711378,0.36548131734920375,0.9903530543510584,0.23987717800264363,
alpha_tuning,ridge,17,5.623413251903491,,14,0.2593376950556431,0.9942881566825672,0.35517954296144905,0.993791494209769,0.2139621479982452,
alpha_tuning,ridge,17,5.623413251903491,,15,0.2698218742578667,0.9946610515035148,0.3013928282800806,0.9917561984248712,0.16814390199942864,
alpha_tuning,ridge,17,7.498942093324558,,1,0.28652449959859155,0.994053791688875,0.3727586840868302,0.9918934822087285,0.193517633000738,
alpha_tuning,ridge,17,7.498942093324558,,2,0.28663995102936146,0.9941261741982022,0.3793201088021836,0.9913116804928939,0.3502413210007944,
alpha_tuning,ridge,17,7.498942093324558,,3,0.28733389379064206,0.9939771719473447,0.4031398564921372,0.9915683246478608,0.21179235100134974,
alpha_tuning,ridge,17,7.498942093324558,,4,0.30107121181365637,0.993655522761377,0.2922653459300181,0.9940607432557876,0.18306302899873117,
alpha_tuning,ridge,17,7.498942093324558,,5,0.2840395610807706,0.9939327002570306,0.4056433819187257,0.9920910550322807,0.1991357139995671,
alpha_tuning,ridge,17,7.498942093324558,,6,0.2881073002840397,0.9942851582519114,0.37738742479321535,0.9898945157128779,0.1921694210032001,
alpha_tuning,ridge,17,7.498942093324558,,7,0.2824248982620827,0.9939282428584035,0.3929370835326517,0.992560183534525,0.2156384989975777,
alpha_tuning,ridge,17,7.498942093324558,,8,0.2870292983973735,0.9939729072082462,0.39225650136046936,0.9918893239394746,0.2052003139979206,
alpha_tuning,ridge,17,7.498942093324558,,9,0.2933519797633044,0.9939999439958831,0.3432282571025949,0.9920205480687571,0.19987972099988838,
alpha_tuning,ridge,17,7.498942093324558,,10,0.29418164511211353,0.9935402847797963,0.36340318983928427,0.9935984989628458,0.17850534099852666,
alpha_tuning,ridge,17,7.498942093324558,,11,0.28027306450789274,0.9937333012537485,0.40123365789740206,0.993326515176971,0.17239224600052694,
alpha_tuning,ridge,17,7.498942093324558,,12,0.28726073824435044,0.9940298915933621,0.4013722062883497,0.9913603686307095,0.19370312799946987,
alpha_tuning,ridge,17,7.498942093324558,,13,0.28679241648431913,0.99428666819967,0.40488900289366225,0.9893128813448011,0.189639738000551,
alpha_tuning,ridge,17,7.498942093324558,,14,0.28821095619910336,0.9936522308343045,0.3851539783670465,0.9932675438318196,0.2157249160009087,
alpha_tuning,ridge,17,7.498942093324558,,15,0.3000889645472599,0.994062158487009,0.32977346789815337,0.9909799212887437,0.38084447500295937,
alpha_tuning,ridge,17,10.0,,1,0.323527689694412,0.9932858689569823,0.41169276968511503,0.9910467685812175,0.3280068299973209,
alpha_tuning,ridge,17,10.0,,2,0.3225544498183855,0.9933902142983765,0.4137108029869582,0.9905239623302791,0.18698034800036112,
alpha_tuning,ridge,17,10.0,,3,0.32382445454616027,0.9932122904706903,0.45117611380198136,0.9905636457002304,0.220557419997931,
alpha_tuning,ridge,17,10.0,,4,0.3389208016868999,0.9928579179023956,0.32858765571181714,0.9933226211132173,0.2145572199988237,
alpha_tuning,ridge,17,10.0,,5,0.3208736336611155,0.9931458966221817,0.44697985120545297,0.9912851060748438,0.24908656399929896,
alpha_tuning,ridge,17,10.0,,6,0.3245518682409805,0.9935622507162606,0.4185184229011917,0.988793131226308,0.2066882209983305,
alpha_tuning,ridge,17,10.0,,7,0.3201311525846623,0.9931176088796899,0.4336808369853679,0.9917887469343508,0.19508760800090386,
alpha_tuning,ridge,17,10.0,,8,0.3238266474636184,0.9932002298594489,0.43515445352490717,0.9910023242531496,0.1119906189996982,
alpha_tuning,ridge,17,10.0,,9,0.32988603278438783,0.9932526970730542,0.38473074092419596,0.9910556884809212,0.1720920850020775,
alpha_tuning,ridge,17,10.0,,10,0.33133789969012944,0.992724398312332,0.405114291021326,0.9928637402569693,0.20529852699837647,
alpha_tuning,ridge,17,10.0,,11,0.3174964169163604,0.9929010145826087,0.4394260217117686,0.9926912839214318,0.19534861599822761,
alpha_tuning,ridge,17,10.0,,12,0.32421994299200274,0.9932617724960042,0.4509348522631019,0.990293520991038,0.24118636600178434,
alpha_tuning,ridge,17,10.0,,13,0.32226949467291177,0.9935799119978066,0.45282229685646264,0.9880476733582817,0.1924933129994315,
alpha_tuning,ridge,17,10.0,,14,0.32447835476353704,0.9928534510885121,0.4231350315242392,0.9926036385109236,0.20350333299938939,
alpha_tuning,ridge,17,10.0,,15,0.338012727205084,0.9933117633747522,0.36466823151214484,0.9900254675650557,0.29538263799986453,
